raw_record_id,source_file,page,table_number_on_page,row_number,raw_row,col_01,col_02,col_03,col_04,col_05,col_06,col_07,col_08,col_09,col_10,col_11,col_12,col_13,col_14,col_15,col_16,col_17,col_18,col_19,col_20
1,Bi-Annual Energy & Petroleum Statistics Report 2024_2025.pdf,9,1,1,DIRECTOR GENERAL’S MESSAGE,DIRECTOR GENERAL’S MESSAGE,,,,,,,,,,,,,,,,,,,
2,Bi-Annual Energy & Petroleum Statistics Report 2024_2025.pdf,10,1,1,"MESSAGE BY THE DIRECTOR, ECONOMIC REGULATION AND STRATEGY","MESSAGE BY THE DIRECTOR, ECONOMIC REGULATION AND STRATEGY",,,,,,,,,,,,,,,,,,,
3,Bi-Annual Energy & Petroleum Statistics Report 2024_2025.pdf,13,1,1,Technology | Interconnected Capacity (MW) | Captive Capacity (MW) | Offgrid Capacity | Total Installed Capacity | % Total Installed,Technology,Interconnected Capacity (MW),,Captive Capacity (MW),Offgrid Capacity,Total Installed Capacity,% Total Installed,,,,,,,,,,,,,
4,Bi-Annual Energy & Petroleum Statistics Report 2024_2025.pdf,13,1,2,Installed | Effective,,Installed,Effective,,,,,,,,,,,,,,,,,
5,Bi-Annual Energy & Petroleum Statistics Report 2024_2025.pdf,13,1,3,Hydro | 839.5 | 809.7 | 33.0 | 0.1 | 872.5 | 24.16%,Hydro,839.5,809.7,33.0,0.1,872.5,24.16%,,,,,,,,,,,,,
6,Bi-Annual Energy & Petroleum Statistics Report 2024_2025.pdf,13,1,4,Geothermal | 940.0 | 876.1 | 3.7 | 943.7 | 26.13%,Geothermal,940.0,876.1,3.7,,943.7,26.13%,,,,,,,,,,,,,
7,Bi-Annual Energy & Petroleum Statistics Report 2024_2025.pdf,13,1,5,Thermal | 564.8 | 558.4 | 21.3 | 41.0 | 627.1 | 17.36%,Thermal,564.8,558.4,21.3,41.0,627.1,17.36%,,,,,,,,,,,,,
8,Bi-Annual Energy & Petroleum Statistics Report 2024_2025.pdf,13,1,6,Wind | 435.5 | 425.5 | - | 0.6 | 436.1 | 12.07%,Wind,435.5,425.5,-,0.6,436.1,12.07%,,,,,,,,,,,,,
9,Bi-Annual Energy & Petroleum Statistics Report 2024_2025.pdf,13,1,7,Solar | 210.3 | 210.3 | 271.3 | 3.4 | 484.9 | 13.43%,Solar,210.3,210.3,271.3,3.4,484.9,13.43%,,,,,,,,,,,,,
10,Bi-Annual Energy & Petroleum Statistics Report 2024_2025.pdf,13,1,8,Bioenergy | 2.0 | 2.0 | 161.8 | 163.8 | 4.54%,Bioenergy,2.0,2.0,161.8,,163.8,4.54%,,,,,,,,,,,,,
11,Bi-Annual Energy & Petroleum Statistics Report 2024_2025.pdf,13,1,9,Imports | 200.0 | 200.0 | - | 200.0,Imports,200.0,200.0,-,,200.0,,,,,,,,,,,,,,
12,Bi-Annual Energy & Petroleum Statistics Report 2024_2025.pdf,13,1,10,WHRC | - | - | 83.5 | 83.5 | 2.31%,WHRC,-,-,83.5,,83.5,2.31%,,,,,,,,,,,,,
13,Bi-Annual Energy & Petroleum Statistics Report 2024_2025.pdf,13,1,11,"Total | 3,192.0 | 3,082.0 | 574.6 | 45.0 | 3,811.6 | 100.00%",Total,"3,192.0","3,082.0",574.6,45.0,"3,811.6",100.00%,,,,,,,,,,,,,
14,Bi-Annual Energy & Petroleum Statistics Report 2024_2025.pdf,14,1,7,"1,167.91",,,,"1,167.91",,,,,,,,,,,,,,,,
15,Bi-Annual Energy & Petroleum Statistics Report 2024_2025.pdf,14,3,1,H,,H,,,,,,,,,,,,,,,,,,
16,Bi-Annual Energy & Petroleum Statistics Report 2024_2025.pdf,16,2,3,"2,415.44",,,,,"2,415.44",,,,,,,,,,,,,,,
17,Bi-Annual Energy & Petroleum Statistics Report 2024_2025.pdf,16,2,7,759.42 | 988.21 | 353.90 | 586.09,759.42,,988.21,353.90,,,586.09,,,,,,,,,,,,,
18,Bi-Annual Energy & Petroleum Statistics Report 2024_2025.pdf,17,1,1,Customer category | Energy consumption (GWh) | Percentage,Customer category,Energy consumption (GWh),Percentage,,,,,,,,,,,,,,,,,
19,Bi-Annual Energy & Petroleum Statistics Report 2024_2025.pdf,17,1,2,"Industrial | 2,807.10 | 51.18%",Industrial,"2,807.10",51.18%,,,,,,,,,,,,,,,,,
20,Bi-Annual Energy & Petroleum Statistics Report 2024_2025.pdf,17,1,3,"Domestic | 1,728.19 | 31.51%",Domestic,"1,728.19",31.51%,,,,,,,,,,,,,,,,,
21,Bi-Annual Energy & Petroleum Statistics Report 2024_2025.pdf,17,1,4,Small Commercial | 902.94 | 16.46%,Small Commercial,902.94,16.46%,,,,,,,,,,,,,,,,,
22,Bi-Annual Energy & Petroleum Statistics Report 2024_2025.pdf,17,1,5,Street lighting | 44.48 | 0.81%,Street lighting,44.48,0.81%,,,,,,,,,,,,,,,,,
23,Bi-Annual Energy & Petroleum Statistics Report 2024_2025.pdf,17,1,6,E-Mobility | 1.81 | 0.03%,E-Mobility,1.81,0.03%,,,,,,,,,,,,,,,,,
24,Bi-Annual Energy & Petroleum Statistics Report 2024_2025.pdf,17,1,7,"Total | 5,484.52 | 100.00%",Total,"5,484.52",100.00%,,,,,,,,,,,,,,,,,
25,Bi-Annual Energy & Petroleum Statistics Report 2024_2025.pdf,19,1,1,Station | Installed Capacity (MW) | Station | Installed Capacity (MW),Station,Installed Capacity (MW),Station,Installed Capacity (MW),,,,,,,,,,,,,,,,
26,Bi-Annual Energy & Petroleum Statistics Report 2024_2025.pdf,19,1,2,Wajir | 4.5 | North Horr | 0.584,Wajir,4.5,North Horr,0.584,,,,,,,,,,,,,,,,
27,Bi-Annual Energy & Petroleum Statistics Report 2024_2025.pdf,19,1,3,Mandera | 2.1 | Lokori | 0.56,Mandera,2.1,Lokori,0.56,,,,,,,,,,,,,,,,
28,Bi-Annual Energy & Petroleum Statistics Report 2024_2025.pdf,19,1,4,Marsabit | 2.9 | Daadab | 0.784,Marsabit,2.9,Daadab,0.784,,,,,,,,,,,,,,,,
29,Bi-Annual Energy & Petroleum Statistics Report 2024_2025.pdf,19,1,5,Lodwar | 0.46 | Faza island | 1.508,Lodwar,0.46,Faza island,1.508,,,,,,,,,,,,,,,,
30,Bi-Annual Energy & Petroleum Statistics Report 2024_2025.pdf,19,1,6,Merti | 0.25 | Lokitaung | 0.584,Merti,0.25,Lokitaung,0.584,,,,,,,,,,,,,,,,
31,Bi-Annual Energy & Petroleum Statistics Report 2024_2025.pdf,19,1,7,Elwak | 0.965 | Kiunga | 0.184,Elwak,0.965,Kiunga,0.184,,,,,,,,,,,,,,,,
32,Bi-Annual Energy & Petroleum Statistics Report 2024_2025.pdf,19,1,8,Habaswein | 1.88 | Banisa | 0.184,Habaswein,1.88,Banisa,0.184,,,,,,,,,,,,,,,,
33,Bi-Annual Energy & Petroleum Statistics Report 2024_2025.pdf,19,1,9,Baragoi | 0.62 | Kakuma | 1.2,Baragoi,0.62,Kakuma,1.2,,,,,,,,,,,,,,,,
34,Bi-Annual Energy & Petroleum Statistics Report 2024_2025.pdf,19,1,10,Mfangano | 0.65 | Kotulo | 0.396,Mfangano,0.65,Kotulo,0.396,,,,,,,,,,,,,,,,
35,Bi-Annual Energy & Petroleum Statistics Report 2024_2025.pdf,19,1,11,Eldas | 0.76 | Karmorliban | 0.184,Eldas,0.76,Karmorliban,0.184,,,,,,,,,,,,,,,,
36,Bi-Annual Energy & Petroleum Statistics Report 2024_2025.pdf,19,1,12,Takaba | 0.78 | Khorondile | 0.37,Takaba,0.78,Khorondile,0.37,,,,,,,,,,,,,,,,
37,Bi-Annual Energy & Petroleum Statistics Report 2024_2025.pdf,19,1,13,Rhamu | 0.68 | Sololo | 0.7,Rhamu,0.68,Sololo,0.7,,,,,,,,,,,,,,,,
38,Bi-Annual Energy & Petroleum Statistics Report 2024_2025.pdf,19,1,14,Lokichoggio | 1.06 | Maikona | 0.32,Lokichoggio,1.06,Maikona,0.32,,,,,,,,,,,,,,,,
39,Bi-Annual Energy & Petroleum Statistics Report 2024_2025.pdf,19,1,15,Laisamis | 0.64 | Lokiriama | 0.4,Laisamis,0.64,Lokiriama,0.4,,,,,,,,,,,,,,,,
40,Bi-Annual Energy & Petroleum Statistics Report 2024_2025.pdf,19,1,16,Moyale | 1.452 | Hulugo | 0.212,Moyale,1.452,Hulugo,0.212,,,,,,,,,,,,,,,,
41,Bi-Annual Energy & Petroleum Statistics Report 2024_2025.pdf,19,1,17,TOTAL 27.867,TOTAL 27.867,,,,,,,,,,,,,,,,,,,
42,Bi-Annual Energy & Petroleum Statistics Report 2024_2025.pdf,19,2,1,Site | County | Constituency | Installed Capacity (KWp),Site,County,Constituency,Installed Capacity (KWp),,,,,,,,,,,,,,,,
43,Bi-Annual Energy & Petroleum Statistics Report 2024_2025.pdf,19,2,2,Sangailu | Garissa | Ijara | 60,Sangailu,Garissa,Ijara,60,,,,,,,,,,,,,,,,
44,Bi-Annual Energy & Petroleum Statistics Report 2024_2025.pdf,19,2,3,Liboi | Dadaab | 60,Liboi,,Dadaab,60,,,,,,,,,,,,,,,,
45,Bi-Annual Energy & Petroleum Statistics Report 2024_2025.pdf,19,2,4,Eldera | Lagdera | 60,Eldera,,Lagdera,60,,,,,,,,,,,,,,,,
46,Bi-Annual Energy & Petroleum Statistics Report 2024_2025.pdf,19,2,5,Garsweino | Fafi | 60,Garsweino,,Fafi,60,,,,,,,,,,,,,,,,
47,Bi-Annual Energy & Petroleum Statistics Report 2024_2025.pdf,19,2,6,Ashabito | Mandera | Mandera North | 60,Ashabito,Mandera,Mandera North,60,,,,,,,,,,,,,,,,
48,Bi-Annual Energy & Petroleum Statistics Report 2024_2025.pdf,19,2,7,Arabia | Mandera East | 60,Arabia,,Mandera East,60,,,,,,,,,,,,,,,,
49,Bi-Annual Energy & Petroleum Statistics Report 2024_2025.pdf,19,2,8,Kilihiweri | Banisa | 60,Kilihiweri,,Banisa,60,,,,,,,,,,,,,,,,
50,Bi-Annual Energy & Petroleum Statistics Report 2024_2025.pdf,19,2,9,Burduras | Mandera West | 60,Burduras,,Mandera West,60,,,,,,,,,,,,,,,,
51,Bi-Annual Energy & Petroleum Statistics Report 2024_2025.pdf,19,2,10,Gari | Lafey | 60,Gari,,Lafey,60,,,,,,,,,,,,,,,,
52,Bi-Annual Energy & Petroleum Statistics Report 2024_2025.pdf,19,2,11,Shimbir Fatuma | Mandera South | 60,Shimbir Fatuma,,Mandera South,60,,,,,,,,,,,,,,,,
53,Bi-Annual Energy & Petroleum Statistics Report 2024_2025.pdf,20,1,1,Site | County | Constituency | Installed Capacity (KWp),Site,County,Constituency,Installed Capacity (KWp),,,,,,,,,,,,,,,,
54,Bi-Annual Energy & Petroleum Statistics Report 2024_2025.pdf,20,1,2,Illie Springs | Turkana | Turkana Central | 60,Illie Springs,Turkana,Turkana Central,60,,,,,,,,,,,,,,,,
55,Bi-Annual Energy & Petroleum Statistics Report 2024_2025.pdf,20,1,3,Lowarengak | Turkana North | 60,Lowarengak,,Turkana North,60,,,,,,,,,,,,,,,,
56,Bi-Annual Energy & Petroleum Statistics Report 2024_2025.pdf,20,1,4,Letea | Turkana West | 60,Letea,,Turkana West,60,,,,,,,,,,,,,,,,
57,Bi-Annual Energy & Petroleum Statistics Report 2024_2025.pdf,20,1,5,Lopeduru | Turkana East | 60,Lopeduru,,Turkana East,60,,,,,,,,,,,,,,,,
58,Bi-Annual Energy & Petroleum Statistics Report 2024_2025.pdf,20,1,6,Kangangipur | Turkana South | 60,Kangangipur,,Turkana South,60,,,,,,,,,,,,,,,,
59,Bi-Annual Energy & Petroleum Statistics Report 2024_2025.pdf,20,1,7,Napelilim | Turkana | 60,Napelilim,,Turkana,60,,,,,,,,,,,,,,,,
60,Bi-Annual Energy & Petroleum Statistics Report 2024_2025.pdf,20,1,8,Hadado | Wajir | Wajir West | 60,Hadado,Wajir,Wajir West,60,,,,,,,,,,,,,,,,
61,Bi-Annual Energy & Petroleum Statistics Report 2024_2025.pdf,20,1,9,Sarif | Wajir South | 60,Sarif,,Wajir South,60,,,,,,,,,,,,,,,,
62,Bi-Annual Energy & Petroleum Statistics Report 2024_2025.pdf,20,1,10,Basir | Eldas | 60,Basir,,Eldas,60,,,,,,,,,,,,,,,,
63,Bi-Annual Energy & Petroleum Statistics Report 2024_2025.pdf,20,1,11,Riba | Wajir East | 60,Riba,,Wajir East,60,,,,,,,,,,,,,,,,
64,Bi-Annual Energy & Petroleum Statistics Report 2024_2025.pdf,20,1,12,Sarman | Tarbaj | 60,Sarman,,Tarbaj,60,,,,,,,,,,,,,,,,
65,Bi-Annual Energy & Petroleum Statistics Report 2024_2025.pdf,20,1,13,Biyamadhow | Wajir South | 60,Biyamadhow,,Wajir South,60,,,,,,,,,,,,,,,,
66,Bi-Annual Energy & Petroleum Statistics Report 2024_2025.pdf,20,1,14,Gurar | Wajir North | 60,Gurar,,Wajir North,60,,,,,,,,,,,,,,,,
67,Bi-Annual Energy & Petroleum Statistics Report 2024_2025.pdf,20,1,15,Takawiri Island | Homa-bay | Mbita | 204,Takawiri Island,Homa-bay,Mbita,204,,,,,,,,,,,,,,,,
68,Bi-Annual Energy & Petroleum Statistics Report 2024_2025.pdf,20,1,16,Ngodhe Island | Suba-South | 146,Ngodhe Island,,Suba-South,146,,,,,,,,,,,,,,,,
69,Bi-Annual Energy & Petroleum Statistics Report 2024_2025.pdf,20,1,17,Mageta Island | Siaya | Bondo | 800,Mageta Island,Siaya,Bondo,800,,,,,,,,,,,,,,,,
70,Bi-Annual Energy & Petroleum Statistics Report 2024_2025.pdf,20,1,18,Wasinii Island | Kilifi | Lunga Lunga | 732,Wasinii Island,Kilifi,Lunga Lunga,732,,,,,,,,,,,,,,,,
71,Bi-Annual Energy & Petroleum Statistics Report 2024_2025.pdf,20,2,1,SITE | COUNTY | CONSTITUENCY | INSTALLED CAPACITY (KWp),SITE,COUNTY,CONSTITUENCY,INSTALLED CAPACITY (KWp),,,,,,,,,,,,,,,,
72,Bi-Annual Energy & Petroleum Statistics Report 2024_2025.pdf,20,2,2,Hulugho | Garissa | Ijara | 275,Hulugho,Garissa,Ijara,275,,,,,,,,,,,,,,,,
73,Bi-Annual Energy & Petroleum Statistics Report 2024_2025.pdf,20,2,3,Dadaab | Dadaab | 275,Dadaab,,Dadaab,275,,,,,,,,,,,,,,,,
74,Bi-Annual Energy & Petroleum Statistics Report 2024_2025.pdf,20,2,4,Faza Island | Lamu | Lamu East | 275,Faza Island,Lamu,Lamu East,275,,,,,,,,,,,,,,,,
75,Bi-Annual Energy & Petroleum Statistics Report 2024_2025.pdf,20,2,5,Kiunga | Lamu East | 275,Kiunga,,Lamu East,275,,,,,,,,,,,,,,,,
76,Bi-Annual Energy & Petroleum Statistics Report 2024_2025.pdf,20,2,6,Takaba | Mandera | Mandera West | 230,Takaba,Mandera,Mandera West,230,,,,,,,,,,,,,,,,
77,Bi-Annual Energy & Petroleum Statistics Report 2024_2025.pdf,20,2,7,Rhamu | Mandera North | 230,Rhamu,,Mandera North,230,,,,,,,,,,,,,,,,
78,Bi-Annual Energy & Petroleum Statistics Report 2024_2025.pdf,20,2,8,Banisa | Banisa | 230,Banisa,,Banisa,230,,,,,,,,,,,,,,,,
79,Bi-Annual Energy & Petroleum Statistics Report 2024_2025.pdf,20,2,9,Kamoliriban | Mandera North | 450,Kamoliriban,,Mandera North,450,,,,,,,,,,,,,,,,
80,Bi-Annual Energy & Petroleum Statistics Report 2024_2025.pdf,20,2,10,Laisamis | Marsabit | Laisamis | 730,Laisamis,Marsabit,Laisamis,730,,,,,,,,,,,,,,,,
81,Bi-Annual Energy & Petroleum Statistics Report 2024_2025.pdf,20,2,11,North Horr | North Horr | 730,North Horr,,North Horr,730,,,,,,,,,,,,,,,,
82,Bi-Annual Energy & Petroleum Statistics Report 2024_2025.pdf,20,2,12,Maikona | Maikona | 800,Maikona,,Maikona,800,,,,,,,,,,,,,,,,
83,Bi-Annual Energy & Petroleum Statistics Report 2024_2025.pdf,20,2,13,Sololo | Moyale | 800,Sololo,,Moyale,800,,,,,,,,,,,,,,,,
84,Bi-Annual Energy & Petroleum Statistics Report 2024_2025.pdf,20,2,14,Lokichogio | Turkana | Turkana West | 730,Lokichogio,Turkana,Turkana West,730,,,,,,,,,,,,,,,,
85,Bi-Annual Energy & Petroleum Statistics Report 2024_2025.pdf,20,2,15,Lokitaung | Turkana North | 730,Lokitaung,,Turkana North,730,,,,,,,,,,,,,,,,
86,Bi-Annual Energy & Petroleum Statistics Report 2024_2025.pdf,20,2,16,Lokori | Turkana East | 730,Lokori,,Turkana East,730,,,,,,,,,,,,,,,,
87,Bi-Annual Energy & Petroleum Statistics Report 2024_2025.pdf,20,2,17,Lokiriama | Loima | 600,Lokiriama,,Loima,600,,,,,,,,,,,,,,,,
88,Bi-Annual Energy & Petroleum Statistics Report 2024_2025.pdf,20,2,18,Kakuma | Turkana West | 600,Kakuma,,Turkana West,600,,,,,,,,,,,,,,,,
89,Bi-Annual Energy & Petroleum Statistics Report 2024_2025.pdf,20,2,19,Eldas | Wajir | Eldas | 490,Eldas,Wajir,Eldas,490,,,,,,,,,,,,,,,,
90,Bi-Annual Energy & Petroleum Statistics Report 2024_2025.pdf,20,2,20,Korondile | Wajir North | 490,Korondile,,Wajir North,490,,,,,,,,,,,,,,,,
91,Bi-Annual Energy & Petroleum Statistics Report 2024_2025.pdf,20,2,21,Kotulo | Tarbaj | 450,Kotulo,,Tarbaj,450,,,,,,,,,,,,,,,,
92,Bi-Annual Energy & Petroleum Statistics Report 2024_2025.pdf,21,1,1,Jul-24 | Aug-24 | Sep-24 | Oct-24 | Nov-24 | Dec-24 | Average | EPRA target (FY24/25),,Jul-24,Aug-24,Sep-24,Oct-24,Nov-24,Dec-24,Average,EPRA target (FY24/25),,,,,,,,,,,
93,Bi-Annual Energy & Petroleum Statistics Report 2024_2025.pdf,21,1,2,CAIDI | 2.519 | 2.456 | 2.493 | 2.422 | 2.79 | 2.67 | 2.558 | 2.45,CAIDI,2.519,2.456,2.493,2.422,2.79,2.67,2.558,2.45,,,,,,,,,,,
94,Bi-Annual Energy & Petroleum Statistics Report 2024_2025.pdf,21,1,3,SAIDI | 8.768 | 7.438 | 9.301 | 8.862 | 10.624 | 9.922 | 9.153 | 3.25,SAIDI,8.768,7.438,9.301,8.862,10.624,9.922,9.153,3.25,,,,,,,,,,,
95,Bi-Annual Energy & Petroleum Statistics Report 2024_2025.pdf,21,1,4,SAIFI | 3.480 | 3.029 | 3.730 | 3.659 | 3.808 | 3.716 | 3.570 | 1.63,SAIFI,3.480,3.029,3.730,3.659,3.808,3.716,3.570,1.63,,,,,,,,,,,
96,Bi-Annual Energy & Petroleum Statistics Report 2024_2025.pdf,22,1,6,2.422,,,,,,2.422,,,,,,,,,,,,,,
97,Bi-Annual Energy & Petroleum Statistics Report 2024_2025.pdf,23,1,2,3.03,,3.03,,,,,,,,,,,,,,,,,,
98,Bi-Annual Energy & Petroleum Statistics Report 2024_2025.pdf,23,2,6,3.373 | 3.865,,,,3.373,,,,,,3.865,,,,,,,,,,
99,Bi-Annual Energy & Petroleum Statistics Report 2024_2025.pdf,23,2,7,2.280 | 2.558,,,,2.280,,,,,,,,2.558,,,,,,,,
100,Bi-Annual Energy & Petroleum Statistics Report 2024_2025.pdf,24,1,1,Customer Category | Voltage at connection | Energy Limit (kWh/month) | Energy Charge (Ksh./kWh) | Demand Charge (Ksh.),Customer Category,Voltage at connection,Energy Limit (kWh/month),Energy Charge (Ksh./kWh),,Demand Charge (Ksh.),,,,,,,,,,,,,,
101,Bi-Annual Energy & Petroleum Statistics Report 2024_2025.pdf,24,1,2,As at June 2024 | As at December 2024,,,,As at June 2024,As at December 2024,,,,,,,,,,,,,,,
102,Bi-Annual Energy & Petroleum Statistics Report 2024_2025.pdf,24,1,3,Domestic | 240 Volts/415 Volts | 0-30 | 12.24 | 12.23 | 0,Domestic,240 Volts/415 Volts,0-30,12.24,12.23,0,,,,,,,,,,,,,,
103,Bi-Annual Energy & Petroleum Statistics Report 2024_2025.pdf,24,1,4,30-100 | 16.58 | 16.54 | 0,,,30-100,16.58,16.54,0,,,,,,,,,,,,,,
104,Bi-Annual Energy & Petroleum Statistics Report 2024_2025.pdf,24,1,5,>100 | 20.58 | 19.08 | 0,,,>100,20.58,19.08,0,,,,,,,,,,,,,,
105,Bi-Annual Energy & Petroleum Statistics Report 2024_2025.pdf,24,1,6,Small Commercial | 240 Volts/415 Volts | <30 | 12.24 | 12.23 | 0,Small Commercial,240 Volts/415 Volts,<30,12.24,12.23,0,,,,,,,,,,,,,,
106,Bi-Annual Energy & Petroleum Statistics Report 2024_2025.pdf,24,1,7,30-100 | 16.36 | 16.34 | 0,,,30-100,16.36,16.34,0,,,,,,,,,,,,,,
107,Bi-Annual Energy & Petroleum Statistics Report 2024_2025.pdf,24,1,8,>100 | 20 | 19.4 | 0,,,>100,20,19.4,0,,,,,,,,,,,,,,
108,Bi-Annual Energy & Petroleum Statistics Report 2024_2025.pdf,25,1,1,Customer Category | Voltage at connection | Energy Limit (kWh/month) | Energy Charge (Ksh./kWh) | Demand Charge (Ksh.),Customer Category,Voltage at connection,Energy Limit (kWh/month),Energy Charge (Ksh./kWh),,Demand Charge (Ksh.),,,,,,,,,,,,,,
109,Bi-Annual Energy & Petroleum Statistics Report 2024_2025.pdf,25,1,2,As at June 2024 | As at December 2024,,,,As at June 2024,As at December 2024,,,,,,,,,,,,,,,
110,Bi-Annual Energy & Petroleum Statistics Report 2024_2025.pdf,25,1,3,"Electric Mobility | 240 Volts/415 Volts | 200-15,000 | 16 | 16 | 0",Electric Mobility,240 Volts/415 Volts,"200-15,000",16,16,0,,,,,,,,,,,,,,
111,Bi-Annual Energy & Petroleum Statistics Report 2024_2025.pdf,25,1,4,"Commercial Industrial | 415 Volts | >15,000 | 14.5 | 13.74 | 1,100",Commercial Industrial,415 Volts,">15,000",14.5,13.74,"1,100",,,,,,,,,,,,,,
112,Bi-Annual Energy & Petroleum Statistics Report 2024_2025.pdf,25,1,5,"11,000 Volts | No Limit | 13.08 | 12.44 | 700",,"11,000 Volts",No Limit,13.08,12.44,700,,,,,,,,,,,,,,
113,Bi-Annual Energy & Petroleum Statistics Report 2024_2025.pdf,25,1,6,"33,000 Volts | No Limit | 12.52 | 11.92 | 370",,"33,000 Volts",No Limit,12.52,11.92,370,,,,,,,,,,,,,,
114,Bi-Annual Energy & Petroleum Statistics Report 2024_2025.pdf,25,1,7,"66,000 Volts | No Limit | 12.26 | 11.68 | 300",,"66,000 Volts",No Limit,12.26,11.68,300,,,,,,,,,,,,,,
115,Bi-Annual Energy & Petroleum Statistics Report 2024_2025.pdf,25,1,8,"132,000 Volts | No Limit | 11.98 | 11.4 | 300",,"132,000 Volts",No Limit,11.98,11.4,300,,,,,,,,,,,,,,
116,Bi-Annual Energy & Petroleum Statistics Report 2024_2025.pdf,25,1,9,"220,000 Volts | No Limit | 10 | 10 | 200",,"220,000 Volts",No Limit,10,10,200,,,,,,,,,,,,,,
117,Bi-Annual Energy & Petroleum Statistics Report 2024_2025.pdf,25,1,10,Special Economic Zones | 132kV | No Limit | 10 | 10 | 200,Special Economic Zones,132kV,No Limit,10,10,200,,,,,,,,,,,,,,
118,Bi-Annual Energy & Petroleum Statistics Report 2024_2025.pdf,25,1,11,Street Lighting | No Limit | 9.24 | 9.23 | 0,Street Lighting,,No Limit,9.24,9.23,0,,,,,,,,,,,,,,
119,Bi-Annual Energy & Petroleum Statistics Report 2024_2025.pdf,25,2,1,Pass Through Costs(Kshs/kWh) | Jul-24 | Aug-24 | Sep-24 | Oct-24 | Nov-24 | Dec-24,Pass Through Costs(Kshs/kWh),Jul-24,Aug-24,Sep-24,Oct-24,Nov-24,Dec-24,,,,,,,,,,,,,
120,Bi-Annual Energy & Petroleum Statistics Report 2024_2025.pdf,25,2,2,FEC | 3.25 | 3.48 | 3.43 | 3.39 | 3.72 | 3.57,FEC,3.25,3.48,3.43,3.39,3.72,3.57,,,,,,,,,,,,,
121,Bi-Annual Energy & Petroleum Statistics Report 2024_2025.pdf,25,2,3,FERFA | 0.9833 | 1.171 | 1.0332 | 1.1489 | 0.6904 | 1.014,FERFA,0.9833,1.171,1.0332,1.1489,0.6904,1.014,,,,,,,,,,,,,
122,Bi-Annual Energy & Petroleum Statistics Report 2024_2025.pdf,25,2,4,INFLATION ADJ. | 0.38 | 0.38 | 0.38 | 0.38 | 0.38 | 0.38,INFLATION ADJ.,0.38,0.38,0.38,0.38,0.38,0.38,,,,,,,,,,,,,
123,Bi-Annual Energy & Petroleum Statistics Report 2024_2025.pdf,25,2,5,WRA LEVY | 0.0169 | 0.0178 | 0.0156 | 0.0139 | 0.0134 | 0.0135,WRA LEVY,0.0169,0.0178,0.0156,0.0139,0.0134,0.0135,,,,,,,,,,,,,
124,Bi-Annual Energy & Petroleum Statistics Report 2024_2025.pdf,26,1,1,Customer Category | Jul-24 | Aug-24 | Sep-24 | Oct-24 | Nov-24 | Dec-24,Customer Category,Jul-24,Aug-24,Sep-24,Oct-24,Nov-24,Dec-24,,,,,,,,,,,,,
125,Bi-Annual Energy & Petroleum Statistics Report 2024_2025.pdf,26,1,2,DC 1 Lifeline (0-30 kWh) | 20.03 | 20.48 | 20.29 | 20.35 | 20.28 | 20.43,DC 1 Lifeline (0-30 kWh),20.03,20.48,20.29,20.35,20.28,20.43,,,,,,,,,,,,,
126,Bi-Annual Energy & Petroleum Statistics Report 2024_2025.pdf,26,1,3,DC 2 Ordinary (30-100 kWh) | 25.24 | 25.7 | 25.5 | 25.57 | 25.49 | 25.64,DC 2 Ordinary (30-100 kWh),25.24,25.7,25.5,25.57,25.49,25.64,,,,,,,,,,,,,
127,Bi-Annual Energy & Petroleum Statistics Report 2024_2025.pdf,26,1,4,DC 3 Ordinary (100-15000 kWh) | 28.32 | 28.77 | 28.57 | 28.64 | 28.57 | 28.72,DC 3 Ordinary (100-15000 kWh),28.32,28.77,28.57,28.64,28.57,28.72,,,,,,,,,,,,,
128,Bi-Annual Energy & Petroleum Statistics Report 2024_2025.pdf,26,1,5,Small Commercial 1 (0-30 kWh) | 20.03 | 20.48 | 20.29 | 20.35 | 20.28 | 20.43,Small Commercial 1 (0-30 kWh),20.03,20.48,20.29,20.35,20.28,20.43,,,,,,,,,,,,,
129,Bi-Annual Energy & Petroleum Statistics Report 2024_2025.pdf,26,1,6,Small Commercial 2 (30kWh-100kWh) | 25 | 25.46 | 25.26 | 25.33 | 25.25 | 25.4,Small Commercial 2 (30kWh-100kWh),25,25.46,25.26,25.33,25.25,25.4,,,,,,,,,,,,,
130,Bi-Annual Energy & Petroleum Statistics Report 2024_2025.pdf,26,1,7,Small Commercial 3 (100kWh-1500kWh) | 28.7 | 29.16 | 28.96 | 29.03 | 28.95 | 29.1,Small Commercial 3 (100kWh-1500kWh),28.7,29.16,28.96,29.03,28.95,29.1,,,,,,,,,,,,,
131,Bi-Annual Energy & Petroleum Statistics Report 2024_2025.pdf,26,1,8,SC Bulk Supply (1000kWh-1500kWh) | 28.7 | 29.16 | 28.96 | 29.03 | 28.95 | 29.1,SC Bulk Supply (1000kWh-1500kWh),28.7,29.16,28.96,29.03,28.95,29.1,,,,,,,,,,,,,
132,Bi-Annual Energy & Petroleum Statistics Report 2024_2025.pdf,26,1,9,"Commercial Industrial 1 - 415 V (> 15,000 kWh) | 25.31 | 25.77 | 25.57 | 25.64 | 25.56 | 25.71","Commercial Industrial 1 - 415 V (> 15,000 kWh)",25.31,25.77,25.57,25.64,25.56,25.71,,,,,,,,,,,,,
133,Bi-Annual Energy & Petroleum Statistics Report 2024_2025.pdf,26,1,10,"Commercial Industrial 2 - 11,000 V | 21.17 | 21.63 | 21.43 | 21.5 | 21.42 | 21.57","Commercial Industrial 2 - 11,000 V",21.17,21.63,21.43,21.5,21.42,21.57,,,,,,,,,,,,,
134,Bi-Annual Energy & Petroleum Statistics Report 2024_2025.pdf,26,1,11,"Commercial Industrial 3 - 33,000 V | 21.31 | 21.77 | 21.57 | 21.64 | 21.56 | 21.71","Commercial Industrial 3 - 33,000 V",21.31,21.77,21.57,21.64,21.56,21.71,,,,,,,,,,,,,
135,Bi-Annual Energy & Petroleum Statistics Report 2024_2025.pdf,26,1,12,"Commercial Industrial 4 - 66,000 V | 20.38 | 20.83 | 20.64 | 20.7 | 20.63 | 20.78","Commercial Industrial 4 - 66,000 V",20.38,20.83,20.64,20.7,20.63,20.78,,,,,,,,,,,,,
136,Bi-Annual Energy & Petroleum Statistics Report 2024_2025.pdf,26,1,13,"Commercial Industrial 5 - 132,000 V | 19.45 | 19.9 | 19.7 | 19.77 | 19.69 | 19.84","Commercial Industrial 5 - 132,000 V",19.45,19.9,19.7,19.77,19.69,19.84,,,,,,,,,,,,,
137,Bi-Annual Energy & Petroleum Statistics Report 2024_2025.pdf,26,1,14,"Commercial Industrial 6 - 220,000 V | 17.37 | 17.82 | 17.62 | 17.69 | 17.61 | 17.76","Commercial Industrial 6 - 220,000 V",17.37,17.82,17.62,17.69,17.61,17.76,,,,,,,,,,,,,
138,Bi-Annual Energy & Petroleum Statistics Report 2024_2025.pdf,26,1,15,Commercial Industrial 7 (SEZs) | 17.37 | 17.82 | 17.62 | 17.69 | 17.61 | 17.76,Commercial Industrial 7 (SEZs),17.37,17.82,17.62,17.69,17.61,17.76,,,,,,,,,,,,,
139,Bi-Annual Energy & Petroleum Statistics Report 2024_2025.pdf,26,1,16,E-Mobility | 24.59 | 25.05 | 24.85 | 24.92 | 24.84 | 24.99,E-Mobility,24.59,25.05,24.85,24.92,24.84,24.99,,,,,,,,,,,,,
140,Bi-Annual Energy & Petroleum Statistics Report 2024_2025.pdf,26,1,17,Street Lighting | 16.4 | 16.85 | 16.66 | 16.72 | 16.65 | 16.8,Street Lighting,16.4,16.85,16.66,16.72,16.65,16.8,,,,,,,,,,,,,
141,Bi-Annual Energy & Petroleum Statistics Report 2024_2025.pdf,27,1,1,RReettaaiill ttaarriiffff 40.00 37.50 35.00 32.50 30.00 27.50 25.00 22.50 20.00 17.50 15.00 12.50 10.00 22-naJ 22-beF 22-raM 22-rpA 22-yaM 22-nuJ 22-luJ 22-guA 22-peS 22-tcO 22-voN 22-ceD 32-naJ 32-beF 32-raM 32-rpA 32-yaM 32-nuJ 32-luJ 32-guA 32-peS 32-tcO 32-voN 32-ceD 42-naJ 42-beF 42-raM 42-rpA 42-yaM 42-nuJ 42-luJ 42-guA 42-peS 42-tcO 42-voN 42-ceD DC 1 DC 2 DC 3 SC1 SC2 SC3 E-Mobility Street Lighting,RReettaaiill ttaarriiffff 40.00 37.50 35.00 32.50 30.00 27.50 25.00 22.50 20.00 17.50 15.00 12.50 10.00 22-naJ 22-beF 22-raM 22-rpA 22-yaM 22-nuJ 22-luJ 22-guA 22-peS 22-tcO 22-voN 22-ceD 32-naJ 32-beF 32-raM 32-rpA 32-yaM 32-nuJ 32-luJ 32-guA 32-peS 32-tcO 32-voN 32-ceD 42-naJ 42-beF 42-raM 42-rpA 42-yaM 42-nuJ 42-luJ 42-guA 42-peS 42-tcO 42-voN 42-ceD DC 1 DC 2 DC 3 SC1 SC2 SC3 E-Mobility Street Lighting,,,,,,,,,,,,,,,,,,,
142,Bi-Annual Energy & Petroleum Statistics Report 2024_2025.pdf,27,2,1,Component(Kshs./kWh) | Jul-24 | Aug-24 | Sep-24 | Oct-24 | Nov-24 | Dec-24,Component(Kshs./kWh),Jul-24,Aug-24,Sep-24,Oct-24,Nov-24,Dec-24,,,,,,,,,,,,,
143,Bi-Annual Energy & Petroleum Statistics Report 2024_2025.pdf,27,2,2,Base Tariff | 19.08 | 19.08 | 19.08 | 19.08 | 19.08 | 19.08,Base Tariff,19.08,19.08,19.08,19.08,19.08,19.08,,,,,,,,,,,,,
144,Bi-Annual Energy & Petroleum Statistics Report 2024_2025.pdf,27,2,3,Pass Through Costs | 4.61 | 5.03 | 4.84 | 4.92 | 4.79 | 4.96,Pass Through Costs,4.61,5.03,4.84,4.92,4.79,4.96,,,,,,,,,,,,,
145,Bi-Annual Energy & Petroleum Statistics Report 2024_2025.pdf,27,2,4,Taxes and Levies | 4.62 | 4.66 | 4.65 | 4.64 | 4.70 | 4.67,Taxes and Levies,4.62,4.66,4.65,4.64,4.70,4.67,,,,,,,,,,,,,
146,Bi-Annual Energy & Petroleum Statistics Report 2024_2025.pdf,27,2,5,Total | 28.31 | 28.77 | 28.57 | 28.64 | 28.57 | 28.71,Total,28.31,28.77,28.57,28.64,28.57,28.71,,,,,,,,,,,,,
147,Bi-Annual Energy & Petroleum Statistics Report 2024_2025.pdf,28,1,1,Month | No. of Customers Who Benefited | Customer Savings (Ksh. Mill) | Total Increase In Sales (Low Rate) GWh,Month,No. of Customers Who Benefited,Customer Savings (Ksh. Mill),Total Increase In Sales (Low Rate) GWh,,,,,,,,,,,,,,,,
148,Bi-Annual Energy & Petroleum Statistics Report 2024_2025.pdf,28,1,2,"Jul-24 | 2,446 | 149.7 | 19.0",Jul-24,"2,446",149.7,19.0,,,,,,,,,,,,,,,,
149,Bi-Annual Energy & Petroleum Statistics Report 2024_2025.pdf,28,1,3,"Aug-24 | 2,296 | 98.5 | 11.5",Aug-24,"2,296",98.5,11.5,,,,,,,,,,,,,,,,
150,Bi-Annual Energy & Petroleum Statistics Report 2024_2025.pdf,28,1,4,"Sep-24 | 2,263 | 88.2 | 10.8",Sep-24,"2,263",88.2,10.8,,,,,,,,,,,,,,,,
151,Bi-Annual Energy & Petroleum Statistics Report 2024_2025.pdf,28,1,5,"Oct-24 | 2,437 | 100.6 | 12.0",Oct-24,"2,437",100.6,12.0,,,,,,,,,,,,,,,,
152,Bi-Annual Energy & Petroleum Statistics Report 2024_2025.pdf,28,1,6,"Nov-24 | 2,452 | 117.1 | 14.2",Nov-24,"2,452",117.1,14.2,,,,,,,,,,,,,,,,
153,Bi-Annual Energy & Petroleum Statistics Report 2024_2025.pdf,28,1,7,"Dec-24 | 2,405 | 134.6 | 17.5",Dec-24,"2,405",134.6,17.5,,,,,,,,,,,,,,,,
154,Bi-Annual Energy & Petroleum Statistics Report 2024_2025.pdf,29,1,1,Company | Energy Generated (GWh) | Market Share,Company,Energy Generated (GWh),Market Share,,,,,,,,,,,,,,,,,
155,Bi-Annual Energy & Petroleum Statistics Report 2024_2025.pdf,29,1,2,July-December 2024 | July-December 2023 | July -December 2024,,July-December 2024,July-December 2023,July -December 2024,,,,,,,,,,,,,,,,
156,Bi-Annual Energy & Petroleum Statistics Report 2024_2025.pdf,29,1,3,"KenGen | 4,302.19 | 62.24% | 59.94%",KenGen,"4,302.19",62.24%,59.94%,,,,,,,,,,,,,,,,
157,Bi-Annual Energy & Petroleum Statistics Report 2024_2025.pdf,29,1,4,Imports | 751.953 | 6.19% | 10.48%,Imports,751.953,6.19%,10.48%,,,,,,,,,,,,,,,,
158,Bi-Annual Energy & Petroleum Statistics Report 2024_2025.pdf,29,1,5,Lake Turkana Wind Power | 734.86 | 10.25% | 10.24%,Lake Turkana Wind Power,734.86,10.25%,10.24%,,,,,,,,,,,,,,,,
159,Bi-Annual Energy & Petroleum Statistics Report 2024_2025.pdf,29,1,6,Orpower | 414.635 | 6.26% | 5.78%,Orpower,414.635,6.26%,5.78%,,,,,,,,,,,,,,,,
160,Bi-Annual Energy & Petroleum Statistics Report 2024_2025.pdf,29,1,7,Rabai Power | 230.266 | 3.18% | 3.21%,Rabai Power,230.266,3.18%,3.21%,,,,,,,,,,,,,,,,
161,Bi-Annual Energy & Petroleum Statistics Report 2024_2025.pdf,29,1,8,Kipeto Energy PLC | 215.887 | 3.45% | 3.01%,Kipeto Energy PLC,215.887,3.45%,3.01%,,,,,,,,,,,,,,,,
162,Bi-Annual Energy & Petroleum Statistics Report 2024_2025.pdf,29,1,9,Sosia Geothermal | 160.092 | 1.90% | 2.23%,Sosia Geothermal,160.092,1.90%,2.23%,,,,,,,,,,,,,,,,
163,Bi-Annual Energy & Petroleum Statistics Report 2024_2025.pdf,29,1,10,Others | 367.73 | 6.53% | 5.12%,Others,367.73,6.53%,5.12%,,,,,,,,,,,,,,,,
164,Bi-Annual Energy & Petroleum Statistics Report 2024_2025.pdf,29,1,11,"Total | 7,177.61 | 100% | 100%",Total,"7,177.61",100%,100%,,,,,,,,,,,,,,,,
165,Bi-Annual Energy & Petroleum Statistics Report 2024_2025.pdf,30,1,1,Technology | Interconnected Capacity (MW) | Captive Capacity (MW) | Offgrid Capacity | Total Installed Capacity | % Total Installed,Technology,Interconnected Capacity (MW),,Captive Capacity (MW),Offgrid Capacity,Total Installed Capacity,% Total Installed,,,,,,,,,,,,,
166,Bi-Annual Energy & Petroleum Statistics Report 2024_2025.pdf,30,1,2,Installed | Effective,,Installed,Effective,,,,,,,,,,,,,,,,,
167,Bi-Annual Energy & Petroleum Statistics Report 2024_2025.pdf,30,1,3,Hydro | 839.5 | 809.7 | 33.0 | 0.1 | 872.5 | 24.16%,Hydro,839.5,809.7,33.0,0.1,872.5,24.16%,,,,,,,,,,,,,
168,Bi-Annual Energy & Petroleum Statistics Report 2024_2025.pdf,30,1,4,Geothermal | 940.0 | 876.1 | 3.7 | 0.0 | 943.7 | 26.13%,Geothermal,940.0,876.1,3.7,0.0,943.7,26.13%,,,,,,,,,,,,,
169,Bi-Annual Energy & Petroleum Statistics Report 2024_2025.pdf,30,1,5,Wind | 435.5 | 425.5 | - | 0.6 | 436.1 | 12.07%,Wind,435.5,425.5,-,0.6,436.1,12.07%,,,,,,,,,,,,,
170,Bi-Annual Energy & Petroleum Statistics Report 2024_2025.pdf,30,1,6,Solar | 210.3 | 210.3 | 271.3 | 3.4 | 484.9 | 13.43%,Solar,210.3,210.3,271.3,3.4,484.9,13.43%,,,,,,,,,,,,,
171,Bi-Annual Energy & Petroleum Statistics Report 2024_2025.pdf,30,1,7,Bioenergy | 2.0 | 2.0 | 161.8 | 0.0 | 163.8 | 4.54%,Bioenergy,2.0,2.0,161.8,0.0,163.8,4.54%,,,,,,,,,,,,,
172,Bi-Annual Energy & Petroleum Statistics Report 2024_2025.pdf,30,1,8,"Total | 2,427.2 | 2,323.6 | 469.8 | 4.0 | 2,901.0 | 80.32%",Total,"2,427.2","2,323.6",469.8,4.0,"2,901.0",80.32%,,,,,,,,,,,,,
173,Bi-Annual Energy & Petroleum Statistics Report 2024_2025.pdf,31,1,8,455.23,,,,455.23,,,,,,,,,,,,,,,,
174,Bi-Annual Energy & Petroleum Statistics Report 2024_2025.pdf,32,2,3,"1,454.40",,"1,454.40",,,,,,,,,,,,,,,,,,
175,Bi-Annual Energy & Petroleum Statistics Report 2024_2025.pdf,32,2,6,"1,114.78",,,,"1,114.78",,,,,,,,,,,,,,,,
176,Bi-Annual Energy & Petroleum Statistics Report 2024_2025.pdf,33,2,3,825.77,,,,,,,,825.77,,,,,,,,,,,,
177,Bi-Annual Energy & Petroleum Statistics Report 2024_2025.pdf,35,2,5,419.13,,,,,,419.13,,,,,,,,,,,,,,
178,Bi-Annual Energy & Petroleum Statistics Report 2024_2025.pdf,36,1,5,92.3,,,,92.3,,,,,,,,,,,,,,,,
179,Bi-Annual Energy & Petroleum Statistics Report 2024_2025.pdf,36,2,4,521.02,,,,,,,,521.02,,,,,,,,,,,,
180,Bi-Annual Energy & Petroleum Statistics Report 2024_2025.pdf,43,1,1,"Mombasa Port (AGO, KPRL,SOT) Namanga Others | ((LOoloitiotokktotko ka nadn dL uLnugnagluanlugnag)a)","Mombasa Port (AGO, KPRL,SOT) Namanga Others",((LOoloitiotokktotko ka nadn dL uLnugnagluanlugnag)a),,,,,,,,,,,,,,,,,,
181,Bi-Annual Energy & Petroleum Statistics Report 2024_2025.pdf,44,1,1,"37,345.95 | 36,439.74 | 37,485.55","37,345.95",,,"36,439.74",,"37,485.55",,,,,,,,,,,,,,
182,Bi-Annual Energy & Petroleum Statistics Report 2024_2025.pdf,44,1,2,"38,267.94 | 33,828.86 | 36,048.02",,"38,267.94","33,828.86",,"36,048.02",,,,,,,,,,,,,,,
183,Bi-Annual Energy & Petroleum Statistics Report 2024_2025.pdf,44,2,1,"Company | Total Sales - PMS, AGO, IK and JET A1 (m3) | % Share",Company,"Total Sales - PMS, AGO, IK and JET A1 (m3)",% Share,,,,,,,,,,,,,,,,,
184,Bi-Annual Energy & Petroleum Statistics Report 2024_2025.pdf,44,2,2,"Vivo Energy Kenya Limited | 621,226.91 | 21.34%",Vivo Energy Kenya Limited,"621,226.91",21.34%,,,,,,,,,,,,,,,,,
185,Bi-Annual Energy & Petroleum Statistics Report 2024_2025.pdf,44,2,3,"Rubis Energy Kenya Plc | 464,539.40 | 15.96%",Rubis Energy Kenya Plc,"464,539.40",15.96%,,,,,,,,,,,,,,,,,
186,Bi-Annual Energy & Petroleum Statistics Report 2024_2025.pdf,44,2,4,"TotalEnergies Marketing Kenya Plc | 422,882.76 | 14.53%",TotalEnergies Marketing Kenya Plc,"422,882.76",14.53%,,,,,,,,,,,,,,,,,
187,Bi-Annual Energy & Petroleum Statistics Report 2024_2025.pdf,44,2,5,"Ola Energy Kenya Limited | 128,721.00 | 4.42%",Ola Energy Kenya Limited,"128,721.00",4.42%,,,,,,,,,,,,,,,,,
188,Bi-Annual Energy & Petroleum Statistics Report 2024_2025.pdf,44,2,6,"Be Energy Limited | 108,365.86 | 3.72%",Be Energy Limited,"108,365.86",3.72%,,,,,,,,,,,,,,,,,
189,Bi-Annual Energy & Petroleum Statistics Report 2024_2025.pdf,44,2,7,"Hass Petroleum Kenya Limited | 92,105.00 | 3.16%",Hass Petroleum Kenya Limited,"92,105.00",3.16%,,,,,,,,,,,,,,,,,
190,Bi-Annual Energy & Petroleum Statistics Report 2024_2025.pdf,44,2,8,"Galana Energies Limited | 90,698.06 | 3.12%",Galana Energies Limited,"90,698.06",3.12%,,,,,,,,,,,,,,,,,
191,Bi-Annual Energy & Petroleum Statistics Report 2024_2025.pdf,44,2,9,"Stabex International Ltd | 66,693.53 | 2.29%",Stabex International Ltd,"66,693.53",2.29%,,,,,,,,,,,,,,,,,
192,Bi-Annual Energy & Petroleum Statistics Report 2024_2025.pdf,44,2,10,"Lake Oil Limited | 56,823.21 | 1.95%",Lake Oil Limited,"56,823.21",1.95%,,,,,,,,,,,,,,,,,
193,Bi-Annual Energy & Petroleum Statistics Report 2024_2025.pdf,44,2,11,"Petro Oil Kenya Limited | 55,455.00 | 1.90%",Petro Oil Kenya Limited,"55,455.00",1.90%,,,,,,,,,,,,,,,,,
194,Bi-Annual Energy & Petroleum Statistics Report 2024_2025.pdf,44,2,12,"Tosha Petroleum (Kenya) Limited | 55,376.94 | 1.90%",Tosha Petroleum (Kenya) Limited,"55,376.94",1.90%,,,,,,,,,,,,,,,,,
195,Bi-Annual Energy & Petroleum Statistics Report 2024_2025.pdf,44,2,13,"Dalbit Petroleum Limited | 52,814.21 | 1.81%",Dalbit Petroleum Limited,"52,814.21",1.81%,,,,,,,,,,,,,,,,,
196,Bi-Annual Energy & Petroleum Statistics Report 2024_2025.pdf,44,2,14,"Oryx Energies Kenya Limited | 45,104.67 | 1.55%",Oryx Energies Kenya Limited,"45,104.67",1.55%,,,,,,,,,,,,,,,,,
197,Bi-Annual Energy & Petroleum Statistics Report 2024_2025.pdf,44,2,15,"Towba Petroleum Company Limited | 40,453.16 | 1.39%",Towba Petroleum Company Limited,"40,453.16",1.39%,,,,,,,,,,,,,,,,,
198,Bi-Annual Energy & Petroleum Statistics Report 2024_2025.pdf,44,2,16,"Aftah Petroleum(K)Ltd | 37,180.89 | 1.28%",Aftah Petroleum(K)Ltd,"37,180.89",1.28%,,,,,,,,,,,,,,,,,
199,Bi-Annual Energy & Petroleum Statistics Report 2024_2025.pdf,44,2,17,"Zacosia Trading Limited | 36,665.19 | 1.26%",Zacosia Trading Limited,"36,665.19",1.26%,,,,,,,,,,,,,,,,,
200,Bi-Annual Energy & Petroleum Statistics Report 2024_2025.pdf,44,2,18,"Gapco Kenya Limited | 34,555.00 | 1.19%",Gapco Kenya Limited,"34,555.00",1.19%,,,,,,,,,,,,,,,,,
201,Bi-Annual Energy & Petroleum Statistics Report 2024_2025.pdf,44,2,19,"Astrol Petroleum Company Limited | 34,406.08 | 1.18%",Astrol Petroleum Company Limited,"34,406.08",1.18%,,,,,,,,,,,,,,,,,
202,Bi-Annual Energy & Petroleum Statistics Report 2024_2025.pdf,44,2,20,"Sahara Energy Limited | 31,127.44 | 1.07%",Sahara Energy Limited,"31,127.44",1.07%,,,,,,,,,,,,,,,,,
203,Bi-Annual Energy & Petroleum Statistics Report 2024_2025.pdf,44,2,21,"Others | 436,019.81 | 14.98%",Others,"436,019.81",14.98%,,,,,,,,,,,,,,,,,
204,Bi-Annual Energy & Petroleum Statistics Report 2024_2025.pdf,46,1,1,Type of licence | Licences issued,Type of licence,Licences issued,,,,,,,,,,,,,,,,,,
205,Bi-Annual Energy & Petroleum Statistics Report 2024_2025.pdf,46,1,2,"Transport of petroleum products(Except LPG) by Road | 1,069",Transport of petroleum products(Except LPG) by Road,"1,069",,,,,,,,,,,,,,,,,,
206,Bi-Annual Energy & Petroleum Statistics Report 2024_2025.pdf,46,1,3,Export and Wholesale of Petroleum Products(Except LPG) | 585,Export and Wholesale of Petroleum Products(Except LPG),585,,,,,,,,,,,,,,,,,,
207,Bi-Annual Energy & Petroleum Statistics Report 2024_2025.pdf,46,1,4,Retail of LPG in Cylinders | 465,Retail of LPG in Cylinders,465,,,,,,,,,,,,,,,,,,
208,Bi-Annual Energy & Petroleum Statistics Report 2024_2025.pdf,46,1,5,Retail of Petroleum Products (except LPG) | 314,Retail of Petroleum Products (except LPG),314,,,,,,,,,,,,,,,,,,
209,Bi-Annual Energy & Petroleum Statistics Report 2024_2025.pdf,46,1,6,Transport of LPG in Cylinders | 161,Transport of LPG in Cylinders,161,,,,,,,,,,,,,,,,,,
210,Bi-Annual Energy & Petroleum Statistics Report 2024_2025.pdf,46,1,7,Storage & Wholesale of LPG in cylinders | 120,Storage & Wholesale of LPG in cylinders,120,,,,,,,,,,,,,,,,,,
211,Bi-Annual Energy & Petroleum Statistics Report 2024_2025.pdf,46,1,8,Transport of LPG in bulk by Road | 113,Transport of LPG in bulk by Road,113,,,,,,,,,,,,,,,,,,
212,Bi-Annual Energy & Petroleum Statistics Report 2024_2025.pdf,46,1,9,Transport of Jet-A1 | 94,Transport of Jet-A1,94,,,,,,,,,,,,,,,,,,
213,Bi-Annual Energy & Petroleum Statistics Report 2024_2025.pdf,46,1,10,"Import, Export and Wholesale of Petroleum Products (Except LPG) | 76","Import, Export and Wholesale of Petroleum Products (Except LPG)",76,,,,,,,,,,,,,,,,,,
214,Bi-Annual Energy & Petroleum Statistics Report 2024_2025.pdf,46,1,11,Storage & Filling of LPG in Cylinders | 51,Storage & Filling of LPG in Cylinders,51,,,,,,,,,,,,,,,,,,
215,Bi-Annual Energy & Petroleum Statistics Report 2024_2025.pdf,46,1,12,Export and Wholesale of LPG in bulk | 28,Export and Wholesale of LPG in bulk,28,,,,,,,,,,,,,,,,,,
216,Bi-Annual Energy & Petroleum Statistics Report 2024_2025.pdf,46,1,13,"Import, Export and Wholesale of LPG in bulk | 22","Import, Export and Wholesale of LPG in bulk",22,,,,,,,,,,,,,,,,,,
217,Bi-Annual Energy & Petroleum Statistics Report 2024_2025.pdf,46,1,14,Storage of petroleum products(Except LPG) | 21,Storage of petroleum products(Except LPG),21,,,,,,,,,,,,,,,,,,
218,Bi-Annual Energy & Petroleum Statistics Report 2024_2025.pdf,46,1,15,Export & wholesale of Jet-A1 | 16,Export & wholesale of Jet-A1,16,,,,,,,,,,,,,,,,,,
219,Bi-Annual Energy & Petroleum Statistics Report 2024_2025.pdf,46,1,16,"Import, Export and Wholesale of Bitumen | 15","Import, Export and Wholesale of Bitumen",15,,,,,,,,,,,,,,,,,,
220,Bi-Annual Energy & Petroleum Statistics Report 2024_2025.pdf,46,1,17,Retail of LPG at Autogas Dispensing Station | 9,Retail of LPG at Autogas Dispensing Station,9,,,,,,,,,,,,,,,,,,
221,Bi-Annual Energy & Petroleum Statistics Report 2024_2025.pdf,46,1,18,"Import, Export and Wholesale of Fuel Oil | 8","Import, Export and Wholesale of Fuel Oil",8,,,,,,,,,,,,,,,,,,
222,Bi-Annual Energy & Petroleum Statistics Report 2024_2025.pdf,46,1,19,Import of Lubricants | 5,Import of Lubricants,5,,,,,,,,,,,,,,,,,,
223,Bi-Annual Energy & Petroleum Statistics Report 2024_2025.pdf,46,1,20,Bunkering of Petroleum Products (Except LPG) | 4,Bunkering of Petroleum Products (Except LPG),4,,,,,,,,,,,,,,,,,,
224,Bi-Annual Energy & Petroleum Statistics Report 2024_2025.pdf,46,1,21,Storage & Filling of LPG in Bulk | 2,Storage & Filling of LPG in Bulk,2,,,,,,,,,,,,,,,,,,
225,Bi-Annual Energy & Petroleum Statistics Report 2024_2025.pdf,46,1,22,Storage of LPG in Bulk | 2,Storage of LPG in Bulk,2,,,,,,,,,,,,,,,,,,
226,Bi-Annual Energy & Petroleum Statistics Report 2024_2025.pdf,46,1,23,Storage of Crude Oil | 1,Storage of Crude Oil,1,,,,,,,,,,,,,,,,,,
227,Bi-Annual Energy & Petroleum Statistics Report 2024_2025.pdf,46,1,24,Retail of LPG in Cylinders Via Smart Meters | 1,Retail of LPG in Cylinders Via Smart Meters,1,,,,,,,,,,,,,,,,,,
228,Bi-Annual Energy & Petroleum Statistics Report 2024_2025.pdf,46,1,25,"Total | 3,182",Total,"3,182",,,,,,,,,,,,,,,,,,
229,Bi-Annual Energy & Petroleum Statistics Report 2024_2025.pdf,47,1,1,Permit Category | Permits issued,Permit Category,Permits issued,,,,,,,,,,,,,,,,,,
230,Bi-Annual Energy & Petroleum Statistics Report 2024_2025.pdf,47,1,2,Petroleum Retail Dispensing Station | 46,Petroleum Retail Dispensing Station,46,,,,,,,,,,,,,,,,,,
231,Bi-Annual Energy & Petroleum Statistics Report 2024_2025.pdf,47,1,3,Autogas Dispensing Station | 10,Autogas Dispensing Station,10,,,,,,,,,,,,,,,,,,
232,Bi-Annual Energy & Petroleum Statistics Report 2024_2025.pdf,47,1,4,Liquefied Petroleum Gas (LPG) Storage And Filling Facility | 3,Liquefied Petroleum Gas (LPG) Storage And Filling Facility,3,,,,,,,,,,,,,,,,,,
233,Bi-Annual Energy & Petroleum Statistics Report 2024_2025.pdf,47,1,5,Liquefied Petroleum Gas (LPG) Consumer Site | 1,Liquefied Petroleum Gas (LPG) Consumer Site,1,,,,,,,,,,,,,,,,,,
234,Bi-Annual Energy & Petroleum Statistics Report 2024_2025.pdf,47,1,6,LPG consumer site for Public Institutions | 1,LPG consumer site for Public Institutions,1,,,,,,,,,,,,,,,,,,
235,Bi-Annual Energy & Petroleum Statistics Report 2024_2025.pdf,47,1,7,Fuel Consumer Site | 1,Fuel Consumer Site,1,,,,,,,,,,,,,,,,,,
236,Bi-Annual Energy & Petroleum Statistics Report 2024_2025.pdf,47,1,8,Total | 62,Total,62,,,,,,,,,,,,,,,,,,
237,Bi-Annual Energy & Petroleum Statistics Report 2024_2025.pdf,47,2,1,No | Licensee | Technology | Capacity | County,No,Licensee,Technology,Capacity,County,,,,,,,,,,,,,,,
238,Bi-Annual Energy & Petroleum Statistics Report 2024_2025.pdf,47,2,2,1 | Ecoligo Limited (SPV Plant at Abbysinia Steel) | Solar PV | 3.3MW | Kwale,1,Ecoligo Limited (SPV Plant at Abbysinia Steel),Solar PV,3.3MW,Kwale,,,,,,,,,,,,,,,
239,Bi-Annual Energy & Petroleum Statistics Report 2024_2025.pdf,47,2,3,2 | Capwell Industries Limited | Solar PV | 1.23MW | Kiambu,2,Capwell Industries Limited,Solar PV,1.23MW,Kiambu,,,,,,,,,,,,,,,
240,Bi-Annual Energy & Petroleum Statistics Report 2024_2025.pdf,47,3,1,Licence category | Number of Issued Certificates/Licences,Licence category,Number of Issued Certificates/Licences,,,,,,,,,,,,,,,,,,
241,Bi-Annual Energy & Petroleum Statistics Report 2024_2025.pdf,47,3,2,C2 | C1 | B | A2 | A1 | Total,,C2,C1,B,A2,A1,Total,,,,,,,,,,,,,
242,Bi-Annual Energy & Petroleum Statistics Report 2024_2025.pdf,47,3,3,Electrical Workers | 148 | 124 | 39 | 6 | 25 | 342,Electrical Workers,148,124,39,6,25,342,,,,,,,,,,,,,
243,Bi-Annual Energy & Petroleum Statistics Report 2024_2025.pdf,47,3,4,Electrical Contractors | 168 | 117 | 32 | 3 | 36 | 356,Electrical Contractors,168,117,32,3,36,356,,,,,,,,,,,,,
244,Bi-Annual Energy & Petroleum Statistics Report 2024_2025.pdf,47,4,1,Category | Class | Number of licences issued,Category,Class,Number of licences issued,,,,,,,,,,,,,,,,,
245,Bi-Annual Energy & Petroleum Statistics Report 2024_2025.pdf,47,4,2,Solar PV Contractor/ Vendor/ Manufacturer | C1 | 85,Solar PV Contractor/ Vendor/ Manufacturer,C1,85,,,,,,,,,,,,,,,,,
246,Bi-Annual Energy & Petroleum Statistics Report 2024_2025.pdf,47,4,3,V1 | 66,,V1,66,,,,,,,,,,,,,,,,,
247,Bi-Annual Energy & Petroleum Statistics Report 2024_2025.pdf,47,4,4,V2 | 66,,V2,66,,,,,,,,,,,,,,,,,
248,Bi-Annual Energy & Petroleum Statistics Report 2024_2025.pdf,47,4,5,Solar PV Technicians | T3 | 72,Solar PV Technicians,T3,72,,,,,,,,,,,,,,,,,
249,Bi-Annual Energy & Petroleum Statistics Report 2024_2025.pdf,47,4,6,T2 | 14,,T2,14,,,,,,,,,,,,,,,,,
250,Bi-Annual Energy & Petroleum Statistics Report 2024_2025.pdf,48,1,1,Month | Export Volume Marked (Litres) | Local Kerosene Volume Marked (Litres),Month,Export Volume Marked (Litres),Local Kerosene Volume Marked (Litres),,,,,,,,,,,,,,,,,
251,Bi-Annual Energy & Petroleum Statistics Report 2024_2025.pdf,48,1,2,"July | 353,484,951 | 3,818,558",July,"353,484,951","3,818,558",,,,,,,,,,,,,,,,,
252,Bi-Annual Energy & Petroleum Statistics Report 2024_2025.pdf,48,1,3,"August | 320,777,417 | 3,800,607",August,"320,777,417","3,800,607",,,,,,,,,,,,,,,,,
253,Bi-Annual Energy & Petroleum Statistics Report 2024_2025.pdf,48,1,4,"September | 322,140,761 | 3,601,641",September,"322,140,761","3,601,641",,,,,,,,,,,,,,,,,
254,Bi-Annual Energy & Petroleum Statistics Report 2024_2025.pdf,48,1,5,"October | 303,099,035 | 3,308,092",October,"303,099,035","3,308,092",,,,,,,,,,,,,,,,,
255,Bi-Annual Energy & Petroleum Statistics Report 2024_2025.pdf,48,1,6,"November | 323,201,986 | 3,949,401",November,"323,201,986","3,949,401",,,,,,,,,,,,,,,,,
256,Bi-Annual Energy & Petroleum Statistics Report 2024_2025.pdf,48,1,7,"December | 383,905,291 | 5,108,864",December,"383,905,291","5,108,864",,,,,,,,,,,,,,,,,
257,Bi-Annual Energy & Petroleum Statistics Report 2024_2025.pdf,48,1,8,"Total | 2,006,609,441 | 23,587,163",Total,"2,006,609,441","23,587,163",,,,,,,,,,,,,,,,,
258,Bi-Annual Energy & Petroleum Statistics Report 2024_2025.pdf,49,1,1,No | Type of Forum | Number of grassroots forums | Region,No,Type of Forum,Number of grassroots forums,Region,,,,,,,,,,,,,,,,
259,Bi-Annual Energy & Petroleum Statistics Report 2024_2025.pdf,49,1,2,"1 | Bodaboda riders engagement forums | 3 | Kisumu, Eldoret and Kitengela",1,Bodaboda riders engagement forums,3,"Kisumu, Eldoret and Kitengela",,,,,,,,,,,,,,,,
260,Bi-Annual Energy & Petroleum Statistics Report 2024_2025.pdf,49,1,3,2 | Electricity and Solar PV contractors and licensees | 2 | Uasin Gishu and West Pokot,2,Electricity and Solar PV contractors and licensees,2,Uasin Gishu and West Pokot,,,,,,,,,,,,,,,,
261,Bi-Annual Energy & Petroleum Statistics Report 2024_2025.pdf,49,1,4,"3 | Petroleum and LPG licensees and public sensitizations on safety, compliance and consumer rights | 9 | Kajaido, Uasin Gishu, Nairobi and West Pokot",3,"Petroleum and LPG licensees and public sensitizations on safety, compliance and consumer rights",9,"Kajaido, Uasin Gishu, Nairobi and West Pokot",,,,,,,,,,,,,,,,
262,Bi-Annual Energy & Petroleum Statistics Report 2024_2025.pdf,49,1,5,"4 | National Government Administration Officers (NGAO) and Security & Intelligence Committees | 3 | Uasin Gishu, Nairobi and West Pokot",4,National Government Administration Officers (NGAO) and Security & Intelligence Committees,3,"Uasin Gishu, Nairobi and West Pokot",,,,,,,,,,,,,,,,
263,Bi-Annual Energy & Petroleum Statistics Report 2024_2025.pdf,49,1,6,"5 | County government trade, fire and enforcement staff capacity building and sensitization forums | 3 | Uasin Ngishu, Nairobi and West Pokot",5,"County government trade, fire and enforcement staff capacity building and sensitization forums",3,"Uasin Ngishu, Nairobi and West Pokot",,,,,,,,,,,,,,,,
264,Bi-Annual Energy & Petroleum Statistics Report 2024_2025.pdf,49,1,7,"6 | Institutions of higher learning energy and petroleum sensitizations | 4 | Kiambu, Nairobi and West Pokot",6,Institutions of higher learning energy and petroleum sensitizations,4,"Kiambu, Nairobi and West Pokot",,,,,,,,,,,,,,,,
265,Bi-Annual Energy & Petroleum Statistics Report 2024_2025.pdf,49,1,8,7 | LPG and Petroleum marketers and tanker drivers safety and compliance engagements | 3 | Online and Eldoret service stations and Petroleum Pipeline Depot,7,LPG and Petroleum marketers and tanker drivers safety and compliance engagements,3,Online and Eldoret service stations and Petroleum Pipeline Depot,,,,,,,,,,,,,,,,
266,Bi-Annual Energy & Petroleum Statistics Report 2024_2025.pdf,50,1,8,0.14,,0.14,,,,,,,,,,,,,,,,,,
267,Biannual Statistics Report 2025-2026.pdf,7,1,1,DIRECTOR GENERAL’S MESSAGE,DIRECTOR GENERAL’S MESSAGE,,,,,,,,,,,,,,,,,,,
268,Biannual Statistics Report 2025-2026.pdf,7,1,5,"Daniel Kiptoo Bargoria MBS, OGW","Daniel Kiptoo Bargoria MBS, OGW",,,,,,,,,,,,,,,,,,,
269,Biannual Statistics Report 2025-2026.pdf,8,1,1,"MESSAGE BY THE DIRECTOR, ECONOMIC REGULATION AND STRATEGY","MESSAGE BY THE DIRECTOR, ECONOMIC REGULATION AND STRATEGY",,,,,,,,,,,,,,,,,,,
270,Biannual Statistics Report 2025-2026.pdf,8,1,3,Dr. John M. Mutua,Dr. John M. Mutua,,,,,,,,,,,,,,,,,,,
271,Biannual Statistics Report 2025-2026.pdf,11,4,1,Technology | Interconnected Capacity (MW) | Captive Capacity (MW) | Offgrid Capacity | Total Installed Capacity | % Total Installed,Technology,Interconnected Capacity (MW),,Captive Capacity (MW),Offgrid Capacity,Total Installed Capacity,% Total Installed,,,,,,,,,,,,,
272,Biannual Statistics Report 2025-2026.pdf,11,4,2,Installed | Effective,,Installed,Effective,,,,,,,,,,,,,,,,,
273,Biannual Statistics Report 2025-2026.pdf,11,4,3,Geothermal | 940.0 | 876.1 | 3.7 | 943.7 | 25.72%,Geothermal,940.0,876.1,3.7,,943.7,25.72%,,,,,,,,,,,,,
274,Biannual Statistics Report 2025-2026.pdf,11,4,4,Hydro | 839.5 | 809.7 | 33.0 | 0.1 | 872.5 | 23.78%,Hydro,839.5,809.7,33.0,0.1,872.5,23.78%,,,,,,,,,,,,,
275,Biannual Statistics Report 2025-2026.pdf,11,4,5,Thermal | 565.8 | 558.4 | 21.3 | 41.0 | 628.1 | 17.12%,Thermal,565.8,558.4,21.3,41.0,628.1,17.12%,,,,,,,,,,,,,
276,Biannual Statistics Report 2025-2026.pdf,11,4,6,Solar | 210.3 | 210.3 | 326.7 | 3.9 | 540.9 | 14.74%,Solar,210.3,210.3,326.7,3.9,540.9,14.74%,,,,,,,,,,,,,
277,Biannual Statistics Report 2025-2026.pdf,11,4,7,Wind | 435.5 | 425.5 | - | 0.6 | 436.1 | 11.89%,Wind,435.5,425.5,-,0.6,436.1,11.89%,,,,,,,,,,,,,
278,Biannual Statistics Report 2025-2026.pdf,11,4,8,Bioenergy | 2.0 | 2.0 | 161.8 | 163.8 | 4.47%,Bioenergy,2.0,2.0,161.8,,163.8,4.47%,,,,,,,,,,,,,
279,Biannual Statistics Report 2025-2026.pdf,11,4,9,WHRC | - | - | 83.5 | 83.5 | 2.28%,WHRC,-,-,83.5,,83.5,2.28%,,,,,,,,,,,,,
280,Biannual Statistics Report 2025-2026.pdf,11,4,10,Imports | 200.0 | 200.0 | - | 200.0,Imports,200.0,200.0,-,,200.0,,,,,,,,,,,,,,
281,Biannual Statistics Report 2025-2026.pdf,11,4,11,"Total | 3,193.0 | 3,082.0 | 630.1 | 45.5 | 3,868.6 | 100.00%",Total,"3,193.0","3,082.0",630.1,45.5,"3,868.6",100.00%,,,,,,,,,,,,,
282,Biannual Statistics Report 2025-2026.pdf,12,1,4,"1,258.36",,,,"1,258.36",,,,,,,,,,,,,,,,
283,Biannual Statistics Report 2025-2026.pdf,14,1,5,389.52,,,,389.52,,,,,,,,,,,,,,,,
284,Biannual Statistics Report 2025-2026.pdf,14,1,7,276.29,,276.29,,,,,,,,,,,,,,,,,,
285,Biannual Statistics Report 2025-2026.pdf,16,2,1,7.48 7.33,,7.48 7.33,,,,,,,,,,,,,,,,,,
286,Biannual Statistics Report 2025-2026.pdf,17,1,4,4.26 3.45,,,,,,4.26 3.45,,,,,,,,,,,,,,
287,Biannual Statistics Report 2025-2026.pdf,17,1,5,1.59 1.13 1.02,,,,,,,,1.59 1.13 1.02,,,,,,,,,,,,
288,Biannual Statistics Report 2025-2026.pdf,18,1,1,Jul 2025 | Aug 2025 | Sept 2025 | Oct 2025 | Nov 2025 | Dec 2025 | Average | EPRA target (Financial year 2025/26),,Jul 2025,Aug 2025,Sept 2025,Oct 2025,Nov 2025,Dec 2025,Average,EPRA target (Financial year 2025/26),,,,,,,,,,,
289,Biannual Statistics Report 2025-2026.pdf,18,1,2,CAIDI | 2.54 | 2.37 | 2.11 | 2.60 | 2.30 | 2.39 | 2.38 | 1.36,CAIDI,2.54,2.37,2.11,2.60,2.30,2.39,2.38,1.36,,,,,,,,,,,
290,Biannual Statistics Report 2025-2026.pdf,18,1,3,SAIDI | 7.18 | 8.42 | 8.01 | 9.83 | 7.61 | 9.26 | 8.39 | 1.50,SAIDI,7.18,8.42,8.01,9.83,7.61,9.26,8.39,1.50,,,,,,,,,,,
291,Biannual Statistics Report 2025-2026.pdf,18,1,4,SAIFI | 2.82 | 3.55 | 3.79 | 3.79 | 3.31 | 3.88 | 3.52 | 1.10,SAIFI,2.82,3.55,3.79,3.79,3.31,3.88,3.52,1.10,,,,,,,,,,,
292,Biannual Statistics Report 2025-2026.pdf,18,2,1,2.11,,2.11,,,,,,,,,,,,,,,,,,
293,Biannual Statistics Report 2025-2026.pdf,20,1,1,Customer Category | Voltage at connection | Energy Limit (kWh/month) | Energy Charge (Ksh. /kWh) | Demand Charge (Ksh.),Customer Category,Voltage at connection,Energy Limit (kWh/month),Energy Charge (Ksh. /kWh),,Demand Charge (Ksh.),,,,,,,,,,,,,,
294,Biannual Statistics Report 2025-2026.pdf,20,1,2,As at June 2025 | As at December 2025,,,,As at June 2025,As at December 2025,,,,,,,,,,,,,,,
295,Biannual Statistics Report 2025-2026.pdf,20,1,3,Domestic | 240 Volts/415 Volts | 0-30 | 12.23 | 12.14 | 0,Domestic,240 Volts/415 Volts,0-30,12.23,12.14,0,,,,,,,,,,,,,,
296,Biannual Statistics Report 2025-2026.pdf,20,1,4,30-100 | 16.54 | 16.50 | 0,,,30-100,16.54,16.50,0,,,,,,,,,,,,,,
297,Biannual Statistics Report 2025-2026.pdf,20,1,5,>100 | 19.08 | 18.57 | 0,,,>100,19.08,18.57,0,,,,,,,,,,,,,,
298,Biannual Statistics Report 2025-2026.pdf,20,1,6,Small Commercial | 240 Volts/415 Volts | <30 | 12.23 | 12.28 | 0,Small Commercial,240 Volts/415 Volts,<30,12.23,12.28,0,,,,,,,,,,,,,,
299,Biannual Statistics Report 2025-2026.pdf,20,1,7,30-100 | 16.34 | 16.30 | 0,,,30-100,16.34,16.30,0,,,,,,,,,,,,,,
300,Biannual Statistics Report 2025-2026.pdf,20,1,8,>100 | 19.40 | 19.00 | 0,,,>100,19.40,19.00,0,,,,,,,,,,,,,,
301,Biannual Statistics Report 2025-2026.pdf,20,1,9,"Electric Mobility | 240 Volts/415 Volts | 200-15,000 | 16.0 | 16.0 | 0",Electric Mobility,240 Volts/415 Volts,"200-15,000",16.0,16.0,0,,,,,,,,,,,,,,
302,Biannual Statistics Report 2025-2026.pdf,20,1,10,"Commercial Industrial | 415 Volts | >15,000 | 13.74 | 13.44 | 1,100",Commercial Industrial,415 Volts,">15,000",13.74,13.44,"1,100",,,,,,,,,,,,,,
303,Biannual Statistics Report 2025-2026.pdf,20,1,11,"11,000 Volts | No Limit | 12.44 | 12.16 | 700",,"11,000 Volts",No Limit,12.44,12.16,700,,,,,,,,,,,,,,
304,Biannual Statistics Report 2025-2026.pdf,20,1,12,"33,000 Volts | No Limit | 11.92 | 11.68 | 370",,"33,000 Volts",No Limit,11.92,11.68,370,,,,,,,,,,,,,,
305,Biannual Statistics Report 2025-2026.pdf,20,1,13,"66,000 Volts | No Limit | 11.68 | 11.42 | 300",,"66,000 Volts",No Limit,11.68,11.42,300,,,,,,,,,,,,,,
306,Biannual Statistics Report 2025-2026.pdf,20,1,14,"132,000 Volts | No Limit | 11.4 | 11.16 | 300",,"132,000 Volts",No Limit,11.4,11.16,300,,,,,,,,,,,,,,
307,Biannual Statistics Report 2025-2026.pdf,20,1,15,"220,000 Volts | No Limit | 10 | 10 | 200",,"220,000 Volts",No Limit,10,10,200,,,,,,,,,,,,,,
308,Biannual Statistics Report 2025-2026.pdf,20,1,16,"Special Economic Zones | 220,000 Volts | No Limit | 10 | 10 | 200",Special Economic Zones,"220,000 Volts",No Limit,10,10,200,,,,,,,,,,,,,,
309,Biannual Statistics Report 2025-2026.pdf,20,1,17,Street Lighting | No Limit | 9.23 | 9.15 | 0,Street Lighting,,No Limit,9.23,9.15,0,,,,,,,,,,,,,,
310,Biannual Statistics Report 2025-2026.pdf,21,1,1,Customer Category | Jul-25 Ksh/kWh | Aug-25 Ksh/kWh | Sep-25 Ksh/kWh | Oct-25 Ksh/kWh | Nov-25 Ksh/kWh | Dec-25 Ksh/kWh,Customer Category,Jul-25 Ksh/kWh,Aug-25 Ksh/kWh,Sep-25 Ksh/kWh,Oct-25 Ksh/kWh,Nov-25 Ksh/kWh,Dec-25 Ksh/kWh,,,,,,,,,,,,,
311,Biannual Statistics Report 2025-2026.pdf,21,1,2,DC 1 Lifeline (0-30 kWh) | 20.50 | 19.91 | 20.21 | 21.04 | 20.60 | 19.87,DC 1 Lifeline (0-30 kWh),20.50,19.91,20.21,21.04,20.60,19.87,,,,,,,,,,,,,
312,Biannual Statistics Report 2025-2026.pdf,21,1,3,DC 2 Ordinary (30-100 kWh) | 25.78 | 25.19 | 25.48 | 26.32 | 25.88 | 25.15,DC 2 Ordinary (30-100 kWh),25.78,25.19,25.48,26.32,25.88,25.15,,,,,,,,,,,,,
313,Biannual Statistics Report 2025-2026.pdf,21,1,4,DC 3 Ordinary (100-15000 kWh) | 28.28 | 27.70 | 27.99 | 28.82 | 28.38 | 27.65,DC 3 Ordinary (100-15000 kWh),28.28,27.70,27.99,28.82,28.38,27.65,,,,,,,,,,,,,
314,Biannual Statistics Report 2025-2026.pdf,21,1,5,Small Commercial 1 (0-30 kWh) | 20.67 | 20.09 | 20.37 | 21.21 | 20.77 | 20.04,Small Commercial 1 (0-30 kWh),20.67,20.09,20.37,21.21,20.77,20.04,,,,,,,,,,,,,
315,Biannual Statistics Report 2025-2026.pdf,21,1,6,Small Commercial 2 (30kWh-100kWh) | 25.53 | 24.95 | 25.24 | 26.07 | 25.63 | 24.90,Small Commercial 2 (30kWh-100kWh),25.53,24.95,25.24,26.07,25.63,24.90,,,,,,,,,,,,,
316,Biannual Statistics Report 2025-2026.pdf,21,1,7,Small Commercial 3 (100kWh-1500kWh) | 28.80 | 28.22 | 28.51 | 29.34 | 28.90 | 28.17,Small Commercial 3 (100kWh-1500kWh),28.80,28.22,28.51,29.34,28.90,28.17,,,,,,,,,,,,,
317,Biannual Statistics Report 2025-2026.pdf,21,1,8,SC Bulk Supply (1000kWh-1500kWh) | 28.80 | 28.22 | 28.51 | 29.34 | 28.90 | 28.17,SC Bulk Supply (1000kWh-1500kWh),28.80,28.22,28.51,29.34,28.90,28.17,,,,,,,,,,,,,
318,Biannual Statistics Report 2025-2026.pdf,21,1,9,"Commercial Industrial 1 - 415 V (> 15,000 kWh) | 25.53 | 24.95 | 25.24 | 26.07 | 25.63 | 24.90","Commercial Industrial 1 - 415 V (> 15,000 kWh)",25.53,24.95,25.24,26.07,25.63,24.90,,,,,,,,,,,,,
319,Biannual Statistics Report 2025-2026.pdf,21,1,10,"Commercial Industrial 2 - 11,000 V | 21.41 | 20.83 | 21.12 | 21.95 | 21.51 | 20.78","Commercial Industrial 2 - 11,000 V",21.41,20.83,21.12,21.95,21.51,20.78,,,,,,,,,,,,,
320,Biannual Statistics Report 2025-2026.pdf,21,1,11,"Commercial Industrial 3 - 33,000 V | 21.60 | 21.01 | 20.31 | 22.14 | 21.70 | 20.97","Commercial Industrial 3 - 33,000 V",21.60,21.01,20.31,22.14,21.70,20.97,,,,,,,,,,,,,
321,Biannual Statistics Report 2025-2026.pdf,21,1,12,"Commercial Industrial 4 - 66,000 V | 20.64 | 20.06 | 20.35 | 21.18 | 20.74 | 20.01","Commercial Industrial 4 - 66,000 V",20.64,20.06,20.35,21.18,20.74,20.01,,,,,,,,,,,,,
322,Biannual Statistics Report 2025-2026.pdf,21,1,13,"Commercial Industrial 5 - 132,000 V | 19.74 | 19.15 | 19.44 | 20.28 | 19.84 | 19.10","Commercial Industrial 5 - 132,000 V",19.74,19.15,19.44,20.28,19.84,19.10,,,,,,,,,,,,,
323,Biannual Statistics Report 2025-2026.pdf,21,1,14,"Commercial Industrial 6 - 220,000 V | 17.94 | 17.36 | 17.65 | 18.49 | 18.05 | 17.32","Commercial Industrial 6 - 220,000 V",17.94,17.36,17.65,18.49,18.05,17.32,,,,,,,,,,,,,
324,Biannual Statistics Report 2025-2026.pdf,21,1,15,Commercial Industrial 7 (SEZs) | 17.94 | 17.36 | 17.65 | 18.49 | 18.05 | 17.32,Commercial Industrial 7 (SEZs),17.94,17.36,17.65,18.49,18.05,17.32,,,,,,,,,,,,,
325,Biannual Statistics Report 2025-2026.pdf,21,1,16,E-Mobility | 25.17 | 24.59 | 24.88 | 25.71 | 25.27 | 24.54,E-Mobility,25.17,24.59,24.88,25.71,25.27,24.54,,,,,,,,,,,,,
326,Biannual Statistics Report 2025-2026.pdf,21,1,17,Street Lighting | 16.88 | 16.30 | 16.59 | 17.42 | 16.98 | 16.25,Street Lighting,16.88,16.30,16.59,17.42,16.98,16.25,,,,,,,,,,,,,
327,Biannual Statistics Report 2025-2026.pdf,23,1,1,Component (Kshs. /kWh) | Jul-25 | Aug-25 | Sep-25 | Oct-25 | Nov-25 | Dec-25,Component (Kshs. /kWh),Jul-25,Aug-25,Sep-25,Oct-25,Nov-25,Dec-25,,,,,,,,,,,,,
328,Biannual Statistics Report 2025-2026.pdf,23,1,2,Base Tariff | 18.57 | 18.57 | 18.57 | 18.57 | 18.57 | 18.57,Base Tariff,18.57,18.57,18.57,18.57,18.57,18.57,,,,,,,,,,,,,
329,Biannual Statistics Report 2025-2026.pdf,23,1,3,Pass Through Costs | 5.25 | 4.67 | 4.86 | 5.68 | 5.22 | 4.55,Pass Through Costs,5.25,4.67,4.86,5.68,5.22,4.55,,,,,,,,,,,,,
330,Biannual Statistics Report 2025-2026.pdf,23,1,4,Taxes and Levies | 4.62 | 4.66 | 4.65 | 4.64 | 4.70 | 4.67,Taxes and Levies,4.62,4.66,4.65,4.64,4.70,4.67,,,,,,,,,,,,,
331,Biannual Statistics Report 2025-2026.pdf,23,1,5,Total | 28.28 | 27.70 | 27.99 | 28.82 | 28.38 | 27.65,Total,28.28,27.70,27.99,28.82,28.38,27.65,,,,,,,,,,,,,
332,Biannual Statistics Report 2025-2026.pdf,23,2,1,"Month | No. of Customers Who Benefited | Customer Savings (Ksh. 000,000) | Total Increase in Sales (Low Rate) GWh",Month,No. of Customers Who Benefited,"Customer Savings (Ksh. 000,000)",Total Increase in Sales (Low Rate) GWh,,,,,,,,,,,,,,,,
333,Biannual Statistics Report 2025-2026.pdf,23,2,2,"Jul-25 | 2,478 | 146.3 | 19.3",Jul-25,"2,478",146.3,19.3,,,,,,,,,,,,,,,,
334,Biannual Statistics Report 2025-2026.pdf,23,2,3,"Aug-25 | 2,826 | 145.5 | 19.8",Aug-25,"2,826",145.5,19.8,,,,,,,,,,,,,,,,
335,Biannual Statistics Report 2025-2026.pdf,23,2,4,"Sep-25 | 2,446 | 123.7 | 15.8",Sep-25,"2,446",123.7,15.8,,,,,,,,,,,,,,,,
336,Biannual Statistics Report 2025-2026.pdf,23,2,5,"Oct-25 | 2,745 | 150.4 | 19.9",Oct-25,"2,745",150.4,19.9,,,,,,,,,,,,,,,,
337,Biannual Statistics Report 2025-2026.pdf,23,2,6,"Nov-25 | 2,937 | 196.8 | 27.2",Nov-25,"2,937",196.8,27.2,,,,,,,,,,,,,,,,
338,Biannual Statistics Report 2025-2026.pdf,23,2,7,"Dec-25 | 2,918 | 208.4 | 46.0",Dec-25,"2,918",208.4,46.0,,,,,,,,,,,,,,,,
339,Biannual Statistics Report 2025-2026.pdf,24,1,1,Company | Energy Purchased (GWh) (July-December 2025) | % Market Share (July - December 2024) | % Market Share (July - December 2025),Company,Energy Purchased (GWh) (July-December 2025),% Market Share (July - December 2024),% Market Share (July - December 2025),,,,,,,,,,,,,,,,
340,Biannual Statistics Report 2025-2026.pdf,24,1,2,"KenGen | 4,461.66 | 59.94% | 57.49%",KenGen,"4,461.66",59.94%,57.49%,,,,,,,,,,,,,,,,
341,Biannual Statistics Report 2025-2026.pdf,24,1,3,LTWP | 773.40 | 10.24% | 9.97%,LTWP,773.40,10.24%,9.97%,,,,,,,,,,,,,,,,
342,Biannual Statistics Report 2025-2026.pdf,24,1,4,Ethiopian Electric Power (EEP) 500 HVDC | 766.48 | 8.85% | 9.88%,Ethiopian Electric Power (EEP) 500 HVDC,766.48,8.85%,9.88%,,,,,,,,,,,,,,,,
343,Biannual Statistics Report 2025-2026.pdf,24,1,5,Orpower | 497.19 | 5.78% | 6.41%,Orpower,497.19,5.78%,6.41%,,,,,,,,,,,,,,,,
344,Biannual Statistics Report 2025-2026.pdf,24,1,6,Rabai Power | 250.53 | 3.21% | 3.23%,Rabai Power,250.53,3.21%,3.23%,,,,,,,,,,,,,,,,
345,Biannual Statistics Report 2025-2026.pdf,24,1,7,Kipeto Energy PLC | 213.72 | 3.01% | 2.75%,Kipeto Energy PLC,213.72,3.01%,2.75%,,,,,,,,,,,,,,,,
346,Biannual Statistics Report 2025-2026.pdf,24,1,8,Sosian Menengai Geothermal | 167.60 | 2.23% | 2.16%,Sosian Menengai Geothermal,167.60,2.23%,2.16%,,,,,,,,,,,,,,,,
347,Biannual Statistics Report 2025-2026.pdf,24,1,9,Uganda Electricity Transmission Company Limited (UETCL) | 163.67 | 1.55% | 2.11%,Uganda Electricity Transmission Company Limited (UETCL),163.67,1.55%,2.11%,,,,,,,,,,,,,,,,
348,Biannual Statistics Report 2025-2026.pdf,24,1,10,Thika Power | 103.59 | 0.67% | 1.33%,Thika Power,103.59,0.67%,1.33%,,,,,,,,,,,,,,,,
349,Biannual Statistics Report 2025-2026.pdf,24,1,11,Alten Kenya Solarfarm | 52.00 | 0.70% | 0.67%,Alten Kenya Solarfarm,52.00,0.70%,0.67%,,,,,,,,,,,,,,,,
350,Biannual Statistics Report 2025-2026.pdf,24,1,12,Malindi Solar Group | 50.15 | 0.70% | 0.65%,Malindi Solar Group,50.15,0.70%,0.65%,,,,,,,,,,,,,,,,
351,Biannual Statistics Report 2025-2026.pdf,24,1,13,Selenkei Solar Farm | 44.15 | 0.62% | 0.57%,Selenkei Solar Farm,44.15,0.62%,0.57%,,,,,,,,,,,,,,,,
352,Biannual Statistics Report 2025-2026.pdf,24,1,14,Garissa Solar Power Plant | 40.93 | 0.56% | 0.53%,Garissa Solar Power Plant,40.93,0.56%,0.53%,,,,,,,,,,,,,,,,
353,Biannual Statistics Report 2025-2026.pdf,24,1,15,Cedate | 40.41 | 0.60% | 0.52%,Cedate,40.41,0.60%,0.52%,,,,,,,,,,,,,,,,
354,Biannual Statistics Report 2025-2026.pdf,24,1,16,Others | 135.18 | 1.34% | 1.74%,Others,135.18,1.34%,1.74%,,,,,,,,,,,,,,,,
355,Biannual Statistics Report 2025-2026.pdf,24,1,17,"Total | 7,760.66 | 100% | 100%",Total,"7,760.66",100%,100%,,,,,,,,,,,,,,,,
356,Biannual Statistics Report 2025-2026.pdf,26,4,1,Technology | Interconnected Capacity (MW) | Captive Capacity (MW) | Offgrid Capacity | Total Installed Capacity | % Total Installed,Technology,Interconnected Capacity (MW),,Captive Capacity (MW),Offgrid Capacity,Total Installed Capacity,% Total Installed,,,,,,,,,,,,,
357,Biannual Statistics Report 2025-2026.pdf,26,4,2,Installed | Effective,,Installed,Effective,,,,,,,,,,,,,,,,,
358,Biannual Statistics Report 2025-2026.pdf,26,4,3,Hydro | 839.5 | 809.7 | 33.0 | 0.1 | 872.5 | 23.78%,Hydro,839.5,809.7,33.0,0.1,872.5,23.78%,,,,,,,,,,,,,
359,Biannual Statistics Report 2025-2026.pdf,26,4,4,Geothermal | 940.0 | 876.1 | 3.7 | 0.0 | 943.7 | 25.72%,Geothermal,940.0,876.1,3.7,0.0,943.7,25.72%,,,,,,,,,,,,,
360,Biannual Statistics Report 2025-2026.pdf,26,4,5,Wind | 435.5 | 425.5 | - | 0.6 | 436.1 | 11.89%,Wind,435.5,425.5,-,0.6,436.1,11.89%,,,,,,,,,,,,,
361,Biannual Statistics Report 2025-2026.pdf,26,4,6,Solar | 210.3 | 210.3 | 326.7 | 3.9 | 540.9 | 14.74%,Solar,210.3,210.3,326.7,3.9,540.9,14.74%,,,,,,,,,,,,,
362,Biannual Statistics Report 2025-2026.pdf,26,4,7,Bioenergy | 2.0 | 2.0 | 161.8 | 0.0 | 163.8 | 4.47%,Bioenergy,2.0,2.0,161.8,0.0,163.8,4.47%,,,,,,,,,,,,,
363,Biannual Statistics Report 2025-2026.pdf,26,4,8,"Total | 2,427.2 | 2,323.6 | 525.2 | 4.6 | 2,957.0 | 80.60%",Total,"2,427.2","2,323.6",525.2,4.6,"2,957.0",80.60%,,,,,,,,,,,,,
364,Biannual Statistics Report 2025-2026.pdf,27,1,4,496.11 498.40,,,,496.11 498.40,,,,,,,,,,,,,,,,
365,Biannual Statistics Report 2025-2026.pdf,27,2,4,"2,864.32 2,853.83",,,,"2,864.32 2,853.83",,,,,,,,,,,,,,,,
366,Biannual Statistics Report 2025-2026.pdf,27,2,7,"2,675.67",,,,"2,675.67",,,,,,,,,,,,,,,,
367,Biannual Statistics Report 2025-2026.pdf,28,1,2,263.78,,,,263.78,,,,,,,,,,,,,,,,
368,Biannual Statistics Report 2025-2026.pdf,29,1,2,825.77,,,,825.77,,,,,,,,,,,,,,,,
369,Biannual Statistics Report 2025-2026.pdf,30,1,2,240.99,,240.99,,,,,,,,,,,,,,,,,,
370,Biannual Statistics Report 2025-2026.pdf,30,1,4,232.62,,,,232.62,,,,,,,,,,,,,,,,
371,Biannual Statistics Report 2025-2026.pdf,30,1,5,227.82,,,,227.82,,,,,,,,,,,,,,,,
372,Biannual Statistics Report 2025-2026.pdf,32,1,1,Refrigerator models 3% 25% 27% 45% 1 - Star 2 - Star 3 - Star 4 - Star,Refrigerator models 3% 25% 27% 45% 1 - Star 2 - Star 3 - Star 4 - Star,,,,,,,,,,,,,,,,,,,
373,Biannual Statistics Report 2025-2026.pdf,32,1,2,Refrigerator models 3% 25% 27% 45% 1 - Star 2 - Star 3 - Star 4 - Star,,Refrigerator models 3% 25% 27% 45% 1 - Star 2 - Star 3 - Star 4 - Star,,,,,,,,,,,,,,,,,,
374,Biannual Statistics Report 2025-2026.pdf,32,2,1,AC models 30% 1 - Star 37% 2 - Star 3 - Star 33% | AC models 30% 1 - Star 37% 2 - Star 3 - Star 33%,AC models 30% 1 - Star 37% 2 - Star 3 - Star 33%,,AC models 30% 1 - Star 37% 2 - Star 3 - Star 33%,,,,,,,,,,,,,,,,,
375,Biannual Statistics Report 2025-2026.pdf,33,4,1,Basin | Number of Blocks,Basin,Number of Blocks,,,,,,,,,,,,,,,,,,
376,Biannual Statistics Report 2025-2026.pdf,33,4,2,Tertiary Rift | 12,Tertiary Rift,12,,,,,,,,,,,,,,,,,,
377,Biannual Statistics Report 2025-2026.pdf,33,4,3,Anza | 6,Anza,6,,,,,,,,,,,,,,,,,,
378,Biannual Statistics Report 2025-2026.pdf,33,4,4,Mandera | 3,Mandera,3,,,,,,,,,,,,,,,,,,
379,Biannual Statistics Report 2025-2026.pdf,33,4,5,Lamu | 29,Lamu,29,,,,,,,,,,,,,,,,,,
380,Biannual Statistics Report 2025-2026.pdf,33,4,6,Total | 50,Total,50,,,,,,,,,,,,,,,,,,
381,Biannual Statistics Report 2025-2026.pdf,37,2,2,"57,680 | 3 | 73,10 | 9 3 | 69,46 | 3 8 | 63,94 | 8 3 | 78,60 | 3 3 | 88,65","57,680",3,"73,10",9 3,"69,46",3 8,"63,94",8 3,"78,60",3 3,"88,65",,,,,,,,,
382,Biannual Statistics Report 2025-2026.pdf,37,2,6,"23,387 | 4 | 18,20 | 9 4 | 05,60 | 4 0 | 31,23 | 7 | 391,25 | 4 1 | 43,30","23,387",4,"18,20",9 4,"05,60",4 0,"31,23",7,"391,25",4 1,"43,30",,,,,,,,,
383,Biannual Statistics Report 2025-2026.pdf,39,1,1,"a and Kilifi ports as well as Namanga, Isebania and Lunga Lunga routes. Du ere received through the Momba1s0a% and Kilifi ports via the AGOL jetty and 87,805 kilograms of LPG was imported through the AGOL jetty, and 22,020 90% 0% AGOL Lake Gas",,,,"a and Kilifi ports as well as Namanga, Isebania and Lunga Lunga routes. Du ere received through the Momba1s0a% and Kilifi ports via the AGOL jetty and 87,805 kilograms of LPG was imported through the AGOL jetty, and 22,020 90% 0% AGOL Lake Gas",,,,,,,,,,,,,,,,
384,Biannual Statistics Report 2025-2026.pdf,39,1,2,90 10% AGOL L 90% : Share of LPG imports by routeAGOL Lake Gas | 90 10% AGOL L 90% | 10% 90% | 0% | 90 AGOL L | % ake Gas,90 10% AGOL L 90% : Share of LPG imports by routeAGOL Lake Gas,90 10% AGOL L 90%,10% 90%,0%,90 AGOL L,% ake Gas,,,,,,,,,,,,,,
385,Biannual Statistics Report 2025-2026.pdf,39,2,1,AGOL L | ake Gas,AGOL L,ake Gas,,,,,,,,,,,,,,,,,,
386,Biannual Statistics Report 2025-2026.pdf,40,2,1,H1 H2 2023 | H1 H2 2024 | H1 H2 2025,H1 H2 2023,H1 H2 2024,H1 H2 2025,,,,,,,,,,,,,,,,,
387,Biannual Statistics Report 2025-2026.pdf,40,3,1,"42,708.44 | 42,038.45 | 42,539.38",,"42,708.44","42,038.45",,,"42,539.38",,,,,,,,,,,,,,
388,Biannual Statistics Report 2025-2026.pdf,40,3,2,"41,525.56 | 41,222.22 | 41,391.43","41,525.56",,,"41,222.22","41,391.43",,,,,,,,,,,,,,,
389,Biannual Statistics Report 2025-2026.pdf,40,4,1,"Company | Total Sales PMS, AGO, IK and JET (m3) | % Share",Company,"Total Sales PMS, AGO, IK and JET (m3)",% Share,,,,,,,,,,,,,,,,,
390,Biannual Statistics Report 2025-2026.pdf,40,4,2,"Vivo Energy Kenya Limited | 648,668.33 | 20.56%",Vivo Energy Kenya Limited,"648,668.33",20.56%,,,,,,,,,,,,,,,,,
391,Biannual Statistics Report 2025-2026.pdf,40,4,3,"TotalEnergies Marketing Kenya Plc | 441,929.34 | 14.01%",TotalEnergies Marketing Kenya Plc,"441,929.34",14.01%,,,,,,,,,,,,,,,,,
392,Biannual Statistics Report 2025-2026.pdf,40,4,4,"Rubis Energy Kenya Plc | 434,600.59 | 13.77%",Rubis Energy Kenya Plc,"434,600.59",13.77%,,,,,,,,,,,,,,,,,
393,Biannual Statistics Report 2025-2026.pdf,40,4,5,"Ola Energy Kenya Limited | 109,987.00 | 3.49%",Ola Energy Kenya Limited,"109,987.00",3.49%,,,,,,,,,,,,,,,,,
394,Biannual Statistics Report 2025-2026.pdf,40,4,6,"Hass Petroleum Kenya Limited | 107,451.12 | 3.41%",Hass Petroleum Kenya Limited,"107,451.12",3.41%,,,,,,,,,,,,,,,,,
395,Biannual Statistics Report 2025-2026.pdf,41,1,1,"Company | Total Sales PMS, AGO, IK and JET (m3) | % Share",Company,"Total Sales PMS, AGO, IK and JET (m3)",% Share,,,,,,,,,,,,,,,,,
396,Biannual Statistics Report 2025-2026.pdf,41,1,2,"Galana Energies Limited | 101,719.89 | 3.22%",Galana Energies Limited,"101,719.89",3.22%,,,,,,,,,,,,,,,,,
397,Biannual Statistics Report 2025-2026.pdf,41,1,3,"Be Energy Limited | 99,952.88 | 3.17%",Be Energy Limited,"99,952.88",3.17%,,,,,,,,,,,,,,,,,
398,Biannual Statistics Report 2025-2026.pdf,41,1,4,"Stabex International Ltd | 78,513.04 | 2.49%",Stabex International Ltd,"78,513.04",2.49%,,,,,,,,,,,,,,,,,
399,Biannual Statistics Report 2025-2026.pdf,41,1,5,"Vitalac International Limited | 77,458.91 | 2.46%",Vitalac International Limited,"77,458.91",2.46%,,,,,,,,,,,,,,,,,
400,Biannual Statistics Report 2025-2026.pdf,41,1,6,"Kengas Kenya Limited | 73,505.23 | 2.33%",Kengas Kenya Limited,"73,505.23",2.33%,,,,,,,,,,,,,,,,,
401,Biannual Statistics Report 2025-2026.pdf,41,1,7,"Petro Oil Kenya Limited | 69,309.00 | 2.20%",Petro Oil Kenya Limited,"69,309.00",2.20%,,,,,,,,,,,,,,,,,
402,Biannual Statistics Report 2025-2026.pdf,41,1,8,"Lake Oil Limited | 58,074.19 | 1.84%",Lake Oil Limited,"58,074.19",1.84%,,,,,,,,,,,,,,,,,
403,Biannual Statistics Report 2025-2026.pdf,41,1,9,"Dalbit Petroleum Limited | 54,879.15 | 1.74%",Dalbit Petroleum Limited,"54,879.15",1.74%,,,,,,,,,,,,,,,,,
404,Biannual Statistics Report 2025-2026.pdf,41,1,10,"Astrol Petroleum Company Limited | 54,795.70 | 1.74%",Astrol Petroleum Company Limited,"54,795.70",1.74%,,,,,,,,,,,,,,,,,
405,Biannual Statistics Report 2025-2026.pdf,41,1,11,"Aftah Petroleum(K)Ltd | 54,053.32 | 1.71%",Aftah Petroleum(K)Ltd,"54,053.32",1.71%,,,,,,,,,,,,,,,,,
406,Biannual Statistics Report 2025-2026.pdf,41,1,12,"Towba Petroleum Company Limited | 53,531.67 | 1.70%",Towba Petroleum Company Limited,"53,531.67",1.70%,,,,,,,,,,,,,,,,,
407,Biannual Statistics Report 2025-2026.pdf,41,1,13,"Leadway Petroleum Limited | 45,825.61 | 1.45%",Leadway Petroleum Limited,"45,825.61",1.45%,,,,,,,,,,,,,,,,,
408,Biannual Statistics Report 2025-2026.pdf,41,1,14,"Tosha Petroleum (Kenya) Limited | 45,476.57 | 1.44%",Tosha Petroleum (Kenya) Limited,"45,476.57",1.44%,,,,,,,,,,,,,,,,,
409,Biannual Statistics Report 2025-2026.pdf,41,1,15,"E3 Energy Kenya Limited | 36,720.22 | 1.16%",E3 Energy Kenya Limited,"36,720.22",1.16%,,,,,,,,,,,,,,,,,
410,Biannual Statistics Report 2025-2026.pdf,41,1,16,"Fossil Supplies Limited | 35,356.00 | 1.12%",Fossil Supplies Limited,"35,356.00",1.12%,,,,,,,,,,,,,,,,,
411,Biannual Statistics Report 2025-2026.pdf,41,1,17,"Others | 473,312.92 | 14.99%",Others,"473,312.92",14.99%,,,,,,,,,,,,,,,,,
412,Biannual Statistics Report 2025-2026.pdf,42,4,1,Type of licence | Licences issued,Type of licence,Licences issued,,,,,,,,,,,,,,,,,,
413,Biannual Statistics Report 2025-2026.pdf,42,4,2,"Driver Certification | 5,712",Driver Certification,"5,712",,,,,,,,,,,,,,,,,,
414,Biannual Statistics Report 2025-2026.pdf,42,4,3,"Transport of petroleum products(Except LPG) by Road | 1,231",Transport of petroleum products(Except LPG) by Road,"1,231",,,,,,,,,,,,,,,,,,
415,Biannual Statistics Report 2025-2026.pdf,42,4,4,Export and Wholesale of Petroleum Products(Except LPG) | 642,Export and Wholesale of Petroleum Products(Except LPG),642,,,,,,,,,,,,,,,,,,
416,Biannual Statistics Report 2025-2026.pdf,42,4,5,Retail of LPG in Cylinders | 610,Retail of LPG in Cylinders,610,,,,,,,,,,,,,,,,,,
417,Biannual Statistics Report 2025-2026.pdf,42,4,6,Retail of Petroleum Products (except LPG) | 474,Retail of Petroleum Products (except LPG),474,,,,,,,,,,,,,,,,,,
418,Biannual Statistics Report 2025-2026.pdf,42,4,7,Transport of LPG in Cylinders | 227,Transport of LPG in Cylinders,227,,,,,,,,,,,,,,,,,,
419,Biannual Statistics Report 2025-2026.pdf,42,4,8,Transport of LPG in bulk by Road | 117,Transport of LPG in bulk by Road,117,,,,,,,,,,,,,,,,,,
420,Biannual Statistics Report 2025-2026.pdf,42,4,9,Storage & Wholesale of LPG in cylinders | 112,Storage & Wholesale of LPG in cylinders,112,,,,,,,,,,,,,,,,,,
421,Biannual Statistics Report 2025-2026.pdf,42,4,10,Transport of Jet-A1 | 71,Transport of Jet-A1,71,,,,,,,,,,,,,,,,,,
422,Biannual Statistics Report 2025-2026.pdf,42,4,11,"Import, Export and Wholesale of Petroleum Products (Except LPG) | 68","Import, Export and Wholesale of Petroleum Products (Except LPG)",68,,,,,,,,,,,,,,,,,,
423,Biannual Statistics Report 2025-2026.pdf,42,4,12,Storage & Filling of LPG in Cylinders | 46,Storage & Filling of LPG in Cylinders,46,,,,,,,,,,,,,,,,,,
424,Biannual Statistics Report 2025-2026.pdf,42,4,13,Export and Wholesale of LPG in bulk | 34,Export and Wholesale of LPG in bulk,34,,,,,,,,,,,,,,,,,,
425,Biannual Statistics Report 2025-2026.pdf,42,4,14,"Import, Export and Wholesale of LPG in bulk | 24","Import, Export and Wholesale of LPG in bulk",24,,,,,,,,,,,,,,,,,,
426,Biannual Statistics Report 2025-2026.pdf,42,4,15,Export & wholesale of Jet-A1 | 23,Export & wholesale of Jet-A1,23,,,,,,,,,,,,,,,,,,
427,Biannual Statistics Report 2025-2026.pdf,42,4,16,Storage of petroleum products(Except LPG) | 20,Storage of petroleum products(Except LPG),20,,,,,,,,,,,,,,,,,,
428,Biannual Statistics Report 2025-2026.pdf,42,4,17,"Import, Export and Wholesale of Bitumen | 17","Import, Export and Wholesale of Bitumen",17,,,,,,,,,,,,,,,,,,
429,Biannual Statistics Report 2025-2026.pdf,42,4,18,Retail of LPG at Autogas Dispensing Station | 16,Retail of LPG at Autogas Dispensing Station,16,,,,,,,,,,,,,,,,,,
430,Biannual Statistics Report 2025-2026.pdf,42,4,19,"Import, Export and Wholesale of Fuel Oil | 15","Import, Export and Wholesale of Fuel Oil",15,,,,,,,,,,,,,,,,,,
431,Biannual Statistics Report 2025-2026.pdf,42,4,20,Import of Lubricants | 6,Import of Lubricants,6,,,,,,,,,,,,,,,,,,
432,Biannual Statistics Report 2025-2026.pdf,42,4,21,Bunkering of Petroleum Products (Except LPG) | 6,Bunkering of Petroleum Products (Except LPG),6,,,,,,,,,,,,,,,,,,
433,Biannual Statistics Report 2025-2026.pdf,42,4,22,Storage & Filling of LPG in Bulk | 6,Storage & Filling of LPG in Bulk,6,,,,,,,,,,,,,,,,,,
434,Biannual Statistics Report 2025-2026.pdf,42,4,23,Storage of LPG in Bulk | 2,Storage of LPG in Bulk,2,,,,,,,,,,,,,,,,,,
435,Biannual Statistics Report 2025-2026.pdf,42,4,24,Storage of Crude Oil | 1,Storage of Crude Oil,1,,,,,,,,,,,,,,,,,,
436,Biannual Statistics Report 2025-2026.pdf,42,4,25,Retail of LPG in Cylinders Via Smart Meters | 1,Retail of LPG in Cylinders Via Smart Meters,1,,,,,,,,,,,,,,,,,,
437,Biannual Statistics Report 2025-2026.pdf,42,4,26,"Total | 9,481",Total,"9,481",,,,,,,,,,,,,,,,,,
438,Biannual Statistics Report 2025-2026.pdf,43,1,1,Permit Category | Permits issued,Permit Category,Permits issued,,,,,,,,,,,,,,,,,,
439,Biannual Statistics Report 2025-2026.pdf,43,1,2,Petroleum Retail Dispensing Station | 27,Petroleum Retail Dispensing Station,27,,,,,,,,,,,,,,,,,,
440,Biannual Statistics Report 2025-2026.pdf,43,1,3,Autogas Dispensing Station | 15,Autogas Dispensing Station,15,,,,,,,,,,,,,,,,,,
441,Biannual Statistics Report 2025-2026.pdf,43,1,4,Liquified Petroleum Gas (LPG) Storage and Filling Facility | 6,Liquified Petroleum Gas (LPG) Storage and Filling Facility,6,,,,,,,,,,,,,,,,,,
442,Biannual Statistics Report 2025-2026.pdf,43,1,5,Fuel Consumer Site | 1,Fuel Consumer Site,1,,,,,,,,,,,,,,,,,,
443,Biannual Statistics Report 2025-2026.pdf,43,1,6,Liquified Petroleum Gas (LPG) Consumer Site | 2,Liquified Petroleum Gas (LPG) Consumer Site,2,,,,,,,,,,,,,,,,,,
444,Biannual Statistics Report 2025-2026.pdf,43,1,7,Fuel storage Depot | 1,Fuel storage Depot,1,,,,,,,,,,,,,,,,,,
445,Biannual Statistics Report 2025-2026.pdf,43,1,8,LPG Consumer Site - Autogas Conversion and Testing center | 1,LPG Consumer Site - Autogas Conversion and Testing center,1,,,,,,,,,,,,,,,,,,
446,Biannual Statistics Report 2025-2026.pdf,43,1,9,Total | 53,Total,53,,,,,,,,,,,,,,,,,,
447,Biannual Statistics Report 2025-2026.pdf,43,2,1,No. | Licencee Name | Technology | Class | Capacity | Location,No.,Licencee Name,Technology,Class,Capacity,Location,,,,,,,,,,,,,,
448,Biannual Statistics Report 2025-2026.pdf,43,2,2,1 | Renewable Safi Power International Limited | Solar | Generation | 0.12 | Kilimani | Nairobi,1,Renewable Safi Power International Limited,Solar,Generation,0.12,Kilimani,Nairobi,,,,,,,,,,,,,
449,Biannual Statistics Report 2025-2026.pdf,43,2,3,2 | BE Africa C&I limited | Solar | Generation | 0.65 | Nyeri | Nyeri,2,BE Africa C&I limited,Solar,Generation,0.65,Nyeri,Nyeri,,,,,,,,,,,,,
450,Biannual Statistics Report 2025-2026.pdf,43,2,4,3 | BE Africa C&I limited | Solar | Retail Supply | 0.36 | Umoja | Nairobi,3,BE Africa C&I limited,Solar,Retail Supply,0.36,Umoja,Nairobi,,,,,,,,,,,,,
451,Biannual Statistics Report 2025-2026.pdf,43,2,5,4 | BE Africa C&I limited | Solar | Retail Supply | 0.35 | Keringet | Nakuru,4,BE Africa C&I limited,Solar,Retail Supply,0.35,Keringet,Nakuru,,,,,,,,,,,,,
452,Biannual Statistics Report 2025-2026.pdf,43,2,6,5 | BE Africa C&I limited | Solar | Generation | 0.35 | Keringet | Nakuru,5,BE Africa C&I limited,Solar,Generation,0.35,Keringet,Nakuru,,,,,,,,,,,,,
453,Biannual Statistics Report 2025-2026.pdf,43,2,7,6 | BE Africa C&I limited | Solar | Generation | 0.36 | Embakasi | Nairobi,6,BE Africa C&I limited,Solar,Generation,0.36,Embakasi,Nairobi,,,,,,,,,,,,,
454,Biannual Statistics Report 2025-2026.pdf,43,2,8,7 | BE Africa C&I limited | Solar | Retail Supply | 0.191 | Kisumu | Kisumu,7,BE Africa C&I limited,Solar,Retail Supply,0.191,Kisumu,Kisumu,,,,,,,,,,,,,
455,Biannual Statistics Report 2025-2026.pdf,43,2,9,8 | BE Africa C&I limited | Solar | Retail Supply | 2.08 | Embakasi | Nairobi,8,BE Africa C&I limited,Solar,Retail Supply,2.08,Embakasi,Nairobi,,,,,,,,,,,,,
456,Biannual Statistics Report 2025-2026.pdf,43,2,10,9 | GridX Africa Development | Solar | Generation | 0.45 | Kapsoit | Kericho,9,GridX Africa Development,Solar,Generation,0.45,Kapsoit,Kericho,,,,,,,,,,,,,
457,Biannual Statistics Report 2025-2026.pdf,43,2,11,10 | Empower Projects Kenya Limited | Solar | Retail Supply | 4 | Awasi | Kericho,10,Empower Projects Kenya Limited,Solar,Retail Supply,4,Awasi,Kericho,,,,,,,,,,,,,
458,Biannual Statistics Report 2025-2026.pdf,43,2,12,11 | Jinye Company Limited | Bulk supply | Retail Supply | 1 | Kilimani | Nairobi,11,Jinye Company Limited,Bulk supply,Retail Supply,1,Kilimani,Nairobi,,,,,,,,,,,,,
459,Biannual Statistics Report 2025-2026.pdf,43,2,13,12 | BE Africa C&I limited | Solar | Generation | 1.91 | Cocacola Bottlers | Kisumu,12,BE Africa C&I limited,Solar,Generation,1.91,Cocacola Bottlers,Kisumu,,,,,,,,,,,,,
460,Biannual Statistics Report 2025-2026.pdf,43,2,14,13 | BE Africa C&I limited | Solar | Generation | 2.08 | Umoja | Nairobi,13,BE Africa C&I limited,Solar,Generation,2.08,Umoja,Nairobi,,,,,,,,,,,,,
461,Biannual Statistics Report 2025-2026.pdf,43,2,15,14 | Dummen Power Station Ltd | Solar | Retail Supply | 0.6 | Dummen | Embu,14,Dummen Power Station Ltd,Solar,Retail Supply,0.6,Dummen,Embu,,,,,,,,,,,,,
462,Biannual Statistics Report 2025-2026.pdf,43,2,16,15 | GridX Africa Development | Solar | Generation | 0.14 | Mabati Rolling Mills | Machakos,15,GridX Africa Development,Solar,Generation,0.14,Mabati Rolling Mills,Machakos,,,,,,,,,,,,,
463,Biannual Statistics Report 2025-2026.pdf,43,2,17,16 | Hydrobox Kenya Ltd | Hydro | Distribution and Supply | 0.21 | Kiamahindu | Kirinyaga,16,Hydrobox Kenya Ltd,Hydro,Distribution and Supply,0.21,Kiamahindu,Kirinyaga,,,,,,,,,,,,,
464,Biannual Statistics Report 2025-2026.pdf,43,2,18,17 | Hydrobox Kenya Ltd | Hydro/Solar | Distribution and Supply | 0.28 | Mwangaza | Muranga,17,Hydrobox Kenya Ltd,Hydro/Solar,Distribution and Supply,0.28,Mwangaza,Muranga,,,,,,,,,,,,,
465,Biannual Statistics Report 2025-2026.pdf,43,2,19,18 | CrossBoundary Energy | Solar | Generation | 0.04 | Kitengela | Kajiado,18,CrossBoundary Energy,Solar,Generation,0.04,Kitengela,Kajiado,,,,,,,,,,,,,
466,Biannual Statistics Report 2025-2026.pdf,43,2,20,19 | Empower Projects Kenya Limited | Solar | Generation | 4 | Awasi | Kericho,19,Empower Projects Kenya Limited,Solar,Generation,4,Awasi,Kericho,,,,,,,,,,,,,
467,Biannual Statistics Report 2025-2026.pdf,44,1,1,No. | Licencee Name | Technology | Class | Capacity | Location,No.,Licencee Name,Technology,Class,Capacity,Location,,,,,,,,,,,,,,
468,Biannual Statistics Report 2025-2026.pdf,44,1,2,20 | GridX Africa Development | Solar | Generation | 0.6 | Insteel Fabricators | Nairobi,20,GridX Africa Development,Solar,Generation,0.6,Insteel Fabricators,Nairobi,,,,,,,,,,,,,
469,Biannual Statistics Report 2025-2026.pdf,44,1,3,21 | Collective Energy Africa Limited | Solar | Generation | 0.06 | Ilutirisho | Narok,21,Collective Energy Africa Limited,Solar,Generation,0.06,Ilutirisho,Narok,,,,,,,,,,,,,
470,Biannual Statistics Report 2025-2026.pdf,44,1,4,22 | Ofgen Limited | Solar | Distribution and Supply | 0.7 | Tatu city | Kiambu,22,Ofgen Limited,Solar,Distribution and Supply,0.7,Tatu city,Kiambu,,,,,,,,,,,,,
471,Biannual Statistics Report 2025-2026.pdf,44,1,5,23 | Hydrobox Kenya Ltd | Hydro | Generation | 0.21 | Kiamahindu | Kirinyaga,23,Hydrobox Kenya Ltd,Hydro,Generation,0.21,Kiamahindu,Kirinyaga,,,,,,,,,,,,,
472,Biannual Statistics Report 2025-2026.pdf,44,1,6,24 | Hydrobox Kenya Ltd | Hydro/Solar | Generation | 0.28 | Mwangaza | Muranga,24,Hydrobox Kenya Ltd,Hydro/Solar,Generation,0.28,Mwangaza,Muranga,,,,,,,,,,,,,
473,Biannual Statistics Report 2025-2026.pdf,44,2,1,Number of Issued Certificates/Licences,,Number of Issued Certificates/Licences,,,,,,,,,,,,,,,,,,
474,Biannual Statistics Report 2025-2026.pdf,44,2,2,C2 | C1 | B | A2 | A1 | Total,,C2,C1,B,A2,A1,Total,,,,,,,,,,,,,
475,Biannual Statistics Report 2025-2026.pdf,44,2,3,Electrical Workers | 148 | 112 | 74 | 7 | 33 | 374,Electrical Workers,148,112,74,7,33,374,,,,,,,,,,,,,
476,Biannual Statistics Report 2025-2026.pdf,44,2,4,Electrical Contractors | 32 | 40 | 153 | 3 | 73 | 301,Electrical Contractors,32,40,153,3,73,301,,,,,,,,,,,,,
477,Biannual Statistics Report 2025-2026.pdf,44,3,1,Category | Class | Number of licences issued,Category,Class,Number of licences issued,,,,,,,,,,,,,,,,,
478,Biannual Statistics Report 2025-2026.pdf,44,3,2,Solar PV Contractor/ Vendor/ Manufacturer | C1 | 79,Solar PV Contractor/ Vendor/ Manufacturer,C1,79,,,,,,,,,,,,,,,,,
479,Biannual Statistics Report 2025-2026.pdf,44,3,3,V1 | 67,,V1,67,,,,,,,,,,,,,,,,,
480,Biannual Statistics Report 2025-2026.pdf,44,3,4,V2 | 39,,V2,39,,,,,,,,,,,,,,,,,
481,Biannual Statistics Report 2025-2026.pdf,44,3,5,Solar PV Technicians | T3 | 13,Solar PV Technicians,T3,13,,,,,,,,,,,,,,,,,
482,Biannual Statistics Report 2025-2026.pdf,44,3,6,T2 | 110,,T2,110,,,,,,,,,,,,,,,,,
483,Biannual Statistics Report 2025-2026.pdf,44,4,1,Category | Number of licences issued,Category,Number of licences issued,,,,,,,,,,,,,,,,,,
484,Biannual Statistics Report 2025-2026.pdf,44,4,2,Energy Audit Firm | 2,Energy Audit Firm,2,,,,,,,,,,,,,,,,,,
485,Biannual Statistics Report 2025-2026.pdf,44,4,3,Energy Auditor | 14,Energy Auditor,14,,,,,,,,,,,,,,,,,,
486,Biannual Statistics Report 2025-2026.pdf,44,4,4,Energy Managers | 33,Energy Managers,33,,,,,,,,,,,,,,,,,,
487,Biannual Statistics Report 2025-2026.pdf,45,1,1,MONTH | Export Volume Marked (Litres) | Local Kerosene Volume Marked (Litres),MONTH,Export Volume Marked (Litres),Local Kerosene Volume Marked (Litres),,,,,,,,,,,,,,,,,
488,Biannual Statistics Report 2025-2026.pdf,45,1,2,"JULY | 339,561,820 | 4,096,027",JULY,"339,561,820","4,096,027",,,,,,,,,,,,,,,,,
489,Biannual Statistics Report 2025-2026.pdf,45,1,3,"AUGUST | 359,089,013 | 4,282,430",AUGUST,"359,089,013","4,282,430",,,,,,,,,,,,,,,,,
490,Biannual Statistics Report 2025-2026.pdf,45,1,4,"SEPTEMBER | 404,413,066 | 5,358,630",SEPTEMBER,"404,413,066","5,358,630",,,,,,,,,,,,,,,,,
491,Biannual Statistics Report 2025-2026.pdf,45,1,5,"OCTOBER | 351,582,769 | 4,846,678",OCTOBER,"351,582,769","4,846,678",,,,,,,,,,,,,,,,,
492,Biannual Statistics Report 2025-2026.pdf,45,1,6,"NOVEMBER | 459,450,963 | 4,901,169",NOVEMBER,"459,450,963","4,901,169",,,,,,,,,,,,,,,,,
493,Biannual Statistics Report 2025-2026.pdf,45,1,7,"DECEMBER | 359,937,518 | 4,992,173",DECEMBER,"359,937,518","4,992,173",,,,,,,,,,,,,,,,,
494,Biannual Statistics Report 2025-2026.pdf,45,1,8,"TOTAL | 2,274,035,149 | 28,477,107",TOTAL,"2,274,035,149","28,477,107",,,,,,,,,,,,,,,,,
495,Biannual Statistics Report 2025-2026.pdf,46,1,1,Month | /liateR setiS snoitcepsnI elaselohW | egarevA )%( ecnailpmoC | sreknaT snoitcepsnI GPL | egarevA )%ecnailpmoC(,Month,/liateR setiS snoitcepsnI elaselohW,egarevA )%( ecnailpmoC,sreknaT snoitcepsnI GPL,egarevA )%ecnailpmoC(,,,,,,,,,,,,,,,
496,Biannual Statistics Report 2025-2026.pdf,46,1,2,July 2025 | 265 | 43.04% | 58 | 86.6%,July 2025,265,43.04%,58,86.6%,,,,,,,,,,,,,,,
497,Biannual Statistics Report 2025-2026.pdf,46,1,3,Aug 2025 | 419 | 59,Aug 2025,419,,59,,,,,,,,,,,,,,,,
498,Biannual Statistics Report 2025-2026.pdf,46,1,4,Sept 2025 | 449 | 58,Sept 2025,449,,58,,,,,,,,,,,,,,,,
499,Biannual Statistics Report 2025-2026.pdf,46,1,5,October 2025 | 479 | 53,October 2025,479,,53,,,,,,,,,,,,,,,,
500,Biannual Statistics Report 2025-2026.pdf,46,1,6,November 2025 | 642 | 59,November 2025,642,,59,,,,,,,,,,,,,,,,
501,Biannual Statistics Report 2025-2026.pdf,46,1,7,December 2025 | 696 | 49,December 2025,696,,49,,,,,,,,,,,,,,,,
502,Biannual Statistics Report 2025-2026.pdf,46,1,8,"Total | 2,950 | 161",Total,"2,950",,161,,,,,,,,,,,,,,,,
503,Biannual Statistics Report 2025-2026.pdf,48,1,2,Published in March 2026 IANNUAL ENERGY & PETROLEUM STATISTICS REPORT FINANCIAL YEAR 2025/2026,Published in March 2026 IANNUAL ENERGY & PETROLEUM STATISTICS REPORT FINANCIAL YEAR 2025/2026,,,,,,,,,,,,,,,,,,,
504,EPRA Energy and Petroleum Statistics Report FY 2023-2024_2.pdf,12,1,1,Technology | Interconnected Capacity (MW) | Captive Capacity (MW) | Off grid Capacity | Total Installed Capacity | % Total Installed,Technology,Interconnected Capacity (MW),,Captive Capacity (MW),Off grid Capacity,Total Installed Capacity,% Total Installed,,,,,,,,,,,,,
505,EPRA Energy and Petroleum Statistics Report FY 2023-2024_2.pdf,12,1,2,Installed | Effective,,Installed,Effective,,,,,,,,,,,,,,,,,
506,EPRA Energy and Petroleum Statistics Report FY 2023-2024_2.pdf,12,1,3,Hydro | 839.3 | 810.4 | 33.0 | 0.1 | 872.4 | 24.38%,Hydro,839.3,810.4,33.0,0.1,872.4,24.38%,,,,,,,,,,,,,
507,EPRA Energy and Petroleum Statistics Report FY 2023-2024_2.pdf,12,1,4,Geothermal | 940.0 | 841.1 | 3.7 | 943.7 | 26.37%,Geothermal,940.0,841.1,3.7,,943.7,26.37%,,,,,,,,,,,,,
508,EPRA Energy and Petroleum Statistics Report FY 2023-2024_2.pdf,12,1,5,Thermal | 572.8 | 562.4 | 21.3 | 42.0 | 636.1 | 17.78%,Thermal,572.8,562.4,21.3,42.0,636.1,17.78%,,,,,,,,,,,,,
509,EPRA Energy and Petroleum Statistics Report FY 2023-2024_2.pdf,12,1,6,Wind | 435.5 | 425.5 | - | 0.6 | 436.1 | 12.19%,Wind,435.5,425.5,-,0.6,436.1,12.19%,,,,,,,,,,,,,
510,EPRA Energy and Petroleum Statistics Report FY 2023-2024_2.pdf,12,1,7,Solar | 210.3 | 210.3 | 229.2 | 3.4 | 442.9 | 12.38%,Solar,210.3,210.3,229.2,3.4,442.9,12.38%,,,,,,,,,,,,,
511,EPRA Energy and Petroleum Statistics Report FY 2023-2024_2.pdf,12,1,8,Bioenergy | 2.0 | 2.0 | 161.8 | 163.8 | 4.58%,Bioenergy,2.0,2.0,161.8,,163.8,4.58%,,,,,,,,,,,,,
512,EPRA Energy and Petroleum Statistics Report FY 2023-2024_2.pdf,12,1,9,Imports | 200.0 | 200.0 | - | 200.0,Imports,200.0,200.0,-,,200.0,,,,,,,,,,,,,,
513,EPRA Energy and Petroleum Statistics Report FY 2023-2024_2.pdf,12,1,10,WHRC | - | - | 83.5 | 83.5 | 2.33%,WHRC,-,-,83.5,,83.5,2.33%,,,,,,,,,,,,,
514,EPRA Energy and Petroleum Statistics Report FY 2023-2024_2.pdf,12,1,11,"Total | 3,199.9 | 3,051.7 | 532.6 | 46.0 | 3,778.5 | 100.00%",Total,"3,199.9","3,051.7",532.6,46.0,"3,778.5",100.00%,,,,,,,,,,,,,
515,EPRA Energy and Petroleum Statistics Report FY 2023-2024_2.pdf,13,1,2,"1,114 1,110 | 1,110",,,,,,,,"1,114 1,110",,,,,,"1,110",,,,,,
516,EPRA Energy and Petroleum Statistics Report FY 2023-2024_2.pdf,15,1,6,"280,624",,,,,,,,"280,624",,,,,,,,,,,,
517,EPRA Energy and Petroleum Statistics Report FY 2023-2024_2.pdf,15,2,1,Customer category | Energy consumption (GWh) | Percentage,Customer category,Energy consumption (GWh),Percentage,,,,,,,,,,,,,,,,,
518,EPRA Energy and Petroleum Statistics Report FY 2023-2024_2.pdf,15,2,2,"Industrial | 5,431.74 | 51.86%",Industrial,"5,431.74",51.86%,,,,,,,,,,,,,,,,,
519,EPRA Energy and Petroleum Statistics Report FY 2023-2024_2.pdf,15,2,3,"Domestic | 3,220.78 | 30.76%",Domestic,"3,220.78",30.76%,,,,,,,,,,,,,,,,,
520,EPRA Energy and Petroleum Statistics Report FY 2023-2024_2.pdf,15,2,4,Electric Mobility | 1.26 | 0.01%,Electric Mobility,1.26,0.01%,,,,,,,,,,,,,,,,,
521,EPRA Energy and Petroleum Statistics Report FY 2023-2024_2.pdf,15,2,5,"Small commercial (SMEs) | 1,715.54 | 16.38%",Small commercial (SMEs),"1,715.54",16.38%,,,,,,,,,,,,,,,,,
522,EPRA Energy and Petroleum Statistics Report FY 2023-2024_2.pdf,15,2,6,Street lighting | 103.6 | 0.99%,Street lighting,103.6,0.99%,,,,,,,,,,,,,,,,,
523,EPRA Energy and Petroleum Statistics Report FY 2023-2024_2.pdf,15,2,7,"Total | 10,472.92 | 100.00%",Total,"10,472.92",100.00%,,,,,,,,,,,,,,,,,
524,EPRA Energy and Petroleum Statistics Report FY 2023-2024_2.pdf,16,1,7,679.75,,,,679.75,,,,,,,,,,,,,,,,
525,EPRA Energy and Petroleum Statistics Report FY 2023-2024_2.pdf,16,2,3,495.43,,495.43,,,,,,,,,,,,,,,,,,
526,EPRA Energy and Petroleum Statistics Report FY 2023-2024_2.pdf,16,2,5,285.51,,285.51,,,,,,,,,,,,,,,,,,
527,EPRA Energy and Petroleum Statistics Report FY 2023-2024_2.pdf,17,1,2,102.2 91.1,,,,,,,,,,102.2 91.1,,,,,,,,,,
528,EPRA Energy and Petroleum Statistics Report FY 2023-2024_2.pdf,17,1,4,72.5,,,,,,,,,,72.5,,,,,,,,,,
529,EPRA Energy and Petroleum Statistics Report FY 2023-2024_2.pdf,17,1,6,62.3,,,,,,,,,,62.3,,,,,,,,,,
530,EPRA Energy and Petroleum Statistics Report FY 2023-2024_2.pdf,17,2,1,Station | Installed Capacity (MW) | Station | Installed Capacity (MW),Station,Installed Capacity (MW),Station,Installed Capacity (MW),,,,,,,,,,,,,,,,
531,EPRA Energy and Petroleum Statistics Report FY 2023-2024_2.pdf,17,2,2,Wajir | 4.5 | North Horr | 0.584,Wajir,4.5,North Horr,0.584,,,,,,,,,,,,,,,,
532,EPRA Energy and Petroleum Statistics Report FY 2023-2024_2.pdf,17,2,3,Mandera | 2.1 | Lokori | 0.56,Mandera,2.1,Lokori,0.56,,,,,,,,,,,,,,,,
533,EPRA Energy and Petroleum Statistics Report FY 2023-2024_2.pdf,17,2,4,Marsabit | 2.9 | Daadab | 0.784,Marsabit,2.9,Daadab,0.784,,,,,,,,,,,,,,,,
534,EPRA Energy and Petroleum Statistics Report FY 2023-2024_2.pdf,17,2,5,Lodwar | 0.46 | Faza island | 1.508,Lodwar,0.46,Faza island,1.508,,,,,,,,,,,,,,,,
535,EPRA Energy and Petroleum Statistics Report FY 2023-2024_2.pdf,17,2,6,Merti | 0.25 | Lokitaung | 0.584,Merti,0.25,Lokitaung,0.584,,,,,,,,,,,,,,,,
536,EPRA Energy and Petroleum Statistics Report FY 2023-2024_2.pdf,17,2,7,Elwak | 0.965 | Kiunga | 0.184,Elwak,0.965,Kiunga,0.184,,,,,,,,,,,,,,,,
537,EPRA Energy and Petroleum Statistics Report FY 2023-2024_2.pdf,17,2,8,Habaswein | 1.88 | Banisa | 0.184,Habaswein,1.88,Banisa,0.184,,,,,,,,,,,,,,,,
538,EPRA Energy and Petroleum Statistics Report FY 2023-2024_2.pdf,17,2,9,Baragoi | 0.62 | Kakuma | 1.2,Baragoi,0.62,Kakuma,1.2,,,,,,,,,,,,,,,,
539,EPRA Energy and Petroleum Statistics Report FY 2023-2024_2.pdf,17,2,10,Mfangano | 0.65 | Kotulo | 0.396,Mfangano,0.65,Kotulo,0.396,,,,,,,,,,,,,,,,
540,EPRA Energy and Petroleum Statistics Report FY 2023-2024_2.pdf,17,2,11,Eldas | 0.76 | Karmorliban | 0.184,Eldas,0.76,Karmorliban,0.184,,,,,,,,,,,,,,,,
541,EPRA Energy and Petroleum Statistics Report FY 2023-2024_2.pdf,17,2,12,Takaba | 0.78 | Khorondile | 0.37,Takaba,0.78,Khorondile,0.37,,,,,,,,,,,,,,,,
542,EPRA Energy and Petroleum Statistics Report FY 2023-2024_2.pdf,17,2,13,Rhamu | 0.68 | Sololo | 0.7,Rhamu,0.68,Sololo,0.7,,,,,,,,,,,,,,,,
543,EPRA Energy and Petroleum Statistics Report FY 2023-2024_2.pdf,17,2,14,Lokichoggio | 1.06 | Maikona | 0.32,Lokichoggio,1.06,Maikona,0.32,,,,,,,,,,,,,,,,
544,EPRA Energy and Petroleum Statistics Report FY 2023-2024_2.pdf,17,2,15,Laisamis | 0.64 | Lokiriama | 0.4,Laisamis,0.64,Lokiriama,0.4,,,,,,,,,,,,,,,,
545,EPRA Energy and Petroleum Statistics Report FY 2023-2024_2.pdf,17,2,16,Moyale | 1.452 | Hulugo | 0.212,Moyale,1.452,Hulugo,0.212,,,,,,,,,,,,,,,,
546,EPRA Energy and Petroleum Statistics Report FY 2023-2024_2.pdf,17,2,17,TOTAL 27.867,TOTAL 27.867,,,,,,,,,,,,,,,,,,,
547,EPRA Energy and Petroleum Statistics Report FY 2023-2024_2.pdf,18,1,1,Month | Total Energy purchased (GWh) | Total Energy Sales (GWh) | Total system losses,Month,Total Energy purchased (GWh),Total Energy Sales (GWh),Total system losses,,,,,,,,,,,,,,,,
548,EPRA Energy and Petroleum Statistics Report FY 2023-2024_2.pdf,18,1,2,"Jul-23 | 1,158.855 | 881.0062 | 23.73%",Jul-23,"1,158.855",881.0062,23.73%,,,,,,,,,,,,,,,,
549,EPRA Energy and Petroleum Statistics Report FY 2023-2024_2.pdf,18,1,3,"Aug-23 | 1,154.216 | 885.1724 | 23.33%",Aug-23,"1,154.216",885.1724,23.33%,,,,,,,,,,,,,,,,
550,EPRA Energy and Petroleum Statistics Report FY 2023-2024_2.pdf,18,1,4,"Sep-23 | 1,119.774 | 874.3496 | 22.72%",Sep-23,"1,119.774",874.3496,22.72%,,,,,,,,,,,,,,,,
551,EPRA Energy and Petroleum Statistics Report FY 2023-2024_2.pdf,18,1,5,"Oct-23 | 1,148.642 | 877.4838 | 22.90%",Oct-23,"1,148.642",877.4838,22.90%,,,,,,,,,,,,,,,,
552,EPRA Energy and Petroleum Statistics Report FY 2023-2024_2.pdf,18,1,6,"Nov-23 | 1,114.283 | 859.4333 | 22.85%",Nov-23,"1,114.283",859.4333,22.85%,,,,,,,,,,,,,,,,
553,EPRA Energy and Petroleum Statistics Report FY 2023-2024_2.pdf,18,1,7,"Dec-23 | 1,109.523 | 828.3412 | 23.19%",Dec-23,"1,109.523",828.3412,23.19%,,,,,,,,,,,,,,,,
554,EPRA Energy and Petroleum Statistics Report FY 2023-2024_2.pdf,18,1,8,"Jan-24 | 1,168.734 | 881.3668 | 23.36%",Jan-24,"1,168.734",881.3668,23.36%,,,,,,,,,,,,,,,,
555,EPRA Energy and Petroleum Statistics Report FY 2023-2024_2.pdf,18,1,9,"Feb-24 | 1,110.442 | 854.0089 | 23.29%",Feb-24,"1,110.442",854.0089,23.29%,,,,,,,,,,,,,,,,
556,EPRA Energy and Petroleum Statistics Report FY 2023-2024_2.pdf,18,1,10,"Mar-24 | 1,180.381 | 878.9306 | 23.51%",Mar-24,"1,180.381",878.9306,23.51%,,,,,,,,,,,,,,,,
557,EPRA Energy and Petroleum Statistics Report FY 2023-2024_2.pdf,18,1,11,"Apr-24 | 1,126.69 | 883.0172 | 23.29%",Apr-24,"1,126.69",883.0172,23.29%,,,,,,,,,,,,,,,,
558,EPRA Energy and Petroleum Statistics Report FY 2023-2024_2.pdf,18,1,12,"May-24 | 1,152.37 | 892.4264 | 23.19%",May-24,"1,152.37",892.4264,23.19%,,,,,,,,,,,,,,,,
559,EPRA Energy and Petroleum Statistics Report FY 2023-2024_2.pdf,18,1,13,"Jun-24 | 1,140.932 | 877.3799 | 23.16%",Jun-24,"1,140.932",877.3799,23.16%,,,,,,,,,,,,,,,,
560,EPRA Energy and Petroleum Statistics Report FY 2023-2024_2.pdf,18,1,14,"Total | 13,684.84 | 10,472.92",Total,"13,684.84","10,472.92",,,,,,,,,,,,,,,,,
561,EPRA Energy and Petroleum Statistics Report FY 2023-2024_2.pdf,18,2,3,2.2 2.2,,,,2.2 2.2,,,,,,,,,,,,,,,,
562,EPRA Energy and Petroleum Statistics Report FY 2023-2024_2.pdf,19,2,1,4.36 3.97 4.00 3.64 3.44,,,,,,4.36 3.97 4.00 3.64 3.44,,,,,,,,,,,,,,
563,EPRA Energy and Petroleum Statistics Report FY 2023-2024_2.pdf,20,1,1,Customer category | Voltage at connection | Energy Limit (kWh/month) | Base Tariff (2022/2023) | Base Tariff (2023/2024) | Demand Charge/ KVA(Ksh.),Customer category,Voltage at connection,Energy Limit (kWh/month),Base Tariff (2022/2023),Base Tariff (2023/2024),Demand Charge/ KVA(Ksh.),,,,,,,,,,,,,,
564,EPRA Energy and Petroleum Statistics Report FY 2023-2024_2.pdf,20,1,2,Domestic | 240 Volts/415 Volts | 0-30 | 12.22 | 12.24 | 0,Domestic,240 Volts/415 Volts,0-30,12.22,12.24,0,,,,,,,,,,,,,,
565,EPRA Energy and Petroleum Statistics Report FY 2023-2024_2.pdf,20,1,3,30-100 | 16.30 | 16.58 | 0,,,30-100,16.30,16.58,0,,,,,,,,,,,,,,
566,EPRA Energy and Petroleum Statistics Report FY 2023-2024_2.pdf,20,1,4,>100 | 20.97 | 20.58 | 0,,,>100,20.97,20.58,0,,,,,,,,,,,,,,
567,EPRA Energy and Petroleum Statistics Report FY 2023-2024_2.pdf,20,1,5,Small Commercial | 240 Volts/415 Volts | 0-30 | 12.22 | 12.24 | 0,Small Commercial,240 Volts/415 Volts,0-30,12.22,12.24,0,,,,,,,,,,,,,,
568,EPRA Energy and Petroleum Statistics Report FY 2023-2024_2.pdf,20,1,6,30-100 | 16.40 | 16.36 | 0,,,30-100,16.40,16.36,0,,,,,,,,,,,,,,
569,EPRA Energy and Petroleum Statistics Report FY 2023-2024_2.pdf,20,1,7,>100 | 20.18 | 20.00 | 0,,,>100,20.18,20.00,0,,,,,,,,,,,,,,
570,EPRA Energy and Petroleum Statistics Report FY 2023-2024_2.pdf,20,1,8,Electric Mobility | 240 Volts/415 Volts | =<15000 | 16.00 | 16.00 | 0,Electric Mobility,240 Volts/415 Volts,=<15000,16.00,16.00,0,,,,,,,,,,,,,,
571,EPRA Energy and Petroleum Statistics Report FY 2023-2024_2.pdf,20,1,9,"Commercial/Industrial | 415 V (CI 1) | >15000 | 14.70 | 14.50 | 1,100",Commercial/Industrial,415 V (CI 1),>15000,14.70,14.50,"1,100",,,,,,,,,,,,,,
572,EPRA Energy and Petroleum Statistics Report FY 2023-2024_2.pdf,20,1,11,11KV (CI 2) | No Limit | 13.24 | 13.08 | 700,,11KV (CI 2),No Limit,13.24,13.08,700,,,,,,,,,,,,,,
573,EPRA Energy and Petroleum Statistics Report FY 2023-2024_2.pdf,20,1,13,33 KV (CI 3) | No Limit | 12.66 | 12.52 | 370,,33 KV (CI 3),No Limit,12.66,12.52,370,,,,,,,,,,,,,,
574,EPRA Energy and Petroleum Statistics Report FY 2023-2024_2.pdf,20,1,15,66 KV (CI 4) | No Limit | 12.40 | 12.26 | 300,,66 KV (CI 4),No Limit,12.40,12.26,300,,,,,,,,,,,,,,
575,EPRA Energy and Petroleum Statistics Report FY 2023-2024_2.pdf,20,1,17,132 KV (CI 5) | No Limit | 12.12 | 11.98 | 300,,132 KV (CI 5),No Limit,12.12,11.98,300,,,,,,,,,,,,,,
576,EPRA Energy and Petroleum Statistics Report FY 2023-2024_2.pdf,20,1,19,220 KV (CI 6) | No Limit | 10 | 10 | 200,,220 KV (CI 6),No Limit,10,10,200,,,,,,,,,,,,,,
577,EPRA Energy and Petroleum Statistics Report FY 2023-2024_2.pdf,20,1,20,SEZ- CI 7 | No Limit | 10 | 10 | 200,,SEZ- CI 7,No Limit,10,10,200,,,,,,,,,,,,,,
578,EPRA Energy and Petroleum Statistics Report FY 2023-2024_2.pdf,20,1,21,Street Lighting | 240 Volts/415 Volts | No Limit | 9.22 | 9.24 | 0,Street Lighting,240 Volts/415 Volts,No Limit,9.22,9.24,0,,,,,,,,,,,,,,
579,EPRA Energy and Petroleum Statistics Report FY 2023-2024_2.pdf,21,1,1,Month | FEC (Ksh./Kwh) | Forex Adj. (Ksh./Kwh) | Inflation Adj. (Ksh./Kwh) | WRA Levy (Ksh./Kwh),Month,FEC (Ksh./Kwh),Forex Adj. (Ksh./Kwh),Inflation Adj. (Ksh./Kwh),WRA Levy (Ksh./Kwh),,,,,,,,,,,,,,,
580,EPRA Energy and Petroleum Statistics Report FY 2023-2024_2.pdf,21,1,2,Jul-23 | 4.02 | 1.75 | 0.23 | 0.0146,Jul-23,4.02,1.75,0.23,0.0146,,,,,,,,,,,,,,,
581,EPRA Energy and Petroleum Statistics Report FY 2023-2024_2.pdf,21,1,3,Aug-23 | 4.46 | 1.71 | 0.23 | 0.0148,Aug-23,4.46,1.71,0.23,0.0148,,,,,,,,,,,,,,,
582,EPRA Energy and Petroleum Statistics Report FY 2023-2024_2.pdf,21,1,4,Sep-23 | 4.16 | 1.38 | 0.23 | 0.0138,Sep-23,4.16,1.38,0.23,0.0138,,,,,,,,,,,,,,,
583,EPRA Energy and Petroleum Statistics Report FY 2023-2024_2.pdf,21,1,5,Oct-23 | 4.94 | 2.05 | 0.23 | 0.0136,Oct-23,4.94,2.05,0.23,0.0136,,,,,,,,,,,,,,,
584,EPRA Energy and Petroleum Statistics Report FY 2023-2024_2.pdf,21,1,6,Nov-23 | 5.74 | 0.80 | 0.23 | 0.01096,Nov-23,5.74,0.80,0.23,0.01096,,,,,,,,,,,,,,,
585,EPRA Energy and Petroleum Statistics Report FY 2023-2024_2.pdf,21,1,7,Dec-23 | 3.98 | 3.17 | 0.23 | 0.0158,Dec-23,3.98,3.17,0.23,0.0158,,,,,,,,,,,,,,,
586,EPRA Energy and Petroleum Statistics Report FY 2023-2024_2.pdf,21,1,8,Jan-24 | 4.33 | 6.46 | 0.33 | 0.01512,Jan-24,4.33,6.46,0.33,0.01512,,,,,,,,,,,,,,,
587,EPRA Energy and Petroleum Statistics Report FY 2023-2024_2.pdf,21,1,9,Feb-24 | 4.14 | 3.22 | 0.33 | 0.0133,Feb-24,4.14,3.22,0.33,0.0133,,,,,,,,,,,,,,,
588,EPRA Energy and Petroleum Statistics Report FY 2023-2024_2.pdf,21,1,10,Mar-24 | 3.64 | 3.68 | 0.33 | 0.0145,Mar-24,3.64,3.68,0.33,0.0145,,,,,,,,,,,,,,,
589,EPRA Energy and Petroleum Statistics Report FY 2023-2024_2.pdf,21,1,11,Apr-24 | 3.26 | 1.99 | 0.33 | 0.0151,Apr-24,3.26,1.99,0.33,0.0151,,,,,,,,,,,,,,,
590,EPRA Energy and Petroleum Statistics Report FY 2023-2024_2.pdf,21,1,12,May-24 | 3.52 | 0.97 | 0.33 | 0.0196,May-24,3.52,0.97,0.33,0.0196,,,,,,,,,,,,,,,
591,EPRA Energy and Petroleum Statistics Report FY 2023-2024_2.pdf,21,1,13,Jun-24 | 3.59 | 1.76 | 0.33 | 0.0183,Jun-24,3.59,1.76,0.33,0.0183,,,,,,,,,,,,,,,
592,EPRA Energy and Petroleum Statistics Report FY 2023-2024_2.pdf,22,1,1,Description | Unit of measure | Customers in Tariff | Jul-23 | Aug-23 | Sep-23 | Oct-23 | Nov-23 | Dec-23 | Jan-24 | Feb-24 | Mar-24 | Apr-24 | May-24 | Jun-24,Description,Unit of measure,Customers in Tariff,Jul-23,Aug-23,Sep-23,Oct-23,Nov-23,Dec-23,Jan-24,Feb-24,Mar-24,Apr-24,May-24,Jun-24,,,,,
593,EPRA Energy and Petroleum Statistics Report FY 2023-2024_2.pdf,22,1,2,No. of Customers Benefited,,,,No. of Customers Benefited,,,,,,,,,,,,,,,,
594,EPRA Energy and Petroleum Statistics Report FY 2023-2024_2.pdf,22,1,3,"SC3 | No. | 4,736 | 584 | 1,224 | 1,228 | 1,500 | 1,119 | 1,204 | 1,308 | 908 | 1,453 | 1,109 | 1,167 | 1,217",SC3,No.,"4,736",584,"1,224","1,228","1,500","1,119","1,204","1,308",908,"1,453","1,109","1,167","1,217",,,,,
595,EPRA Energy and Petroleum Statistics Report FY 2023-2024_2.pdf,22,1,4,EM | No. | 30 | 21 | 20 | 26,EM,No.,30,,,,,,,,,,21,20,26,,,,,
596,EPRA Energy and Petroleum Statistics Report FY 2023-2024_2.pdf,22,1,5,"CI-1 | No. | 3,277 | 965 | 757 | 828 | 1,187 | 764 | 919 | 1,075 | 594 | 1,048 | 637 | 702 | 641",CI-1,No.,"3,277",965,757,828,"1,187",764,919,"1,075",594,"1,048",637,702,641,,,,,
597,EPRA Energy and Petroleum Statistics Report FY 2023-2024_2.pdf,22,1,6,CI-2 | No. | 539 | 189 | 147 | 184 | 242 | 183 | 175 | 230 | 103 | 222 | 146 | 157 | 140,CI-2,No.,539,189,147,184,242,183,175,230,103,222,146,157,140,,,,,
598,EPRA Energy and Petroleum Statistics Report FY 2023-2024_2.pdf,22,1,7,CI-3 | No. | 86 | 40 | 20 | 28 | 32 | 19 | 22 | 39 | 22 | 29 | 23 | 28 | 27,CI-3,No.,86,40,20,28,32,19,22,39,22,29,23,28,27,,,,,
599,EPRA Energy and Petroleum Statistics Report FY 2023-2024_2.pdf,22,1,8,CI-4 | No. | 47 | 24 | 17 | 20 | 22 | 15 | 17 | 17 | 15 | 16 | 11 | 13 | 7,CI-4,No.,47,24,17,20,22,15,17,17,15,16,11,13,7,,,,,
600,EPRA Energy and Petroleum Statistics Report FY 2023-2024_2.pdf,22,1,9,CI-5 | No. | 50 | 10 | 2 | 3 | 6 | 2 | 4 | 5 | 3 | 6 | 5 | 3 | 2,CI-5,No.,50,10,2,3,6,2,4,5,3,6,5,3,2,,,,,
601,EPRA Energy and Petroleum Statistics Report FY 2023-2024_2.pdf,22,1,10,"Total | No. | 8,765 | 1,812 | 2,167 | 2,291 | 2,989 | 2,102 | 2,341 | 2,674 | 1,645 | 2,774 | 1,952 | 2,090 | 2,060",Total,No.,"8,765","1,812","2,167","2,291","2,989","2,102","2,341","2,674","1,645","2,774","1,952","2,090","2,060",,,,,
602,EPRA Energy and Petroleum Statistics Report FY 2023-2024_2.pdf,22,1,11,Savings By customers | Kshs ‘M | 204.4 | 99.0 | 153.3 | 197.0 | 117.7 | 175.9 | 210.9 | 80.6 | 151.8 | 143.4 | 158.3 | 146.0,Savings By customers,Kshs ‘M,,204.4,99.0,153.3,197.0,117.7,175.9,210.9,80.6,151.8,143.4,158.3,146.0,,,,,
603,EPRA Energy and Petroleum Statistics Report FY 2023-2024_2.pdf,22,1,12,Total Increase in Sales (Low Rate) | GWh | 26.7 | 11.4 | 17.9 | 24.2 | 14.0 | 22.8 | 24.4 | 9.2 | 18.9 | 17.5 | 19.2 | 18.3,Total Increase in Sales (Low Rate),GWh,,26.7,11.4,17.9,24.2,14.0,22.8,24.4,9.2,18.9,17.5,19.2,18.3,,,,,
604,EPRA Energy and Petroleum Statistics Report FY 2023-2024_2.pdf,22,1,13,Increase in demand | MW | 70.6 | 32.3 | 50.6 | 62.7 | 40.8 | 56.0 | 67.4 | 25.5 | 52.2 | 48.1 | 52.7 | 49.5,Increase in demand,MW,,70.6,32.3,50.6,62.7,40.8,56.0,67.4,25.5,52.2,48.1,52.7,49.5,,,,,
605,EPRA Energy and Petroleum Statistics Report FY 2023-2024_2.pdf,22,2,1,Item | Description | Unit of measure | Customers in Tariff | 2021/22 | 2022/23 | 2023/24,Item,Description,Unit of measure,Customers in Tariff,2021/22,2022/23,2023/24,,,,,,,,,,,,,
606,EPRA Energy and Petroleum Statistics Report FY 2023-2024_2.pdf,22,2,2,A | Total No. Of customers benefited by tariff category | Average No. of Beneficiaries,A,Total No. Of customers benefited by tariff category,,,Average No. of Beneficiaries,,,,,,,,,,,,,,,
607,EPRA Energy and Petroleum Statistics Report FY 2023-2024_2.pdf,22,2,3,"SC3 | No | 4,736 | 0 | 495 | 1,168",,SC3,No,"4,736",0,495,"1,168",,,,,,,,,,,,,
608,EPRA Energy and Petroleum Statistics Report FY 2023-2024_2.pdf,22,2,4,EM | No. | 30 | 0 | 0 | 22,,EM,No.,30,0,0,22,,,,,,,,,,,,,
609,EPRA Energy and Petroleum Statistics Report FY 2023-2024_2.pdf,22,2,5,"CI-1 | No | 3,277 | 1,211 | 1,091 | 843",,CI-1,No,"3,277","1,211","1,091",843,,,,,,,,,,,,,
610,EPRA Energy and Petroleum Statistics Report FY 2023-2024_2.pdf,22,2,6,CI-2 | No | 539 | 216 | 197 | 177,,CI-2,No,539,216,197,177,,,,,,,,,,,,,
611,EPRA Energy and Petroleum Statistics Report FY 2023-2024_2.pdf,22,2,7,CI-3 | No | 86 | 27 | 34 | 27,,CI-3,No,86,27,34,27,,,,,,,,,,,,,
612,EPRA Energy and Petroleum Statistics Report FY 2023-2024_2.pdf,22,2,8,CI-4 | No | 47 | 19 | 16 | 16,,CI-4,No,47,19,16,16,,,,,,,,,,,,,
613,EPRA Energy and Petroleum Statistics Report FY 2023-2024_2.pdf,22,2,9,CI-5 | No | 50 | 9 | 10 | 4,,CI-5,No,50,9,10,4,,,,,,,,,,,,,
614,EPRA Energy and Petroleum Statistics Report FY 2023-2024_2.pdf,22,2,10,"Total | No | 8,765 | 1,482 | 1,431 | 2,241",,Total,No,"8,765","1,482","1,431","2,241",,,,,,,,,,,,,
615,EPRA Energy and Petroleum Statistics Report FY 2023-2024_2.pdf,22,2,11,"B | Savings By Customers | Kshs ‘M (VAT Inclusive) | 1,575 | 1,417 | 1,838",B,Savings By Customers,Kshs ‘M (VAT Inclusive),,"1,575","1,417","1,838",,,,,,,,,,,,,
616,EPRA Energy and Petroleum Statistics Report FY 2023-2024_2.pdf,22,2,12,C | Total Increase in Sales (Low Rate) | GWh | 270 | 255 | 225,C,Total Increase in Sales (Low Rate),GWh,,270,255,225,,,,,,,,,,,,,
617,EPRA Energy and Petroleum Statistics Report FY 2023-2024_2.pdf,23,1,1,COMPANY | 2023/2024 | 2022/2023 | 2021/2022,COMPANY,2023/2024,,2022/2023,,2021/2022,,,,,,,,,,,,,,
618,EPRA Energy and Petroleum Statistics Report FY 2023-2024_2.pdf,23,1,2,GWh | % Share | GWh | % Share | GWh | % Share,,GWh,% Share,GWh,% Share,GWh,% Share,,,,,,,,,,,,,
619,EPRA Energy and Petroleum Statistics Report FY 2023-2024_2.pdf,23,1,3,"Kengen | 8,383.5 | 61.66% | 8,026.86 | 60.74% | 7,921.02 | 62.91%",Kengen,"8,383.5",61.66%,"8,026.86",60.74%,"7,921.02",62.91%,,,,,,,,,,,,,
620,EPRA Energy and Petroleum Statistics Report FY 2023-2024_2.pdf,23,1,4,"Lake Turkana Wind Power | 1,325.88 | 9.75% | 1,678.32 | 12.70% | 1,572.83 | 12.49%",Lake Turkana Wind Power,"1,325.88",9.75%,"1,678.32",12.70%,"1,572.83",12.49%,,,,,,,,,,,,,
621,EPRA Energy and Petroleum Statistics Report FY 2023-2024_2.pdf,23,1,5,"Imports | 1,196.06 | 8.80% | 644.07 | 4.87% | 337.5 | 2.68%",Imports,"1,196.06",8.80%,644.07,4.87%,337.5,2.68%,,,,,,,,,,,,,
622,EPRA Energy and Petroleum Statistics Report FY 2023-2024_2.pdf,23,1,6,Orpower | 793.5 | 5.84% | 939.23 | 7.11% | 975.8 | 7.75%,Orpower,793.5,5.84%,939.23,7.11%,975.8,7.75%,,,,,,,,,,,,,
623,EPRA Energy and Petroleum Statistics Report FY 2023-2024_2.pdf,23,1,7,Rabai Power | 440.62 | 3.24% | 446.01 | 3.38% | 501.77 | 3.98%,Rabai Power,440.62,3.24%,446.01,3.38%,501.77,3.98%,,,,,,,,,,,,,
624,EPRA Energy and Petroleum Statistics Report FY 2023-2024_2.pdf,23,1,8,Kipeto Energy PLC | 404.44 | 2.97% | 466.1 | 3.53% | 425.88 | 3.38%,Kipeto Energy PLC,404.44,2.97%,466.1,3.53%,425.88,3.38%,,,,,,,,,,,,,
625,EPRA Energy and Petroleum Statistics Report FY 2023-2024_2.pdf,23,1,9,Sosian Menengai Geothermal | 281.6 | 2.07% | 6.17 | 0.05% | 0 | 0.00%,Sosian Menengai Geothermal,281.6,2.07%,6.17,0.05%,0,0.00%,,,,,,,,,,,,,
626,EPRA Energy and Petroleum Statistics Report FY 2023-2024_2.pdf,23,1,10,Thika Power | 120.6 | 0.89% | 194.38 | 1.47% | 210.97 | 1.68%,Thika Power,120.6,0.89%,194.38,1.47%,210.97,1.68%,,,,,,,,,,,,,
627,EPRA Energy and Petroleum Statistics Report FY 2023-2024_2.pdf,23,1,11,Alten Kenya Solar Farm | 100.27 | 0.74% | 79.17 | 0.60% | 0 | 0.00%,Alten Kenya Solar Farm,100.27,0.74%,79.17,0.60%,0,0.00%,,,,,,,,,,,,,
628,EPRA Energy and Petroleum Statistics Report FY 2023-2024_2.pdf,23,1,12,Malindi SolarGroup | 98.7 | 0.73% | 98.91 | 0.75% | 53.64 | 0.43%,Malindi SolarGroup,98.7,0.73%,98.91,0.75%,53.64,0.43%,,,,,,,,,,,,,
629,EPRA Energy and Petroleum Statistics Report FY 2023-2024_2.pdf,23,1,13,CEDATE | 95.52 | 0.70% | 93.85 | 0.71% | 88.11 | 0.70%,CEDATE,95.52,0.70%,93.85,0.71%,88.11,0.70%,,,,,,,,,,,,,
630,EPRA Energy and Petroleum Statistics Report FY 2023-2024_2.pdf,23,1,14,SELENKEI SOLAR FARM | 94.47 | 0.69% | 85.74 | 0.65% | 88.56 | 0.70%,SELENKEI SOLAR FARM,94.47,0.69%,85.74,0.65%,88.56,0.70%,,,,,,,,,,,,,
631,EPRA Energy and Petroleum Statistics Report FY 2023-2024_2.pdf,23,1,15,REREC | 84.3 | 0.62% | 85.86 | 0.65% | 82.38 | 0.65%,REREC,84.3,0.62%,85.86,0.65%,82.38,0.65%,,,,,,,,,,,,,
632,EPRA Energy and Petroleum Statistics Report FY 2023-2024_2.pdf,23,1,16,GILF POWER | 53.01 | 0.39% | 170.42 | 1.29% | 81.45 | 0.65%,GILF POWER,53.01,0.39%,170.42,1.29%,81.45,0.65%,,,,,,,,,,,,,
633,EPRA Energy and Petroleum Statistics Report FY 2023-2024_2.pdf,23,1,17,IBERAFRICA (52.5MW) | 37.85 | 0.28% | 115.52 | 0.87% | 85.77 | 0.68%,IBERAFRICA (52.5MW),37.85,0.28%,115.52,0.87%,85.77,0.68%,,,,,,,,,,,,,
634,EPRA Energy and Petroleum Statistics Report FY 2023-2024_2.pdf,23,1,18,TRIUMPH POWER | 25.56 | 0.19% | 35.11 | 0.27% | 69.5 | 0.55%,TRIUMPH POWER,25.56,0.19%,35.11,0.27%,69.5,0.55%,,,,,,,,,,,,,
635,EPRA Energy and Petroleum Statistics Report FY 2023-2024_2.pdf,23,1,19,REGEN-TEREM | 22.88 | 0.17% | 20.32 | 0.15% | 15.43 | 0.12%,REGEN-TEREM,22.88,0.17%,20.32,0.15%,15.43,0.12%,,,,,,,,,,,,,
636,EPRA Energy and Petroleum Statistics Report FY 2023-2024_2.pdf,23,1,20,NORTH MATHIYA SHP (METUMI) | 16.99 | 0.12% | 14.48 | 0.11% | 9.91 | 0.08%,NORTH MATHIYA SHP (METUMI),16.99,0.12%,14.48,0.11%,9.91,0.08%,,,,,,,,,,,,,
637,EPRA Energy and Petroleum Statistics Report FY 2023-2024_2.pdf,23,1,21,GURA | 13.89 | 0.10% | 11.1 | 0.08% | 19.6 | 0.16%,GURA,13.89,0.10%,11.1,0.08%,19.6,0.16%,,,,,,,,,,,,,
638,EPRA Energy and Petroleum Statistics Report FY 2023-2024_2.pdf,23,1,22,KIANTHUMBI SMALL HYDRO | 3.22 | 0.02% | 1.46 | 0.01% | 2 | 0.02%,KIANTHUMBI SMALL HYDRO,3.22,0.02%,1.46,0.01%,2,0.02%,,,,,,,,,,,,,
639,EPRA Energy and Petroleum Statistics Report FY 2023-2024_2.pdf,23,1,23,GIKIRA SMALL HYDRO POWER STATION | 1.55 | 0.01% | 0.99 | 0.01% | 0.89 | 0.01%,GIKIRA SMALL HYDRO POWER STATION,1.55,0.01%,0.99,0.01%,0.89,0.01%,,,,,,,,,,,,,
640,EPRA Energy and Petroleum Statistics Report FY 2023-2024_2.pdf,23,1,24,CHANIA | 1.18 | 0.01% | 0.25 | 0.00% | 0.56 | 0.00%,CHANIA,1.18,0.01%,0.25,0.00%,0.56,0.00%,,,,,,,,,,,,,
641,EPRA Energy and Petroleum Statistics Report FY 2023-2024_2.pdf,23,1,25,IMENTI TEA FACTORY CO. LTD | 0.11 | 0.00% | 0.25 | 0.00% | 0.15 | 0.00%,IMENTI TEA FACTORY CO. LTD,0.11,0.00%,0.25,0.00%,0.15,0.00%,,,,,,,,,,,,,
642,EPRA Energy and Petroleum Statistics Report FY 2023-2024_2.pdf,23,1,26,BIOJOULE BIOGAS POWER PLANT | 0.11 | 0.00% | 0.21 | 0.00% | 0.38 | 0.00%,BIOJOULE BIOGAS POWER PLANT,0.11,0.00%,0.21,0.00%,0.38,0.00%,,,,,,,,,,,,,
643,EPRA Energy and Petroleum Statistics Report FY 2023-2024_2.pdf,23,1,27,STRATHMORE | 0.08 | 0.00% | 0.08 | 0.00% | 0.05 | 0.00%,STRATHMORE,0.08,0.00%,0.08,0.00%,0.05,0.00%,,,,,,,,,,,,,
644,EPRA Energy and Petroleum Statistics Report FY 2023-2024_2.pdf,23,1,28,KIPEVU II (Tsavo) | 0.00% | 0.00% | 47.76 | 0.38%,KIPEVU II (Tsavo),,0.00%,,0.00%,47.76,0.38%,,,,,,,,,,,,,
645,EPRA Energy and Petroleum Statistics Report FY 2023-2024_2.pdf,23,1,29,"Total | 13,595.89 | 13,214.86 | 12,591.91",Total,"13,595.89",,"13,214.86",,"12,591.91",,,,,,,,,,,,,,
646,EPRA Energy and Petroleum Statistics Report FY 2023-2024_2.pdf,25,2,1,Dec -2018 | Dec -2019 | Dec -2020 | Dec -2021 | Dec -2022 | Jun-23 | Jun-24,,Dec -2018,Dec -2019,Dec -2020,Dec -2021,Dec -2022,Jun-23,Jun-24,,,,,,,,,,,,
647,EPRA Energy and Petroleum Statistics Report FY 2023-2024_2.pdf,25,2,2,Burundi | 91.36 | 91.36 | 98.86 | 113.86 | 112.377 | 112.377 | 159.82,Burundi,91.36,91.36,98.86,113.86,112.377,112.377,159.82,,,,,,,,,,,,
648,EPRA Energy and Petroleum Statistics Report FY 2023-2024_2.pdf,25,2,3,"Kenya | 2,351 | 2,712 | 2,840 | 2,984 | 3,121 | 3,084.65 | 3,199.9",Kenya,"2,351","2,712","2,840","2,984","3,121","3,084.65","3,199.9",,,,,,,,,,,,
649,EPRA Energy and Petroleum Statistics Report FY 2023-2024_2.pdf,25,2,4,Rwanda | 221.95 | 225.5 | 238.352 | 263.052 | 263.052 | 263.052 | 406.4,Rwanda,221.95,225.5,238.352,263.052,263.052,263.052,406.4,,,,,,,,,,,,
650,EPRA Energy and Petroleum Statistics Report FY 2023-2024_2.pdf,25,2,5,"Tanzania | 1,543.20 | 1,627.71 | 1,626.80 | 1,634.25 | 1,849.20 | 1,887.85 | 2,435.27",Tanzania,"1,543.20","1,627.71","1,626.80","1,634.25","1,849.20","1,887.85","2,435.27",,,,,,,,,,,,
651,EPRA Energy and Petroleum Statistics Report FY 2023-2024_2.pdf,25,2,6,"Uganda | 984 | 1,252.6 | 1,269.1 | 1,365.2 | 1,401.96 | 1,609.85 | 2,430.27",Uganda,984,"1,252.6","1,269.1","1,365.2","1,401.96","1,609.85","2,430.27",,,,,,,,,,,,
652,EPRA Energy and Petroleum Statistics Report FY 2023-2024_2.pdf,25,2,7,"Total (MW) | 5,191.51 | 5,909.17 | 6,073.11 | 6,360.36 | 6,747.59 | 6,957.78 | 8,631.66",Total (MW),"5,191.51","5,909.17","6,073.11","6,360.36","6,747.59","6,957.78","8,631.66",,,,,,,,,,,,
653,EPRA Energy and Petroleum Statistics Report FY 2023-2024_2.pdf,25,3,1,Dec-2018 | Dec-2019 | Dec-2020 | Dec-2021 | Dec-2022 | Dec-2023 | Jun-24,,Dec-2018,Dec-2019,Dec-2020,Dec-2021,Dec-2022,Dec-2023,Jun-24,,,,,,,,,,,,
654,EPRA Energy and Petroleum Statistics Report FY 2023-2024_2.pdf,25,3,2,Burundi | 65.2 | 65.2 | 65.2 | 65.2 | 65.2 | 65.2 | 70,Burundi,65.2,65.2,65.2,65.2,65.2,65.2,70,,,,,,,,,,,,
655,EPRA Energy and Petroleum Statistics Report FY 2023-2024_2.pdf,25,3,3,"Kenya | 1,802 | 1,882 | 1,926 | 1,994 | 2,149 | 2,149 | 2,177",Kenya,"1,802","1,882","1,926","1,994","2,149","2,149","2,177",,,,,,,,,,,,
656,EPRA Energy and Petroleum Statistics Report FY 2023-2024_2.pdf,25,3,4,Rwanda | 138.71 | 146.91 | 154.79 | 170.66 | 170.66 | 170.66 | 234,Rwanda,138.71,146.91,154.79,170.66,170.66,170.66,234,,,,,,,,,,,,
657,EPRA Energy and Petroleum Statistics Report FY 2023-2024_2.pdf,25,3,5,"Tanzania | 1,045.70 | 1,116.58 | 1,151.66 | 1,201.02 | 1,354.61 | 1,482.8 | 1,645.23",Tanzania,"1,045.70","1,116.58","1,151.66","1,201.02","1,354.61","1,482.8","1,645.23",,,,,,,,,,,,
658,EPRA Energy and Petroleum Statistics Report FY 2023-2024_2.pdf,25,3,6,"Uganda | 645.4 | 723.8 | 736.7 | 794 | 843 | 863 | 1,033.38",Uganda,645.4,723.8,736.7,794,843,863,"1,033.38",,,,,,,,,,,,
659,EPRA Energy and Petroleum Statistics Report FY 2023-2024_2.pdf,25,3,7,"Total (MW) | 3,697.01 | 3,934.49 | 4,034.35 | 4,224.88 | 4,582.47 | 4,730.66 | 5,159.61",Total (MW),"3,697.01","3,934.49","4,034.35","4,224.88","4,582.47","4,730.66","5,159.61",,,,,,,,,,,,
660,EPRA Energy and Petroleum Statistics Report FY 2023-2024_2.pdf,26,1,1,2018 | 2019 | 2020 | 2021 | 2022 | 2023,,2018,2019,2020,2021,2022,2023,,,,,,,,,,,,,
661,EPRA Energy and Petroleum Statistics Report FY 2023-2024_2.pdf,26,1,2,Kenya | 21 | 23.69 | 24.46 | 24.1 | 24.75 | 23.2,Kenya,21,23.69,24.46,24.1,24.75,23.2,,,,,,,,,,,,,
662,EPRA Energy and Petroleum Statistics Report FY 2023-2024_2.pdf,26,1,3,Rwanda | 19.72 | 19.08 | 19.55 | 18.73 | 18.73 | 16.9,Rwanda,19.72,19.08,19.55,18.73,18.73,16.9,,,,,,,,,,,,,
663,EPRA Energy and Petroleum Statistics Report FY 2023-2024_2.pdf,26,1,4,Tanzania | 14.72 | 16.23 | 15.3 | 15.16 | 15.43 | 14.57,Tanzania,14.72,16.23,15.3,15.16,15.43,14.57,,,,,,,,,,,,,
664,EPRA Energy and Petroleum Statistics Report FY 2023-2024_2.pdf,26,1,5,Uganda | 20.4 | 20 | 21.3 | 22.1 | 23.8 | 20.6,Uganda,20.4,20,21.3,22.1,23.8,20.6,,,,,,,,,,,,,
665,EPRA Energy and Petroleum Statistics Report FY 2023-2024_2.pdf,26,1,6,Burundi | 30 | 24 | 22 | 20 | 28 | 18.3,Burundi,30,24,22,20,28,18.3,,,,,,,,,,,,,
666,EPRA Energy and Petroleum Statistics Report FY 2023-2024_2.pdf,27,1,1,Technology | Interconnected Capacity (MW) | Captive Capacity (MW) | Offgrid Capacity | Total Installed Capacity | % Total Installed,Technology,Interconnected Capacity (MW),,Captive Capacity (MW),Offgrid Capacity,Total Installed Capacity,% Total Installed,,,,,,,,,,,,,
667,EPRA Energy and Petroleum Statistics Report FY 2023-2024_2.pdf,27,1,2,Installed | Effective,,Installed,Effective,,,,,,,,,,,,,,,,,
668,EPRA Energy and Petroleum Statistics Report FY 2023-2024_2.pdf,27,1,3,Hydro | 839.3 | 810.4 | 33.0 | 0.1 | 872.4 | 24.38%,Hydro,839.3,810.4,33.0,0.1,872.4,24.38%,,,,,,,,,,,,,
669,EPRA Energy and Petroleum Statistics Report FY 2023-2024_2.pdf,27,1,4,Geothermal | 940.0 | 841.1 | 3.7 | 943.7 | 26.37%,Geothermal,940.0,841.1,3.7,,943.7,26.37%,,,,,,,,,,,,,
670,EPRA Energy and Petroleum Statistics Report FY 2023-2024_2.pdf,27,1,5,Wind | 435.5 | 425.5 | - | 0.6 | 436.1 | 12.19%,Wind,435.5,425.5,-,0.6,436.1,12.19%,,,,,,,,,,,,,
671,EPRA Energy and Petroleum Statistics Report FY 2023-2024_2.pdf,27,1,6,Solar | 210.3 | 210.3 | 229.2 | 3.4 | 442.9 | 12.38%,Solar,210.3,210.3,229.2,3.4,442.9,12.38%,,,,,,,,,,,,,
672,EPRA Energy and Petroleum Statistics Report FY 2023-2024_2.pdf,27,1,7,Bioenergy | 2.0 | 2.0 | 161.8 | 163.8 | 4.58%,Bioenergy,2.0,2.0,161.8,,163.8,4.58%,,,,,,,,,,,,,
673,EPRA Energy and Petroleum Statistics Report FY 2023-2024_2.pdf,27,1,8,Total | 2427.1 | 2289.3 | 427.7 | 4.0 | 2858.9 | 79.89%,Total,2427.1,2289.3,427.7,4.0,2858.9,79.89%,,,,,,,,,,,,,
674,EPRA Energy and Petroleum Statistics Report FY 2023-2024_2.pdf,30,1,6,"2,569.18",,,,,,,,"2,569.18",,,,,,,,,,,,
675,EPRA Energy and Petroleum Statistics Report FY 2023-2024_2.pdf,33,1,1,No. | Applicant | Technology | Capacity | Location,No.,Applicant,Technology,Capacity,Location,,,,,,,,,,,,,,,
676,EPRA Energy and Petroleum Statistics Report FY 2023-2024_2.pdf,33,1,2,1. | Equator Energy Kenya Limited | Solar PV | 1400 kWp | Saj Ceramics Limited,1.,Equator Energy Kenya Limited,Solar PV,1400 kWp,Saj Ceramics Limited,,,,,,,,,,,,,,,
677,EPRA Energy and Petroleum Statistics Report FY 2023-2024_2.pdf,33,1,3,2. | Equator Energy Kenya Limited | Solar PV | 2200 kWp | Milly Glass Works Limited,2.,Equator Energy Kenya Limited,Solar PV,2200 kWp,Milly Glass Works Limited,,,,,,,,,,,,,,,
678,EPRA Energy and Petroleum Statistics Report FY 2023-2024_2.pdf,33,1,4,3. | Ecoligo Limited | Solar PV | 100 kWp | DL Koisagat Tea Estates,3.,Ecoligo Limited,Solar PV,100 kWp,DL Koisagat Tea Estates,,,,,,,,,,,,,,,
679,EPRA Energy and Petroleum Statistics Report FY 2023-2024_2.pdf,33,1,5,4. | Ecoligo Limited | Solar PV | 450 kWp | Mogogosiek Tea Factory,4.,Ecoligo Limited,Solar PV,450 kWp,Mogogosiek Tea Factory,,,,,,,,,,,,,,,
680,EPRA Energy and Petroleum Statistics Report FY 2023-2024_2.pdf,33,1,6,5. | Ecoligo Limited | Solar PV | 82 kWp | Summit Fibers limited,5.,Ecoligo Limited,Solar PV,82 kWp,Summit Fibers limited,,,,,,,,,,,,,,,
681,EPRA Energy and Petroleum Statistics Report FY 2023-2024_2.pdf,33,1,7,6. | Ariya Finergy Ltd | Solar PV | 550 kWp | Isuzu East Africa Limited,6.,Ariya Finergy Ltd,Solar PV,550 kWp,Isuzu East Africa Limited,,,,,,,,,,,,,,,
682,EPRA Energy and Petroleum Statistics Report FY 2023-2024_2.pdf,33,1,8,7. | Crossboundary Energy Kenya Ltd | Solar PV | 680 kWp | Maisha Packaging Company Limited,7.,Crossboundary Energy Kenya Ltd,Solar PV,680 kWp,Maisha Packaging Company Limited,,,,,,,,,,,,,,,
683,EPRA Energy and Petroleum Statistics Report FY 2023-2024_2.pdf,33,1,9,8. | Ecoligo Limited | Solar PV | 300 kWp | Quality Meat Packers Limited,8.,Ecoligo Limited,Solar PV,300 kWp,Quality Meat Packers Limited,,,,,,,,,,,,,,,
684,EPRA Energy and Petroleum Statistics Report FY 2023-2024_2.pdf,33,1,10,9. | Farmdo Energy Kenya Ltd | Solar PV | 220 kWp | PJ Dave Flora Limited,9.,Farmdo Energy Kenya Ltd,Solar PV,220 kWp,PJ Dave Flora Limited,,,,,,,,,,,,,,,
685,EPRA Energy and Petroleum Statistics Report FY 2023-2024_2.pdf,33,1,11,10. | Gridx Africa Development Ltd | Solar PV | 320 kWp | Muthu Keekorok Management Limited,10.,Gridx Africa Development Ltd,Solar PV,320 kWp,Muthu Keekorok Management Limited,,,,,,,,,,,,,,,
686,EPRA Energy and Petroleum Statistics Report FY 2023-2024_2.pdf,33,1,12,11. | Ofgen Ltd | Solar PV | 200 kWp | Tropikal Brands Limited,11.,Ofgen Ltd,Solar PV,200 kWp,Tropikal Brands Limited,,,,,,,,,,,,,,,
687,EPRA Energy and Petroleum Statistics Report FY 2023-2024_2.pdf,33,1,13,12. | Ecoligo Limited | Solar PV | 5000 MW | Abyssinia Iron and Steel Limited,12.,Ecoligo Limited,Solar PV,5000 MW,Abyssinia Iron and Steel Limited,,,,,,,,,,,,,,,
688,EPRA Energy and Petroleum Statistics Report FY 2023-2024_2.pdf,33,1,14,13. | Ecoligo Limited | Solar PV | 2800 kWp | Abyssinia Iron and Steel Limited,13.,Ecoligo Limited,Solar PV,2800 kWp,Abyssinia Iron and Steel Limited,,,,,,,,,,,,,,,
689,EPRA Energy and Petroleum Statistics Report FY 2023-2024_2.pdf,33,1,15,14. | Ecoligo Limited | Solar PV | 1000 kWp | Devyani (Daima) Limited,14.,Ecoligo Limited,Solar PV,1000 kWp,Devyani (Daima) Limited,,,,,,,,,,,,,,,
690,EPRA Energy and Petroleum Statistics Report FY 2023-2024_2.pdf,33,1,16,15. | Gusii Tea Solar Company Limited | Solar PV | 519 kWp | Kebirigo Tea Factory Company Limited,15.,Gusii Tea Solar Company Limited,Solar PV,519 kWp,Kebirigo Tea Factory Company Limited,,,,,,,,,,,,,,,
691,EPRA Energy and Petroleum Statistics Report FY 2023-2024_2.pdf,33,1,17,16. | Gusii Tea Solar Company Limited | Solar PV | 685 kWp | Sanganyi Tea Factory Company Limited,16.,Gusii Tea Solar Company Limited,Solar PV,685 kWp,Sanganyi Tea Factory Company Limited,,,,,,,,,,,,,,,
692,EPRA Energy and Petroleum Statistics Report FY 2023-2024_2.pdf,33,1,18,17. | Gridx Africa Development Ltd | Solar PV | 2500 kWp | Mabati Rolling Mills Limited,17.,Gridx Africa Development Ltd,Solar PV,2500 kWp,Mabati Rolling Mills Limited,,,,,,,,,,,,,,,
693,EPRA Energy and Petroleum Statistics Report FY 2023-2024_2.pdf,33,1,19,18. | Equator Energy Kenya Limited | Solar PV | 10000 kWp | Mombasa Cement Limited,18.,Equator Energy Kenya Limited,Solar PV,10000 kWp,Mombasa Cement Limited,,,,,,,,,,,,,,,
694,EPRA Energy and Petroleum Statistics Report FY 2023-2024_2.pdf,34,1,1,S/No. | Facility | Capacity (MW) | Technology,S/No.,Facility,Capacity (MW),Technology,,,,,,,,,,,,,,,,
695,EPRA Energy and Petroleum Statistics Report FY 2023-2024_2.pdf,34,1,2,1. | Bidco | 2.1 | Biomass,1.,Bidco,2.1,Biomass,,,,,,,,,,,,,,,,
696,EPRA Energy and Petroleum Statistics Report FY 2023-2024_2.pdf,34,1,3,2. | Kwale International Sugar Company Limited | 18.0 | Biomass,2.,Kwale International Sugar Company Limited,18.0,Biomass,,,,,,,,,,,,,,,,
697,EPRA Energy and Petroleum Statistics Report FY 2023-2024_2.pdf,34,1,4,3. | Butali Sugar Mills Limited | 11.0 | Bagasse,3.,Butali Sugar Mills Limited,11.0,Bagasse,,,,,,,,,,,,,,,,
698,EPRA Energy and Petroleum Statistics Report FY 2023-2024_2.pdf,34,1,5,4. | Chemelil Sugar Company Limited | 3.0 | Bagasse,4.,Chemelil Sugar Company Limited,3.0,Bagasse,,,,,,,,,,,,,,,,
699,EPRA Energy and Petroleum Statistics Report FY 2023-2024_2.pdf,34,1,6,5. | South Nyanza Sugar Company | 8.7 | Bagasse,5.,South Nyanza Sugar Company,8.7,Bagasse,,,,,,,,,,,,,,,,
700,EPRA Energy and Petroleum Statistics Report FY 2023-2024_2.pdf,34,1,7,6. | DWA Estates Limited | 1.4 | Biomass,6.,DWA Estates Limited,1.4,Biomass,,,,,,,,,,,,,,,,
701,EPRA Energy and Petroleum Statistics Report FY 2023-2024_2.pdf,34,1,8,7. | Nzoia Sugar Co. Limited | 7.0 | Bagasse,7.,Nzoia Sugar Co. Limited,7.0,Bagasse,,,,,,,,,,,,,,,,
702,EPRA Energy and Petroleum Statistics Report FY 2023-2024_2.pdf,34,1,9,8. | Pwani Oil Products Limited | 1.5 | Biomass,8.,Pwani Oil Products Limited,1.5,Biomass,,,,,,,,,,,,,,,,
703,EPRA Energy and Petroleum Statistics Report FY 2023-2024_2.pdf,34,1,10,9. | Biojoule Kenya Limited | 2.0 | Biogas,9.,Biojoule Kenya Limited,2.0,Biogas,,,,,,,,,,,,,,,,
704,EPRA Energy and Petroleum Statistics Report FY 2023-2024_2.pdf,34,1,11,10. | Transmara Sugar Company Limited | 12.0 | Bagasse,10.,Transmara Sugar Company Limited,12.0,Bagasse,,,,,,,,,,,,,,,,
705,EPRA Energy and Petroleum Statistics Report FY 2023-2024_2.pdf,34,1,12,11. | James Finlay (Kenya) Limited | 0.18 | Biogas,11.,James Finlay (Kenya) Limited,0.18,Biogas,,,,,,,,,,,,,,,,
706,EPRA Energy and Petroleum Statistics Report FY 2023-2024_2.pdf,34,1,13,12. | West Kenya Sugar Company Limited | 21.0 | Bagasse,12.,West Kenya Sugar Company Limited,21.0,Bagasse,,,,,,,,,,,,,,,,
707,EPRA Energy and Petroleum Statistics Report FY 2023-2024_2.pdf,34,1,14,13. | Sukari Industries Limited | 8.5 | Bagasse,13.,Sukari Industries Limited,8.5,Bagasse,,,,,,,,,,,,,,,,
708,EPRA Energy and Petroleum Statistics Report FY 2023-2024_2.pdf,34,1,15,14. | Kibos Sugar and Allied Industries | 23.5 | Bagasse,14.,Kibos Sugar and Allied Industries,23.5,Bagasse,,,,,,,,,,,,,,,,
709,EPRA Energy and Petroleum Statistics Report FY 2023-2024_2.pdf,34,1,16,15. | Cummins | 8.4 | Biomass,15.,Cummins,8.4,Biomass,,,,,,,,,,,,,,,,
710,EPRA Energy and Petroleum Statistics Report FY 2023-2024_2.pdf,34,1,17,16. | Muhoroni Sugar Company | 3.0 | Bagasse,16.,Muhoroni Sugar Company,3.0,Bagasse,,,,,,,,,,,,,,,,
711,EPRA Energy and Petroleum Statistics Report FY 2023-2024_2.pdf,34,1,18,17. | Mumias Sugar Company | 10.0 | Bagasse,17.,Mumias Sugar Company,10.0,Bagasse,,,,,,,,,,,,,,,,
712,EPRA Energy and Petroleum Statistics Report FY 2023-2024_2.pdf,34,1,19,18. | Busia Sugar Industry Limited | 6.0 | Bagasse,18.,Busia Sugar Industry Limited,6.0,Bagasse,,,,,,,,,,,,,,,,
713,EPRA Energy and Petroleum Statistics Report FY 2023-2024_2.pdf,34,1,20,19. | West Valley Sugar Company | 3.0 | Bagasse,19.,West Valley Sugar Company,3.0,Bagasse,,,,,,,,,,,,,,,,
714,EPRA Energy and Petroleum Statistics Report FY 2023-2024_2.pdf,34,1,21,20. | Olepito Sugar Factory | 1.5 | Bagasse,20.,Olepito Sugar Factory,1.5,Bagasse,,,,,,,,,,,,,,,,
715,EPRA Energy and Petroleum Statistics Report FY 2023-2024_2.pdf,34,1,22,21. | West Kenya Naitiri Sugar Company | 12.0 | Bagasse,21.,West Kenya Naitiri Sugar Company,12.0,Bagasse,,,,,,,,,,,,,,,,
716,EPRA Energy and Petroleum Statistics Report FY 2023-2024_2.pdf,34,1,23,Total | 163.8,Total,,163.8,,,,,,,,,,,,,,,,,
717,EPRA Energy and Petroleum Statistics Report FY 2023-2024_2.pdf,36,2,5,940.03 881.49,,940.03 881.49,,,,,,,,,,,,,,,,,,
718,EPRA Energy and Petroleum Statistics Report FY 2023-2024_2.pdf,39,1,1,"Lamu Basin: 261,000 km² | Tertiary Rift Basin: 100,000 km² | Anza Basin: 81,000 km²","Lamu Basin: 261,000 km²","Tertiary Rift Basin: 100,000 km²","Anza Basin: 81,000 km²",,,,,,,,,,,,,,,,,
719,EPRA Energy and Petroleum Statistics Report FY 2023-2024_2.pdf,39,1,2,"Mandera Basin: 43,000 km²",,"Mandera Basin: 43,000 km²",,,,,,,,,,,,,,,,,,
720,EPRA Energy and Petroleum Statistics Report FY 2023-2024_2.pdf,40,1,1,KENYA'S SEDIMENTARY BASINS MAnderA BAsin TerTiAry rifT AnzA BAsin Basin_Name Anza Basin Lamu Basin Mandera Basin Tertiary Rift LAMu BAsin 0 37.5 75 150 225 300 Kilometers,KENYA'S SEDIMENTARY BASINS MAnderA BAsin TerTiAry rifT AnzA BAsin Basin_Name Anza Basin Lamu Basin Mandera Basin Tertiary Rift LAMu BAsin 0 37.5 75 150 225 300 Kilometers,,,,,,,,,,,,,,,,,,,
721,EPRA Energy and Petroleum Statistics Report FY 2023-2024_2.pdf,40,1,2,"Lamu Basin covers a total surface area of approximately 258,700Km2 both onshore Mandera Basin covers a total surface area of approximately 43,300 km2, which and offshore. It has a total of 37 blocks. The Basin was formed during the tectonic comprises of five (5) blocks. Mandera Basin is onshore Palaeozoic rift extending from activities that were associated with the break-up of Gondwanaland. It is part of the Kenya northwards into the Ogaden Basin of Ethiopia and Somalia. The stratigraphy rifting activities that resulted in opening of the Western Somalia Basin during Upper is divided into six mega-sequences (Precambrian Basement to Upper Cretaceous). Jurassic to Cretaceous. A continental margin was formed by a combination of extensional and strike slip motion related to movement of Madagascar southwards Tertiary Rift Basin covers a total surface area of over 105,000 km2, with a total along the Davie Fracture Zone. number of fourteen (14) blocks. It trends North-South from Turkana to Magadi. Sediment thickness in the Tertiary Rift Basins is approximately 4,000m. Anza Basin is a rift graben whose total surface area is more than 79,979 km2. It is divided into seven (7) blocks. The basin is located to the northwest of Lamu Embayment. It trends NW-SE and is associated with the Cretaceous Central African Rift System which stretches from the Atlantic Ocean through Benue trough in Nigeria, through Chad, the Central African Republic and Sudan up to Kenya.","Lamu Basin covers a total surface area of approximately 258,700Km2 both onshore Mandera Basin covers a total surface area of approximately 43,300 km2, which and offshore. It has a total of 37 blocks. The Basin was formed during the tectonic comprises of five (5) blocks. Mandera Basin is onshore Palaeozoic rift extending from activities that were associated with the break-up of Gondwanaland. It is part of the Kenya northwards into the Ogaden Basin of Ethiopia and Somalia. The stratigraphy rifting activities that resulted in opening of the Western Somalia Basin during Upper is divided into six mega-sequences (Precambrian Basement to Upper Cretaceous). Jurassic to Cretaceous. A continental margin was formed by a combination of extensional and strike slip motion related to movement of Madagascar southwards Tertiary Rift Basin covers a total surface area of over 105,000 km2, with a total along the Davie Fracture Zone. number of fourteen (14) blocks. It trends North-South from Turkana to Magadi. Sediment thickness in the Tertiary Rift Basins is approximately 4,000m. Anza Basin is a rift graben whose total surface area is more than 79,979 km2. It is divided into seven (7) blocks. The basin is located to the northwest of Lamu Embayment. It trends NW-SE and is associated with the Cretaceous Central African Rift System which stretches from the Atlantic Ocean through Benue trough in Nigeria, through Chad, the Central African Republic and Sudan up to Kenya.",,,,,,,,,,,,,,,,,,,
722,EPRA Energy and Petroleum Statistics Report FY 2023-2024_2.pdf,42,1,1,No. | Name of Facility | Capacity (Cubic meters) | Location,No.,Name of Facility,Capacity (Cubic meters),Location,,,,,,,,,,,,,,,,
723,EPRA Energy and Petroleum Statistics Report FY 2023-2024_2.pdf,42,1,2,"1. | Kenya Pipeline Company Limited | 326,230 | Kipevu",1.,Kenya Pipeline Company Limited,"326,230",Kipevu,,,,,,,,,,,,,,,,
724,EPRA Energy and Petroleum Statistics Report FY 2023-2024_2.pdf,42,1,3,"2. | Kenya Petroleum Refineries Limited | 264,438 | Changamwe",2.,Kenya Petroleum Refineries Limited,"264,438",Changamwe,,,,,,,,,,,,,,,,
725,EPRA Energy and Petroleum Statistics Report FY 2023-2024_2.pdf,42,1,4,"3. | GAPCO Kenya Limited | 105,000 | Shimanzi",3.,GAPCO Kenya Limited,"105,000",Shimanzi,,,,,,,,,,,,,,,,
726,EPRA Energy and Petroleum Statistics Report FY 2023-2024_2.pdf,42,1,5,"4. | VTTI Kenya Limited | 111,057 | Kipevu",4.,VTTI Kenya Limited,"111,057",Kipevu,,,,,,,,,,,,,,,,
727,EPRA Energy and Petroleum Statistics Report FY 2023-2024_2.pdf,42,1,6,"5. | Vivo Energy Kenya Limited | 100,000 | Shimanzi",5.,Vivo Energy Kenya Limited,"100,000",Shimanzi,,,,,,,,,,,,,,,,
728,EPRA Energy and Petroleum Statistics Report FY 2023-2024_2.pdf,42,1,7,"6. | Kenya Petroleum Refineries Limited (Port reitz) | 100,000 | Kipevu",6.,Kenya Petroleum Refineries Limited (Port reitz),"100,000",Kipevu,,,,,,,,,,,,,,,,
729,EPRA Energy and Petroleum Statistics Report FY 2023-2024_2.pdf,42,1,8,"7. | Mbaraki Bulk Terminal Limited | 36,000 | Mbaraki",7.,Mbaraki Bulk Terminal Limited,"36,000",Mbaraki,,,,,,,,,,,,,,,,
730,EPRA Energy and Petroleum Statistics Report FY 2023-2024_2.pdf,42,1,9,"8. | Total Energies Marketing PLC (MJT) | 44,460 | Shimanzi",8.,Total Energies Marketing PLC (MJT),"44,460",Shimanzi,,,,,,,,,,,,,,,,
731,EPRA Energy and Petroleum Statistics Report FY 2023-2024_2.pdf,42,1,10,"9. | Ola Energy Kenya Limited | 42,200 | Shimanzi",9.,Ola Energy Kenya Limited,"42,200",Shimanzi,,,,,,,,,,,,,,,,
732,EPRA Energy and Petroleum Statistics Report FY 2023-2024_2.pdf,42,1,11,"Total Capacity | 1,129,385",Total Capacity,,"1,129,385",,,,,,,,,,,,,,,,,
733,EPRA Energy and Petroleum Statistics Report FY 2023-2024_2.pdf,42,3,1,FY 2020/2021 | FY 2021/2022 | FY 2022/2023 | FY 2023/2024,,FY 2020/2021,FY 2021/2022,FY 2022/2023,FY 2023/2024,,,,,,,,,,,,,,,
734,EPRA Energy and Petroleum Statistics Report FY 2023-2024_2.pdf,42,3,2,"JET A1 (m3) | 1,042,303.65 | 1,167,365.41 | 1,290,936.79 | 1,437,472.97",JET A1 (m3),"1,042,303.65","1,167,365.41","1,290,936.79","1,437,472.97",,,,,,,,,,,,,,,
735,EPRA Energy and Petroleum Statistics Report FY 2023-2024_2.pdf,42,3,3,"PMS (m3) | 3,560,784.05 | 3,318,639.97 | 3,588,285.06 | 3,611,931.75",PMS (m3),"3,560,784.05","3,318,639.97","3,588,285.06","3,611,931.75",,,,,,,,,,,,,,,
736,EPRA Energy and Petroleum Statistics Report FY 2023-2024_2.pdf,42,3,4,"AGO (m3) | 4,130,523.14 | 4,106,190.71 | 4,363,867.04 | 4,010,192.43",AGO (m3),"4,130,523.14","4,106,190.71","4,363,867.04","4,010,192.43",,,,,,,,,,,,,,,
737,EPRA Energy and Petroleum Statistics Report FY 2023-2024_2.pdf,42,3,5,"Total (m3) | 8,733,610.84 | 8,592,196.09 | 9,243,088.89 | 9,059,597.15",Total (m3),"8,733,610.84","8,592,196.09","9,243,088.89","9,059,597.15",,,,,,,,,,,,,,,
738,EPRA Energy and Petroleum Statistics Report FY 2023-2024_2.pdf,43,2,1,44,,,,,,,,44,,,,,,,,,,,,
739,EPRA Energy and Petroleum Statistics Report FY 2023-2024_2.pdf,43,2,2,3 | 8.64 | 422.23,3,8.64,,,,,,,422.23,,,,,,,,,,,
740,EPRA Energy and Petroleum Statistics Report FY 2023-2024_2.pdf,44,2,1,Pipeline | Pipeline Diameter (Inches) | Pipeline length (km) | Flow rate (m3/hr),Pipeline,Pipeline Diameter (Inches),Pipeline length (km),Flow rate (m3/hr),,,,,,,,,,,,,,,,
741,EPRA Energy and Petroleum Statistics Report FY 2023-2024_2.pdf,44,2,2,Nairobi – Sinendet – Eldoret pipeline (Line 2) | 8/6 | 325 | 220,Nairobi – Sinendet – Eldoret pipeline (Line 2),8/6,325,220,,,,,,,,,,,,,,,,
742,EPRA Energy and Petroleum Statistics Report FY 2023-2024_2.pdf,44,2,3,Sinendet – Kisumu pipeline (Line 3) | 6 | 121 | 140,Sinendet – Kisumu pipeline (Line 3),6,121,140,,,,,,,,,,,,,,,,
743,EPRA Energy and Petroleum Statistics Report FY 2023-2024_2.pdf,44,2,4,Nairobi – Eldoret pipeline (Line 4) | 14 | 325 | 311,Nairobi – Eldoret pipeline (Line 4),14,325,311,,,,,,,,,,,,,,,,
744,EPRA Energy and Petroleum Statistics Report FY 2023-2024_2.pdf,44,2,5,"Mombasa – Nairobi pipeline (Line 5) | 20 | 450 | 1,300",Mombasa – Nairobi pipeline (Line 5),20,450,"1,300",,,,,,,,,,,,,,,,
745,EPRA Energy and Petroleum Statistics Report FY 2023-2024_2.pdf,44,2,6,Sinendet – Kisumu pipeline (Line 6) | 10 | 121 | 280,Sinendet – Kisumu pipeline (Line 6),10,121,280,,,,,,,,,,,,,,,,
746,EPRA Energy and Petroleum Statistics Report FY 2023-2024_2.pdf,44,3,2,"639,151 636,813",,,,,"639,151 636,813",,,,,,,,,,,,,,,
747,EPRA Energy and Petroleum Statistics Report FY 2023-2024_2.pdf,45,1,1,"518,095",,,,,"518,095",,,,,,,,,,,,,,,
748,EPRA Energy and Petroleum Statistics Report FY 2023-2024_2.pdf,45,1,2,"302,965 | 353,858 | 892,363","302,965",,"353,858",,"892,363",,,,,,,,,,,,,,,
749,EPRA Energy and Petroleum Statistics Report FY 2023-2024_2.pdf,45,1,3,"801,528",,,"801,528",,,,,,,,,,,,,,,,,
750,EPRA Energy and Petroleum Statistics Report FY 2023-2024_2.pdf,45,1,5,"697,011","697,011",,,,,,,,,,,,,,,,,,,
751,EPRA Energy and Petroleum Statistics Report FY 2023-2024_2.pdf,45,1,6,"895,965 | 962,297 | 1,115,053","895,965",,"962,297",,"1,115,053",,,,,,,,,,,,,,,
752,EPRA Energy and Petroleum Statistics Report FY 2023-2024_2.pdf,45,1,8,"1,325,810","1,325,810",,,,,,,,,,,,,,,,,,,
753,EPRA Energy and Petroleum Statistics Report FY 2023-2024_2.pdf,45,1,9,"1,413,660 | 1,568,157",,,"1,413,660",,"1,568,157",,,,,,,,,,,,,,,
754,EPRA Energy and Petroleum Statistics Report FY 2023-2024_2.pdf,45,1,11,"1,846,851 | 1,895,638 | 1,893,671","1,846,851",,"1,895,638",,"1,893,671",,,,,,,,,,,,,,,
755,EPRA Energy and Petroleum Statistics Report FY 2023-2024_2.pdf,45,1,16,"2,490,000 | 2,331,445 | 2,142,094","2,490,000",,"2,331,445",,"2,142,094",,,,,,,,,,,,,,,
756,EPRA Energy and Petroleum Statistics Report FY 2023-2024_2.pdf,45,2,4,93. | 92,,,,,,93.,92,,,,,,,,,,,,,
757,EPRA Energy and Petroleum Statistics Report FY 2023-2024_2.pdf,45,2,5,91. | 00,,,,,,,91.,00,,,,,,,,,,,,
758,EPRA Energy and Petroleum Statistics Report FY 2023-2024_2.pdf,45,2,6,84. | 11 | 87. | 28 | 84.,84.,11,,,87.,28,,,,,,84.,,,,,,,,
759,EPRA Energy and Petroleum Statistics Report FY 2023-2024_2.pdf,45,2,7,80. | 80 | 83. | 32 | 80. | 99,,,,80.,80,,,83.,32,,80.,99,,,,,,,,
760,EPRA Energy and Petroleum Statistics Report FY 2023-2024_2.pdf,45,2,8,75. | 59 75. | 61 | 77. | 68 79. | 06,,75.,59 75.,61,,,,,77.,68 79.,06,,,,,,,,,
761,EPRA Energy and Petroleum Statistics Report FY 2023-2024_2.pdf,46,1,1,OMC | Local sales volume for imported products (m3) | % Share,OMC,Local sales volume for imported products (m3),% Share,,,,,,,,,,,,,,,,,
762,EPRA Energy and Petroleum Statistics Report FY 2023-2024_2.pdf,46,1,2,"Vivo Energy Kenya Limited | 1,215,150.75 | 22.24%",Vivo Energy Kenya Limited,"1,215,150.75",22.24%,,,,,,,,,,,,,,,,,
763,EPRA Energy and Petroleum Statistics Report FY 2023-2024_2.pdf,46,1,3,"Rubis Energy Kenya Plc | 850,194.85 | 15.56%",Rubis Energy Kenya Plc,"850,194.85",15.56%,,,,,,,,,,,,,,,,,
764,EPRA Energy and Petroleum Statistics Report FY 2023-2024_2.pdf,46,1,4,"TotalEnergies Marketing Kenya Plc | 822,808.79 | 15.06%",TotalEnergies Marketing Kenya Plc,"822,808.79",15.06%,,,,,,,,,,,,,,,,,
765,EPRA Energy and Petroleum Statistics Report FY 2023-2024_2.pdf,46,1,5,"Ola Energy Kenya Limited | 324,154.00 | 5.93%",Ola Energy Kenya Limited,"324,154.00",5.93%,,,,,,,,,,,,,,,,,
766,EPRA Energy and Petroleum Statistics Report FY 2023-2024_2.pdf,46,1,6,"Be Energy Limited | 241,791.22 | 4.43%",Be Energy Limited,"241,791.22",4.43%,,,,,,,,,,,,,,,,,
767,EPRA Energy and Petroleum Statistics Report FY 2023-2024_2.pdf,46,1,7,"Galana Energies Limited | 147,921.27 | 2.71%",Galana Energies Limited,"147,921.27",2.71%,,,,,,,,,,,,,,,,,
768,EPRA Energy and Petroleum Statistics Report FY 2023-2024_2.pdf,46,1,8,"Stabex International Ltd | 130,792.21 | 2.39%",Stabex International Ltd,"130,792.21",2.39%,,,,,,,,,,,,,,,,,
769,EPRA Energy and Petroleum Statistics Report FY 2023-2024_2.pdf,46,1,9,"Oryx Energies Kenya Limited | 127,531.40 | 2.33%",Oryx Energies Kenya Limited,"127,531.40",2.33%,,,,,,,,,,,,,,,,,
770,EPRA Energy and Petroleum Statistics Report FY 2023-2024_2.pdf,46,1,10,"Lake Oil Limited | 118,569.99 | 2.17%",Lake Oil Limited,"118,569.99",2.17%,,,,,,,,,,,,,,,,,
771,EPRA Energy and Petroleum Statistics Report FY 2023-2024_2.pdf,46,1,11,"Tosha Petroleum (Kenya) Limited | 118,503.00 | 2.17%",Tosha Petroleum (Kenya) Limited,"118,503.00",2.17%,,,,,,,,,,,,,,,,,
772,EPRA Energy and Petroleum Statistics Report FY 2023-2024_2.pdf,46,1,12,"Petro Oil Kenya Limited | 112,218.00 | 2.05%",Petro Oil Kenya Limited,"112,218.00",2.05%,,,,,,,,,,,,,,,,,
773,EPRA Energy and Petroleum Statistics Report FY 2023-2024_2.pdf,46,1,13,"Hass Petroleum Kenya Limited | 108,725.00 | 1.99%",Hass Petroleum Kenya Limited,"108,725.00",1.99%,,,,,,,,,,,,,,,,,
774,EPRA Energy and Petroleum Statistics Report FY 2023-2024_2.pdf,46,1,14,"Gapco Kenya Limited | 89,271.50 | 1.63%",Gapco Kenya Limited,"89,271.50",1.63%,,,,,,,,,,,,,,,,,
775,EPRA Energy and Petroleum Statistics Report FY 2023-2024_2.pdf,46,1,15,"Dalbit Petroleum Limited | 81,841.68 | 1.50%",Dalbit Petroleum Limited,"81,841.68",1.50%,,,,,,,,,,,,,,,,,
776,EPRA Energy and Petroleum Statistics Report FY 2023-2024_2.pdf,46,1,16,"Astrol Petroleum Company Limited | 66,632.93 | 1.22%",Astrol Petroleum Company Limited,"66,632.93",1.22%,,,,,,,,,,,,,,,,,
777,EPRA Energy and Petroleum Statistics Report FY 2023-2024_2.pdf,46,1,17,"Gulf Energy Holdings Limited | 62,345.44 | 1.14%",Gulf Energy Holdings Limited,"62,345.44",1.14%,,,,,,,,,,,,,,,,,
778,EPRA Energy and Petroleum Statistics Report FY 2023-2024_2.pdf,46,1,18,"Lexo Energy Kenya Limited | 56,169.45 | 1.03%",Lexo Energy Kenya Limited,"56,169.45",1.03%,,,,,,,,,,,,,,,,,
779,EPRA Energy and Petroleum Statistics Report FY 2023-2024_2.pdf,46,1,19,"Sahara Energy Limited | 54,101.33 | 0.99%",Sahara Energy Limited,"54,101.33",0.99%,,,,,,,,,,,,,,,,,
780,EPRA Energy and Petroleum Statistics Report FY 2023-2024_2.pdf,46,1,20,"Towba Petroleum Company Limited | 52,049.82 | 0.95%",Towba Petroleum Company Limited,"52,049.82",0.95%,,,,,,,,,,,,,,,,,
781,EPRA Energy and Petroleum Statistics Report FY 2023-2024_2.pdf,46,1,21,"Green Wells Energies Limited | 49,033.20 | 0.90%",Green Wells Energies Limited,"49,033.20",0.90%,,,,,,,,,,,,,,,,,
782,EPRA Energy and Petroleum Statistics Report FY 2023-2024_2.pdf,46,1,22,"Aftah Petroleum(K)Ltd | 47,201.86 | 0.86%",Aftah Petroleum(K)Ltd,"47,201.86",0.86%,,,,,,,,,,,,,,,,,
783,EPRA Energy and Petroleum Statistics Report FY 2023-2024_2.pdf,46,1,23,"Fossil Supplies Limited | 44,584.00 | 0.82%",Fossil Supplies Limited,"44,584.00",0.82%,,,,,,,,,,,,,,,,,
784,EPRA Energy and Petroleum Statistics Report FY 2023-2024_2.pdf,46,1,24,"Luqman Petroleum Limited | 33,973.09 | 0.62%",Luqman Petroleum Limited,"33,973.09",0.62%,,,,,,,,,,,,,,,,,
785,EPRA Energy and Petroleum Statistics Report FY 2023-2024_2.pdf,46,1,25,"Ramji Haribhai Devani Limited | 33,002.00 | 0.60%",Ramji Haribhai Devani Limited,"33,002.00",0.60%,,,,,,,,,,,,,,,,,
786,EPRA Energy and Petroleum Statistics Report FY 2023-2024_2.pdf,46,1,26,"Riva Petroleum Dealers Limited | 30,888.65 | 0.57%",Riva Petroleum Dealers Limited,"30,888.65",0.57%,,,,,,,,,,,,,,,,,
787,EPRA Energy and Petroleum Statistics Report FY 2023-2024_2.pdf,46,1,27,"East African Gasoil Limited | 26,192.71 | 0.48%",East African Gasoil Limited,"26,192.71",0.48%,,,,,,,,,,,,,,,,,
788,EPRA Energy and Petroleum Statistics Report FY 2023-2024_2.pdf,46,1,28,"Trinity Energy (K) Limited | 25,400.75 | 0.46%",Trinity Energy (K) Limited,"25,400.75",0.46%,,,,,,,,,,,,,,,,,
789,EPRA Energy and Petroleum Statistics Report FY 2023-2024_2.pdf,46,1,29,"Zacosia Trading Limited | 25,214.60 | 0.46%",Zacosia Trading Limited,"25,214.60",0.46%,,,,,,,,,,,,,,,,,
790,EPRA Energy and Petroleum Statistics Report FY 2023-2024_2.pdf,46,1,30,"Others | 367,601.76 | 6.70%",Others,"367,601.76",6.70%,,,,,,,,,,,,,,,,,
791,EPRA Energy and Petroleum Statistics Report FY 2023-2024_2.pdf,47,1,1,11%%,11%%,,,,,,,,,,,,,,,,,,,
792,EPRA Energy and Petroleum Statistics Report FY 2023-2024_2.pdf,48,1,1,No. | Facility | Capacity (metric tons) | Location,No.,Facility,Capacity (metric tons),Location,,,,,,,,,,,,,,,,
793,EPRA Energy and Petroleum Statistics Report FY 2023-2024_2.pdf,48,1,2,"1. | Kenya Petroleum Refineries Limited | 1,195 | Changamwe",1.,Kenya Petroleum Refineries Limited,"1,195",Changamwe,,,,,,,,,,,,,,,,
794,EPRA Energy and Petroleum Statistics Report FY 2023-2024_2.pdf,48,1,3,2. | Vivo Energy Kenya Limited | 50 | Shimanzi,2.,Vivo Energy Kenya Limited,50,Shimanzi,,,,,,,,,,,,,,,,
795,EPRA Energy and Petroleum Statistics Report FY 2023-2024_2.pdf,48,1,4,3. | Hashi Energy Limited | 400 | Changamwe,3.,Hashi Energy Limited,400,Changamwe,,,,,,,,,,,,,,,,
796,EPRA Energy and Petroleum Statistics Report FY 2023-2024_2.pdf,48,1,5,4. | Total Energies Marketing Kenya PLC | 240 | Changamwe,4.,Total Energies Marketing Kenya PLC,240,Changamwe,,,,,,,,,,,,,,,,
797,EPRA Energy and Petroleum Statistics Report FY 2023-2024_2.pdf,48,1,6,5. | OLA Energy Kenya Limited | 450 | Shimanzi,5.,OLA Energy Kenya Limited,450,Shimanzi,,,,,,,,,,,,,,,,
798,EPRA Energy and Petroleum Statistics Report FY 2023-2024_2.pdf,48,1,7,"Total Capacity | 2,335",,Total Capacity,"2,335",,,,,,,,,,,,,,,,,
799,EPRA Energy and Petroleum Statistics Report FY 2023-2024_2.pdf,48,2,1,No. | Region | Combined Capacity (metric tons) | No. of Facilities,No.,Region,Combined Capacity (metric tons),No. of Facilities,,,,,,,,,,,,,,,,
800,EPRA Energy and Petroleum Statistics Report FY 2023-2024_2.pdf,48,2,2,"1. | Nairobi | 3,203 | 44",1.,Nairobi,"3,203",44,,,,,,,,,,,,,,,,
801,EPRA Energy and Petroleum Statistics Report FY 2023-2024_2.pdf,48,2,3,"2. | Rift valley | 1,026 | 24",2.,Rift valley,"1,026",24,,,,,,,,,,,,,,,,
802,EPRA Energy and Petroleum Statistics Report FY 2023-2024_2.pdf,48,2,4,"3. | Central | 1,008 | 28",3.,Central,"1,008",28,,,,,,,,,,,,,,,,
803,EPRA Energy and Petroleum Statistics Report FY 2023-2024_2.pdf,48,2,5,4. | Coast | 665 | 13,4.,Coast,665,13,,,,,,,,,,,,,,,,
804,EPRA Energy and Petroleum Statistics Report FY 2023-2024_2.pdf,48,2,6,5. | Eastern | 441 | 14,5.,Eastern,441,14,,,,,,,,,,,,,,,,
805,EPRA Energy and Petroleum Statistics Report FY 2023-2024_2.pdf,48,2,7,6. | Nyanza | 387 | 7,6.,Nyanza,387,7,,,,,,,,,,,,,,,,
806,EPRA Energy and Petroleum Statistics Report FY 2023-2024_2.pdf,48,2,8,7. | North Eastern | 108 | 4,7.,North Eastern,108,4,,,,,,,,,,,,,,,,
807,EPRA Energy and Petroleum Statistics Report FY 2023-2024_2.pdf,48,2,9,8. | Western | 104 | 5,8.,Western,104,5,,,,,,,,,,,,,,,,
808,EPRA Energy and Petroleum Statistics Report FY 2023-2024_2.pdf,48,2,10,"Total | 6,942 | 134",,Total,"6,942",134,,,,,,,,,,,,,,,,
809,EPRA Energy and Petroleum Statistics Report FY 2023-2024_2.pdf,48,3,1,6.6 | 6.6 | 7.0,,,,,,,,,,,,,,,,,,,,
810,EPRA Energy and Petroleum Statistics Report FY 2023-2024_2.pdf,48,3,4,6.4,,,,,,,,,,,,,,,,,,,,
811,EPRA Energy and Petroleum Statistics Report FY 2023-2024_2.pdf,48,3,7,5.2,,,,,,,,,,,,,,,,,,,5.2,
812,EPRA Energy and Petroleum Statistics Report FY 2023-2024_2.pdf,48,3,8,3.5 | 3.4 | 3.4 | 4.4,,,,,,,3.5,,,3.4,,,3.4,,,4.4,,,,
813,EPRA Energy and Petroleum Statistics Report FY 2023-2024_2.pdf,48,3,10,"30 | 4,4 | 08 | 32 | 0,9 | 09 | 37 | 3,8 | 65 | 33 | 3,8 | 30 | 36 | 0,5 | 94",,,,,,,,,,,,,,,,,,,,
814,EPRA Energy and Petroleum Statistics Report FY 2023-2024_2.pdf,48,3,11,"2.3 | 2.2 | 19 | 8,48 | 2 | 24 | 0,4 | 82",2.3,,,2.2,,,,,,,,,,,,19,"8,48",2,24,"0,4"
815,EPRA Energy and Petroleum Statistics Report FY 2023-2024_2.pdf,48,3,12,"14 | 9,7 | 00 | 14 | 8,6 | 00 | 15 | 1,7 | 00",,,,,,,14,"9,7",00,14,"8,6",00,15,"1,7",00,,,,,
816,EPRA Energy and Petroleum Statistics Report FY 2023-2024_2.pdf,48,3,13,"93 | ,60 | 0 | 92 | ,90 | 0",93,",60",0,92,",90",0,,,,,,,,,,,,,,
817,EPRA Energy and Petroleum Statistics Report FY 2023-2024_2.pdf,49,1,1,"33,024.25 | 31,904.66 | 30,224.15 | 31,886.98 | 31,859.84 | 32,450.71 | 31,798.11",,"33,024.25","31,904.66","30,224.15","31,886.98","31,859.84","32,450.71",,,"31,798.11",,,,,,,,,,
818,EPRA Energy and Petroleum Statistics Report FY 2023-2024_2.pdf,49,1,2,"28,069.34",,,,,,,,"28,069.34",,,,,,,,,,,,
819,EPRA Energy and Petroleum Statistics Report FY 2023-2024_2.pdf,51,1,1,CCooaall && CCookkee,,CCooaall && CCookkee,,,,,,,,,,,,,,,,,,
820,EPRA Energy and Petroleum Statistics Report FY 2023-2024_2.pdf,53,1,1,Type of licence | No. of licences issued,Type of licence,No. of licences issued,,,,,,,,,,,,,,,,,,
821,EPRA Energy and Petroleum Statistics Report FY 2023-2024_2.pdf,53,1,2,"Driver certification | 9,254",Driver certification,"9,254",,,,,,,,,,,,,,,,,,
822,EPRA Energy and Petroleum Statistics Report FY 2023-2024_2.pdf,53,1,3,"Transport of petroleum products(Except LPG) by Road | 2,037",Transport of petroleum products(Except LPG) by Road,"2,037",,,,,,,,,,,,,,,,,,
823,EPRA Energy and Petroleum Statistics Report FY 2023-2024_2.pdf,53,1,4,"Export and wholesale of petroleum products(Except LPG) | 1,136",Export and wholesale of petroleum products(Except LPG),"1,136",,,,,,,,,,,,,,,,,,
824,EPRA Energy and Petroleum Statistics Report FY 2023-2024_2.pdf,53,1,5,Retail of LPG in cylinders | 883,Retail of LPG in cylinders,883,,,,,,,,,,,,,,,,,,
825,EPRA Energy and Petroleum Statistics Report FY 2023-2024_2.pdf,53,1,6,Retail of petroleum products (except LPG) | 660,Retail of petroleum products (except LPG),660,,,,,,,,,,,,,,,,,,
826,EPRA Energy and Petroleum Statistics Report FY 2023-2024_2.pdf,53,1,7,Transport of LPG in cylinders | 290,Transport of LPG in cylinders,290,,,,,,,,,,,,,,,,,,
827,EPRA Energy and Petroleum Statistics Report FY 2023-2024_2.pdf,53,1,8,Transport of LPG in bulk by road | 239,Transport of LPG in bulk by road,239,,,,,,,,,,,,,,,,,,
828,EPRA Energy and Petroleum Statistics Report FY 2023-2024_2.pdf,53,1,9,Storage & wholesale of LPG in cylinders | 215,Storage & wholesale of LPG in cylinders,215,,,,,,,,,,,,,,,,,,
829,EPRA Energy and Petroleum Statistics Report FY 2023-2024_2.pdf,53,1,10,"Import, export and wholesale of petroleum products (Except LPG) | 151","Import, export and wholesale of petroleum products (Except LPG)",151,,,,,,,,,,,,,,,,,,
830,EPRA Energy and Petroleum Statistics Report FY 2023-2024_2.pdf,53,1,11,Transport of Jet-A1 | 128,Transport of Jet-A1,128,,,,,,,,,,,,,,,,,,
831,EPRA Energy and Petroleum Statistics Report FY 2023-2024_2.pdf,53,1,12,Storage & filling of LPG in cylinders | 114,Storage & filling of LPG in cylinders,114,,,,,,,,,,,,,,,,,,
832,EPRA Energy and Petroleum Statistics Report FY 2023-2024_2.pdf,53,1,13,"Import, export and wholesale of LPG in bulk | 57","Import, export and wholesale of LPG in bulk",57,,,,,,,,,,,,,,,,,,
833,EPRA Energy and Petroleum Statistics Report FY 2023-2024_2.pdf,53,1,14,Export & wholesale of Jet-A1 | 50,Export & wholesale of Jet-A1,50,,,,,,,,,,,,,,,,,,
834,EPRA Energy and Petroleum Statistics Report FY 2023-2024_2.pdf,53,1,15,Export and wholesale of LPG in bulk | 40,Export and wholesale of LPG in bulk,40,,,,,,,,,,,,,,,,,,
835,EPRA Energy and Petroleum Statistics Report FY 2023-2024_2.pdf,53,1,16,Storage of petroleum products(Except LPG) | 40,Storage of petroleum products(Except LPG),40,,,,,,,,,,,,,,,,,,
836,EPRA Energy and Petroleum Statistics Report FY 2023-2024_2.pdf,53,1,17,"Import, export and wholesale of Fuel Oil | 17","Import, export and wholesale of Fuel Oil",17,,,,,,,,,,,,,,,,,,
837,EPRA Energy and Petroleum Statistics Report FY 2023-2024_2.pdf,53,1,18,"Import, export and wholesale of Bitumen | 16","Import, export and wholesale of Bitumen",16,,,,,,,,,,,,,,,,,,
838,EPRA Energy and Petroleum Statistics Report FY 2023-2024_2.pdf,53,1,19,Bunkering of petroleum products (Except LPG) | 14,Bunkering of petroleum products (Except LPG),14,,,,,,,,,,,,,,,,,,
839,EPRA Energy and Petroleum Statistics Report FY 2023-2024_2.pdf,53,1,20,Storage & filling of LPG in bulk | 6,Storage & filling of LPG in bulk,6,,,,,,,,,,,,,,,,,,
840,EPRA Energy and Petroleum Statistics Report FY 2023-2024_2.pdf,53,1,21,Storage of LPG in bulk | 4,Storage of LPG in bulk,4,,,,,,,,,,,,,,,,,,
841,EPRA Energy and Petroleum Statistics Report FY 2023-2024_2.pdf,53,1,22,Import of lubricants | 3,Import of lubricants,3,,,,,,,,,,,,,,,,,,
842,EPRA Energy and Petroleum Statistics Report FY 2023-2024_2.pdf,53,1,23,Reticulation of LPG | 1,Reticulation of LPG,1,,,,,,,,,,,,,,,,,,
843,EPRA Energy and Petroleum Statistics Report FY 2023-2024_2.pdf,53,1,24,Retail of LPG in cylinders via smart meters | 1,Retail of LPG in cylinders via smart meters,1,,,,,,,,,,,,,,,,,,
844,EPRA Energy and Petroleum Statistics Report FY 2023-2024_2.pdf,53,1,25,"Total | 15,356",Total,"15,356",,,,,,,,,,,,,,,,,,
845,EPRA Energy and Petroleum Statistics Report FY 2023-2024_2.pdf,53,2,1,Permit Category | Permits issued,Permit Category,Permits issued,,,,,,,,,,,,,,,,,,
846,EPRA Energy and Petroleum Statistics Report FY 2023-2024_2.pdf,53,2,2,Petroleum retail dispensing station | 57,Petroleum retail dispensing station,57,,,,,,,,,,,,,,,,,,
847,EPRA Energy and Petroleum Statistics Report FY 2023-2024_2.pdf,53,2,3,LPG storage and filling facility | 23,LPG storage and filling facility,23,,,,,,,,,,,,,,,,,,
848,EPRA Energy and Petroleum Statistics Report FY 2023-2024_2.pdf,53,2,4,LPG storage depot | 1,LPG storage depot,1,,,,,,,,,,,,,,,,,,
849,EPRA Energy and Petroleum Statistics Report FY 2023-2024_2.pdf,53,2,5,Pipeline | 2,Pipeline,2,,,,,,,,,,,,,,,,,,
850,EPRA Energy and Petroleum Statistics Report FY 2023-2024_2.pdf,53,2,6,Fuel consumer site | 2,Fuel consumer site,2,,,,,,,,,,,,,,,,,,
851,EPRA Energy and Petroleum Statistics Report FY 2023-2024_2.pdf,53,2,7,Autogas dispensing station | 9,Autogas dispensing station,9,,,,,,,,,,,,,,,,,,
852,EPRA Energy and Petroleum Statistics Report FY 2023-2024_2.pdf,53,2,8,LPG reticulation system | 1,LPG reticulation system,1,,,,,,,,,,,,,,,,,,
853,EPRA Energy and Petroleum Statistics Report FY 2023-2024_2.pdf,53,2,9,Total | 95,Total,95,,,,,,,,,,,,,,,,,,
854,EPRA Energy and Petroleum Statistics Report FY 2023-2024_2.pdf,54,1,1,Licence Class | Number of Issued Electrical Workers’ Certificates | Number of Issued Electrical Contractors’ Licences,Licence Class,Number of Issued Electrical Workers’ Certificates,,,Number of Issued Electrical Contractors’ Licences,,,,,,,,,,,,,,,
855,EPRA Energy and Petroleum Statistics Report FY 2023-2024_2.pdf,54,1,2,FY2023/24 | FY2022/23 | FY2021/22 | FY2023/24 | FY2022/23 | FY2021/22,,FY2023/24,FY2022/23,FY2021/22,FY2023/24,FY2022/23,FY2021/22,,,,,,,,,,,,,
856,EPRA Energy and Petroleum Statistics Report FY 2023-2024_2.pdf,54,1,3,C2 | 242 | 205 | 325 | 161 | 195 | 107,C2,242,205,325,161,195,107,,,,,,,,,,,,,
857,EPRA Energy and Petroleum Statistics Report FY 2023-2024_2.pdf,54,1,4,C1 | 141 | 171 | 202 | 128 | 152 | 124,C1,141,171,202,128,152,124,,,,,,,,,,,,,
858,EPRA Energy and Petroleum Statistics Report FY 2023-2024_2.pdf,54,1,5,B | 49 | 36 | 79 | 73 | 41 | 43,B,49,36,79,73,41,43,,,,,,,,,,,,,
859,EPRA Energy and Petroleum Statistics Report FY 2023-2024_2.pdf,54,1,6,A1 | 41 | 52 | 52 | 73 | 52 | 46,A1,41,52,52,73,52,46,,,,,,,,,,,,,
860,EPRA Energy and Petroleum Statistics Report FY 2023-2024_2.pdf,54,1,7,A2 | 6 | 5 | 9 | 7 | 6 | 4,A2,6,5,9,7,6,4,,,,,,,,,,,,,
861,EPRA Energy and Petroleum Statistics Report FY 2023-2024_2.pdf,54,1,8,Total | 479 | 469 | 667 | 442 | 446 | 324,Total,479,469,667,442,446,324,,,,,,,,,,,,,
862,EPRA Energy and Petroleum Statistics Report FY 2023-2024_2.pdf,54,2,1,68 | 50 | 73 | 29,,,,,,,,,,,68,50,73,29,,,,,,
863,EPRA Energy and Petroleum Statistics Report FY 2023-2024_2.pdf,54,2,2,56 | 60 | 63 | 37,,,,,,,56,60,63,37,,,,,,,,,,
864,EPRA Energy and Petroleum Statistics Report FY 2023-2024_2.pdf,54,2,3,45 | 02 | 49 | 52 | 52 | 34,45,02,49,52,52,34,,,,,,,,,,,,,,
865,EPRA Energy and Petroleum Statistics Report FY 2023-2024_2.pdf,54,2,4,35 | 70,,,,,,,,,,,,,35,70,,,,,,
866,EPRA Energy and Petroleum Statistics Report FY 2023-2024_2.pdf,54,2,5,26 | 60 | 31 | 28,,,,,,,,,26,60,31,28,,,,,,,,
867,EPRA Energy and Petroleum Statistics Report FY 2023-2024_2.pdf,54,2,6,15 | 64 | 18 | 60 | 20 | 66 | 23 | 36,15,64,18,60,20,66,23,36,,,,,,,,,,,,
868,EPRA Energy and Petroleum Statistics Report FY 2023-2024_2.pdf,56,1,2,15 | 17,,,,,,15,,,,,,,,,,,,,,
869,EPRA Energy and Petroleum Statistics Report FY 2023-2024_2.pdf,56,1,4,9 | 14 | 11 | 10,,,,,,9,,,,14,,,,,,,,,,
870,EPRA Energy and Petroleum Statistics Report FY 2023-2024_2.pdf,56,1,7,9 8 7 7 5 | 9 | 9 6,,,,,,,,,,,,9 8 7 7 5,,,,,,,,
871,EPRA Energy and Petroleum Statistics Report FY 2023-2024_2.pdf,56,1,12,4 4 1 1 | 4 3 3 1 | 3 3 | 1 1 | 4 2 1 | 3 2 1 1,,,,4 4 1 1,,,,4 3 3 1,,,,,,3 3,,,,,,
872,EPRA Energy and Petroleum Statistics Report FY 2023-2024_2.pdf,57,2,1,No | Type of Forum | Number of grassroots forums | Region | No. of people reached,No,Type of Forum,Number of grassroots forums,Region,No. of people reached,,,,,,,,,,,,,,,
873,EPRA Energy and Petroleum Statistics Report FY 2023-2024_2.pdf,57,2,2,"1 | Public awareness engagements | 55 | All EPRA regions | Approx. 1,024",1,Public awareness engagements,55,All EPRA regions,"Approx. 1,024",,,,,,,,,,,,,,,
874,EPRA Energy and Petroleum Statistics Report FY 2023-2024_2.pdf,57,2,3,2 | Bodaboda riders engagements | 15 | All EPRA regions | Approx. 381,2,Bodaboda riders engagements,15,All EPRA regions,Approx. 381,,,,,,,,,,,,,,,
875,EPRA Energy and Petroleum Statistics Report FY 2023-2024_2.pdf,57,2,4,3 | Electricity and Solar PV contractors and licenses | 11 | All EPRA regions | 257,3,Electricity and Solar PV contractors and licenses,11,All EPRA regions,257,,,,,,,,,,,,,,,
876,EPRA Energy and Petroleum Statistics Report FY 2023-2024_2.pdf,57,2,5,4 | Petroleum and LPG licensees | 14 | All EPRA regions | 516,4,Petroleum and LPG licensees,14,All EPRA regions,516,,,,,,,,,,,,,,,
877,EPRA Energy and Petroleum Statistics Report FY 2023-2024_2.pdf,57,2,6,"5 | National Government Administration Officers (NGAO) and Security & Intelligence Committees | 26 | Six counties, 21 Sub-counties | 1,033",5,National Government Administration Officers (NGAO) and Security & Intelligence Committees,26,"Six counties, 21 Sub-counties","1,033",,,,,,,,,,,,,,,
878,EPRA Energy and Petroleum Statistics Report FY 2023-2024_2.pdf,57,2,7,"6 | County government Trade, fire and enforcement staff education and awareness | 3 | Three counties | 88",6,"County government Trade, fire and enforcement staff education and awareness",3,Three counties,88,,,,,,,,,,,,,,,
879,EPRA Energy and Petroleum Statistics Report FY 2023-2024_2.pdf,57,2,8,"7 | Church forums | 2 | Kisumu and Kakamega counties | Approx. 1,040",7,Church forums,2,Kisumu and Kakamega counties,"Approx. 1,040",,,,,,,,,,,,,,,
880,EPRA Energy and Petroleum Statistics Report FY 2023-2024_2.pdf,57,2,9,8 | Women groups forums | 1 | Kakamega | 35,8,Women groups forums,1,Kakamega,35,,,,,,,,,,,,,,,
881,EPRA Energy and Petroleum Statistics Report FY 2023-2024_2.pdf,57,2,10,9 | Public prosecutors | 1 | Nairobi | 94,9,Public prosecutors,1,Nairobi,94,,,,,,,,,,,,,,,
882,EPRA Energy and Petroleum Statistics Report FY 2023-2024_2.pdf,57,2,11,10 | Radio outreaches | 2 | National and Kisumu region (Radio citizen and Radio lake Victoria) | Over 1 million,10,Radio outreaches,2,National and Kisumu region (Radio citizen and Radio lake Victoria),Over 1 million,,,,,,,,,,,,,,,
883,EPRA Statistics Report - January - December 2023.pdf,1,1,3,BI-ANNUAL ENERGY AND PETROLEUM STATISTICS REPORT FINANCIAL YEAR 2023/2024 Bi-Annual Energy & Petroleum Statistics Report Financial Year 2023/2024 | 1,,,BI-ANNUAL ENERGY AND PETROLEUM STATISTICS REPORT FINANCIAL YEAR 2023/2024 Bi-Annual Energy & Petroleum Statistics Report Financial Year 2023/2024 | 1,,,,,,,,,,,,,,,,,
884,EPRA Statistics Report - January - December 2023.pdf,2,1,1,"RA etroleum Regulatory Au 019 as the regulatory ag on of the electricity, ren | thority ency r ewable","RA etroleum Regulatory Au 019 as the regulatory ag on of the electricity, ren",thority ency r ewable,,,,,,,,,,,,,,,,,,
885,EPRA Statistics Report - January - December 2023.pdf,11,1,1,Technology | Interconnected Capacity (MW) | Captive Capacity (MW) | Off- grid Capacity | Total Installed Capacity | % Total Installed,Technology,Interconnected Capacity (MW),,Captive Capacity (MW),Off- grid Capacity,Total Installed Capacity,% Total Installed,,,,,,,,,,,,,
886,EPRA Statistics Report - January - December 2023.pdf,11,1,2,Installed | Effective,,Installed,Effective,,,,,,,,,,,,,,,,,
887,EPRA Statistics Report - January - December 2023.pdf,11,1,3,Hydro | 839.3 | 810.4 | 33.0 | 0.1 | 872.4 | 25.00%,Hydro,839.3,810.4,33.0,0.1,872.4,25.00%,,,,,,,,,,,,,
888,EPRA Statistics Report - January - December 2023.pdf,11,1,4,Geothermal | 940.0 | 841.1 | 3.7 | 943.7 | 27.04%,Geothermal,940.0,841.1,3.7,,943.7,27.04%,,,,,,,,,,,,,
889,EPRA Statistics Report - January - December 2023.pdf,11,1,5,Thermal | 572.8 | 562.4 | 21.3 | 35.6 | 629.7 | 18.05%,Thermal,572.8,562.4,21.3,35.6,629.7,18.05%,,,,,,,,,,,,,
890,EPRA Statistics Report - January - December 2023.pdf,11,1,6,Wind | 435.5 | 425.5 | - | 0.6 | 436.1 | 12.50%,Wind,435.5,425.5,-,0.6,436.1,12.50%,,,,,,,,,,,,,
891,EPRA Statistics Report - January - December 2023.pdf,11,1,7,Solar | 210.3 | 210.3 | 196.2 | 3.9 | 410.4 | 11.76%,Solar,210.3,210.3,196.2,3.9,410.4,11.76%,,,,,,,,,,,,,
892,EPRA Statistics Report - January - December 2023.pdf,11,1,8,Bioenergy | 2.0 | 2.0 | 111.8 | - | 113.8 | 3.26%,Bioenergy,2.0,2.0,111.8,-,113.8,3.26%,,,,,,,,,,,,,
893,EPRA Statistics Report - January - December 2023.pdf,11,1,9,Imports | 200.0 | 200.0 | - | - | 200.0 | -,Imports,200.0,200.0,-,-,200.0,-,,,,,,,,,,,,,
894,EPRA Statistics Report - January - December 2023.pdf,11,1,10,WHRC | - | - | 83.5 | - | 83.5 | 2.39%,WHRC,-,-,83.5,-,83.5,2.39%,,,,,,,,,,,,,
895,EPRA Statistics Report - January - December 2023.pdf,11,1,11,"Total | 3, 199.9 | 3,051.7 | 449.5 | 40.1 | 3,689.5 | 100.00%",Total,"3, 199.9","3,051.7",449.5,40.1,"3,689.5",100.00%,,,,,,,,,,,,,
896,EPRA Statistics Report - January - December 2023.pdf,12,1,1,Technology | Energy generated (GWh),Technology,Energy generated (GWh),,,,,,,,,,,,,,,,,,
897,EPRA Statistics Report - January - December 2023.pdf,12,1,2,"Hydro | 1,534.01 | 22.5%",Hydro,"1,534.01",22.5%,,,,,,,,,,,,,,,,,
898,EPRA Statistics Report - January - December 2023.pdf,12,1,3,Thermal | 606.09 | 8.9%,Thermal,606.09,8.9%,,,,,,,,,,,,,,,,,
899,EPRA Statistics Report - January - December 2023.pdf,12,1,4,Wind | 972.82 | 14.3%,Wind,972.82,14.3%,,,,,,,,,,,,,,,,,
900,EPRA Statistics Report - January - December 2023.pdf,12,1,5,"Geothermal | 3,032.03 | 44.6%",Geothermal,"3,032.03",44.6%,,,,,,,,,,,,,,,,,
901,EPRA Statistics Report - January - December 2023.pdf,12,1,6,Biomass | 0.21 | 0.0%,Biomass,0.21,0.0%,,,,,,,,,,,,,,,,,
902,EPRA Statistics Report - January - December 2023.pdf,12,1,7,Imports | 419.13 | 6.2%,Imports,419.13,6.2%,,,,,,,,,,,,,,,,,
903,EPRA Statistics Report - January - December 2023.pdf,12,1,8,Solar | 240.99 | 3.5%,Solar,240.99,3.5%,,,,,,,,,,,,,,,,,
904,EPRA Statistics Report - January - December 2023.pdf,12,1,9,"6,805.28 | 100%",,"6,805.28",100%,,,,,,,,,,,,,,,,,
905,EPRA Statistics Report - January - December 2023.pdf,12,2,5,"1,119.8",,,,"1,119.8",,,,,,,,,,,,,,,,
906,EPRA Statistics Report - January - December 2023.pdf,13,1,1,Month | Geothermal (MWh) | Wind (MWh) | Total (MWh),Month,Geothermal (MWh),Wind (MWh),Total (MWh),,,,,,,,,,,,,,,,
907,EPRA Statistics Report - January - December 2023.pdf,13,1,2,"Jul 2023 | 23,712 | - | 23,712",Jul 2023,"23,712",-,"23,712",,,,,,,,,,,,,,,,
908,EPRA Statistics Report - January - December 2023.pdf,13,1,3,"Aug 2023 | 27,600 | - | 27,600",Aug 2023,"27,600",-,"27,600",,,,,,,,,,,,,,,,
909,EPRA Statistics Report - January - December 2023.pdf,13,1,4,"Sep 2023 | 16,000 | - | 16,000",Sep 2023,"16,000",-,"16,000",,,,,,,,,,,,,,,,
910,EPRA Statistics Report - January - December 2023.pdf,13,1,5,"Oct 2023 | 19,900 | - | 19,900",Oct 2023,"19,900",-,"19,900",,,,,,,,,,,,,,,,
911,EPRA Statistics Report - January - December 2023.pdf,13,1,6,"Nov 2023 | 31,900 | - | 31,900",Nov 2023,"31,900",-,"31,900",,,,,,,,,,,,,,,,
912,EPRA Statistics Report - January - December 2023.pdf,13,1,7,"Dec 2023 | 50,630 | 66,470 | 117,100",Dec 2023,"50,630","66,470","117,100",,,,,,,,,,,,,,,,
913,EPRA Statistics Report - January - December 2023.pdf,13,1,8,"Total | 169,742 | 66,470 | 236,212",Total,"169,742","66,470","236,212",,,,,,,,,,,,,,,,
914,EPRA Statistics Report - January - December 2023.pdf,14,1,1,Customer category | Energy consumption (GWh) | Percentage,Customer category,Energy consumption (GWh),Percentage,,,,,,,,,,,,,,,,,
915,EPRA Statistics Report - January - December 2023.pdf,14,1,2,"Industrial | 2,706.62 | 51.99%",Industrial,"2,706.62",51.99%,,,,,,,,,,,,,,,,,
916,EPRA Statistics Report - January - December 2023.pdf,14,1,3,"Domestic | 1,599.33 | 30.72%",Domestic,"1,599.33",30.72%,,,,,,,,,,,,,,,,,
917,EPRA Statistics Report - January - December 2023.pdf,14,1,4,Electric Mobility | 0.32 | 0.01%,Electric Mobility,0.32,0.01%,,,,,,,,,,,,,,,,,
918,EPRA Statistics Report - January - December 2023.pdf,14,1,5,Small commercial (SMEs) | 843.04 | 16.19%,Small commercial (SMEs),843.04,16.19%,,,,,,,,,,,,,,,,,
919,EPRA Statistics Report - January - December 2023.pdf,14,1,6,Street lighting | 56.48 | 1.08%,Street lighting,56.48,1.08%,,,,,,,,,,,,,,,,,
920,EPRA Statistics Report - January - December 2023.pdf,14,1,7,"Total | 5,205.79 | 100.00%",Total,"5,205.79",100.00%,,,,,,,,,,,,,,,,,
921,EPRA Statistics Report - January - December 2023.pdf,15,1,8,336.76,,,,336.76,,,,,,,,,,,,,,,,
922,EPRA Statistics Report - January - December 2023.pdf,16,1,1,Customer category | Voltage at connection | Energy Limit (kWh/month) | Base Tariff (Ksh.) | Demand Charge (Kshs.),Customer category,Voltage at connection,Energy Limit (kWh/month),Base Tariff (Ksh.),Demand Charge (Kshs.),,,,,,,,,,,,,,,
923,EPRA Statistics Report - January - December 2023.pdf,16,1,2,Domestic | 240 Volts/415 Volts | 0-30 | 12.24 | 0,Domestic,240 Volts/415 Volts,0-30,12.24,0,,,,,,,,,,,,,,,
924,EPRA Statistics Report - January - December 2023.pdf,16,1,3,31-100 | 16.58 | 0,,,31-100,16.58,0,,,,,,,,,,,,,,,
925,EPRA Statistics Report - January - December 2023.pdf,16,1,4,>100 | 20.58 | 0,,,>100,20.58,0,,,,,,,,,,,,,,,
926,EPRA Statistics Report - January - December 2023.pdf,16,1,5,Small Commercial | 240 Volts/415 Volts | 0-30 | 12.24 | 0,Small Commercial,240 Volts/415 Volts,0-30,12.24,0,,,,,,,,,,,,,,,
927,EPRA Statistics Report - January - December 2023.pdf,16,1,6,31-100 | 16.36 | 0,,,31-100,16.36,0,,,,,,,,,,,,,,,
928,EPRA Statistics Report - January - December 2023.pdf,16,1,7,>100 | 20.00 | 0,,,>100,20.00,0,,,,,,,,,,,,,,,
929,EPRA Statistics Report - January - December 2023.pdf,16,1,8,"Electric Mobility | 240 Volts/415 Volts | 200-15,000 | 16.00 | 0",Electric Mobility,240 Volts/415 Volts,"200-15,000",16.00,0,,,,,,,,,,,,,,,
930,EPRA Statistics Report - January - December 2023.pdf,16,1,9,"Commercial/Industrial | 415 Volts | >15,000 | 14.50 | 1,100",Commercial/Industrial,415 Volts,">15,000",14.50,"1,100",,,,,,,,,,,,,,,
931,EPRA Statistics Report - January - December 2023.pdf,16,1,10,"11,000 Volts | No Limit | 13.08 | 700",,"11,000 Volts",No Limit,13.08,700,,,,,,,,,,,,,,,
932,EPRA Statistics Report - January - December 2023.pdf,16,1,11,"33,000 Volts | No Limit | 12.52 | 370",,"33,000 Volts",No Limit,12.52,370,,,,,,,,,,,,,,,
933,EPRA Statistics Report - January - December 2023.pdf,16,1,12,"66,000 Volts | No Limit | 12.26 | 300",,"66,000 Volts",No Limit,12.26,300,,,,,,,,,,,,,,,
934,EPRA Statistics Report - January - December 2023.pdf,16,1,13,"132,000 Volts | No Limit | 11.98 | 300",,"132,000 Volts",No Limit,11.98,300,,,,,,,,,,,,,,,
935,EPRA Statistics Report - January - December 2023.pdf,16,1,14,Street Lighting | 240Volts/450 volts | No Limit | 9.24 | 0,Street Lighting,240Volts/450 volts,No Limit,9.24,0,,,,,,,,,,,,,,,
936,EPRA Statistics Report - January - December 2023.pdf,16,2,1,Pass-through charges | Jul-23 | Aug-23 | Sep-23 | Oct-23 | Nov-23 | Dec-23,Pass-through charges,Jul-23,Aug-23,Sep-23,Oct-23,Nov-23,Dec-23,,,,,,,,,,,,,
937,EPRA Statistics Report - January - December 2023.pdf,16,2,2,FEC (Ksh./kWh) | 4.02 | 4.46 | 4.16 | 4.94 | 5.74 | 3.98,FEC (Ksh./kWh),4.02,4.46,4.16,4.94,5.74,3.98,,,,,,,,,,,,,
938,EPRA Statistics Report - January - December 2023.pdf,16,2,3,Forex adj. (Ksh./kWh) | 1.7466 | 1.70756 | 1.3800 | 2.0528 | 0.8003 | 3.1687,Forex adj. (Ksh./kWh),1.7466,1.70756,1.3800,2.0528,0.8003,3.1687,,,,,,,,,,,,,
939,EPRA Statistics Report - January - December 2023.pdf,16,2,4,Inflation adj. (Ksh./kWh) | 0.23 | 0.23 | 0.23 | 0.23 | 0.23 | 0.23,Inflation adj. (Ksh./kWh),0.23,0.23,0.23,0.23,0.23,0.23,,,,,,,,,,,,,
940,EPRA Statistics Report - January - December 2023.pdf,16,2,5,WRA levy (Ksh./kWh) | 0.0146 | 0.0148 | 0.0138 | 0.0136 | 0.0100 | 0.0158,WRA levy (Ksh./kWh),0.0146,0.0148,0.0138,0.0136,0.0100,0.0158,,,,,,,,,,,,,
941,EPRA Statistics Report - January - December 2023.pdf,18,1,1,Description | Unit of measure | July | August | September | October | November | December,Description,Unit of measure,July,August,September,October,November,December,,,,,,,,,,,,
942,EPRA Statistics Report - January - December 2023.pdf,18,1,2,Savings by customers | Ksh. (million) | 204.4 | 99 | 153.3 | 197.00 | 117.70 | 175.90,Savings by customers,Ksh. (million),204.4,99,153.3,197.00,117.70,175.90,,,,,,,,,,,,
943,EPRA Statistics Report - January - December 2023.pdf,18,2,1,Jul -23 | Aug-23 | Sep-23 | Oct-23 | Nov-23 | Dec-23 | Total,,Jul -23,Aug-23,Sep-23,Oct-23,Nov-23,Dec-23,Total,,,,,,,,,,,,
944,EPRA Statistics Report - January - December 2023.pdf,18,2,2,"Purchased (GWh) | 1,159 | 1,154 | 1,120 | 1,149 | 1,114 | 1,110 | 6,805.8",Purchased (GWh),"1,159","1,154","1,120","1,149","1,114","1,110","6,805.8",,,,,,,,,,,,
945,EPRA Statistics Report - January - December 2023.pdf,18,2,3,"Sales (GWh) | 883.92 | 889.62 | 879.27 | 879.53 | 862.23 | 832.35 | 5,226.9",Sales (GWh),883.92,889.62,879.27,879.53,862.23,832.35,"5,226.9",,,,,,,,,,,,
946,EPRA Statistics Report - January - December 2023.pdf,18,2,4,Losses (GWh) | 23.7% | 22.9% | 21.5% | 23.5% | 22.6% | 25.0% | 23.2%,Losses (GWh),23.7%,22.9%,21.5%,23.5%,22.6%,25.0%,23.2%,,,,,,,,,,,,
947,EPRA Statistics Report - January - December 2023.pdf,19,1,1,Jul-23 | Aug-23 | Sep-23 | Oct-23 | Nov-23 | Dec-23 | Average | EPRA target (FY23/24),,Jul-23,Aug-23,Sep-23,Oct-23,Nov-23,Dec-23,Average,EPRA target (FY23/24),,,,,,,,,,,
948,EPRA Statistics Report - January - December 2023.pdf,19,1,2,CAIDI | 1.966 | 2.616 | 2.222 | 2.235 | 2.387 | 2.255 | 2.280 | 3.53,CAIDI,1.966,2.616,2.222,2.235,2.387,2.255,2.280,3.53,,,,,,,,,,,
949,EPRA Statistics Report - January - December 2023.pdf,19,1,3,SAIDI | 5.525 | 8.579 | 11.078 | 8.145 | 10.746 | 8.941 | 8.836 | 5.00,SAIDI,5.525,8.579,11.078,8.145,10.746,8.941,8.836,5.00,,,,,,,,,,,
950,EPRA Statistics Report - January - December 2023.pdf,19,1,4,SAIFI | 2.811 | 3.279 | 4.987 | 3.644 | 4.503 | 3.965 | 3.865 | 2.15,SAIFI,2.811,3.279,4.987,3.644,4.503,3.965,3.865,2.15,,,,,,,,,,,
951,EPRA Statistics Report - January - December 2023.pdf,19,2,1,Company | Market share,Company,Market share,,,,,,,,,,,,,,,,,,
952,EPRA Statistics Report - January - December 2023.pdf,19,2,2,KenGen | 62.24%,KenGen,62.24%,,,,,,,,,,,,,,,,,,
953,EPRA Statistics Report - January - December 2023.pdf,19,2,3,LTWP | 10.25%,LTWP,10.25%,,,,,,,,,,,,,,,,,,
954,EPRA Statistics Report - January - December 2023.pdf,19,2,4,Orpower | 6.26%,Orpower,6.26%,,,,,,,,,,,,,,,,,,
955,EPRA Statistics Report - January - December 2023.pdf,19,2,5,Imports | 6.19%,Imports,6.19%,,,,,,,,,,,,,,,,,,
956,EPRA Statistics Report - January - December 2023.pdf,19,2,6,Kipeto Energy Plc. | 3.45%,Kipeto Energy Plc.,3.45%,,,,,,,,,,,,,,,,,,
957,EPRA Statistics Report - January - December 2023.pdf,19,2,7,Rabai Power | 3.18%,Rabai Power,3.18%,,,,,,,,,,,,,,,,,,
958,EPRA Statistics Report - January - December 2023.pdf,19,2,8,Sosian Geothermal | 1.90%,Sosian Geothermal,1.90%,,,,,,,,,,,,,,,,,,
959,EPRA Statistics Report - January - December 2023.pdf,19,2,9,Thika Power | 1.42%,Thika Power,1.42%,,,,,,,,,,,,,,,,,,
960,EPRA Statistics Report - January - December 2023.pdf,19,2,10,Alten Kenya Solar Farm | 0.78%,Alten Kenya Solar Farm,0.78%,,,,,,,,,,,,,,,,,,
961,EPRA Statistics Report - January - December 2023.pdf,19,2,11,Selenkei Solar Farm | 0.72%,Selenkei Solar Farm,0.72%,,,,,,,,,,,,,,,,,,
962,EPRA Statistics Report - January - December 2023.pdf,19,2,12,Cedate | 0.72%,Cedate,0.72%,,,,,,,,,,,,,,,,,,
963,EPRA Statistics Report - January - December 2023.pdf,19,2,13,Malindi Solar Group | 0.71%,Malindi Solar Group,0.71%,,,,,,,,,,,,,,,,,,
964,EPRA Statistics Report - January - December 2023.pdf,19,2,14,Gulf Power | 0.67%,Gulf Power,0.67%,,,,,,,,,,,,,,,,,,
965,EPRA Statistics Report - January - December 2023.pdf,19,2,15,Garissa Solar | 0.63%,Garissa Solar,0.63%,,,,,,,,,,,,,,,,,,
966,EPRA Statistics Report - January - December 2023.pdf,19,2,16,Others | 0.89%,Others,0.89%,,,,,,,,,,,,,,,,,,
967,EPRA Statistics Report - January - December 2023.pdf,21,1,1,Technology | Interconnected Capacity (MW) | Captive Capacity (MW) | Off grid Capacity (MW) | Total Installed Capacity (MW),Technology,Interconnected Capacity (MW),,Captive Capacity (MW),Off grid Capacity (MW),Total Installed Capacity (MW),,,,,,,,,,,,,,
968,EPRA Statistics Report - January - December 2023.pdf,21,1,2,Installed | Effective,,Installed,Effective,,,,,,,,,,,,,,,,,
969,EPRA Statistics Report - January - December 2023.pdf,21,1,3,Hydro | 839.3 | 810.4 | 33.0 | 0.1 | 872.4,Hydro,839.3,810.4,33.0,0.1,872.4,,,,,,,,,,,,,,
970,EPRA Statistics Report - January - December 2023.pdf,21,1,4,Geothermal | 940.0 | 841.1 | 3.7 | - | 943.7,Geothermal,940.0,841.1,3.7,-,943.7,,,,,,,,,,,,,,
971,EPRA Statistics Report - January - December 2023.pdf,21,1,5,Wind | 435.5 | 425.5 | - | 0.6 | 436.1,Wind,435.5,425.5,-,0.6,436.1,,,,,,,,,,,,,,
972,EPRA Statistics Report - January - December 2023.pdf,21,1,6,Solar | 210.3 | 210.3 | 196.2 | 3.9 | 410.4,Solar,210.3,210.3,196.2,3.9,410.4,,,,,,,,,,,,,,
973,EPRA Statistics Report - January - December 2023.pdf,21,1,7,Bioenergy | 2.0 | 2.0 | 111.8 | - | 113.8,Bioenergy,2.0,2.0,111.8,-,113.8,,,,,,,,,,,,,,
974,EPRA Statistics Report - January - December 2023.pdf,21,1,8,"Total | 2,427.1 | 2,289.3 | 344.6 | 4.6 | 2,776.3",Total,"2,427.1","2,289.3",344.6,4.6,"2,776.3",,,,,,,,,,,,,,
975,EPRA Statistics Report - January - December 2023.pdf,22,3,2,205.281,,,,,,205.281,,,,,,,,,,,,,,
976,EPRA Statistics Report - January - December 2023.pdf,24,1,5,1114.78,,,,,,1114.78,,,,,,,,,,,,,,
977,EPRA Statistics Report - January - December 2023.pdf,25,1,3,994.40,,994.40,,,,,,,,,,,,,,,,,,
978,EPRA Statistics Report - January - December 2023.pdf,25,2,3,35.691,,,,,,,,35.691,,,,,,,,,,,,
979,EPRA Statistics Report - January - December 2023.pdf,26,2,1,No | Applicant | Technology | Capacity | Location,No,Applicant,Technology,Capacity,Location,,,,,,,,,,,,,,,
980,EPRA Statistics Report - January - December 2023.pdf,26,2,2,"1. | Equator Energy Kenya Limited | Solar PV | 1,400 kWp | Saj Ceramics Limited",1.,Equator Energy Kenya Limited,Solar PV,"1,400 kWp",Saj Ceramics Limited,,,,,,,,,,,,,,,
981,EPRA Statistics Report - January - December 2023.pdf,26,2,3,"2. | Equator Energy Kenya Limited | Solar PV | 2,200 kWp | Milly Glass Works Limited",2.,Equator Energy Kenya Limited,Solar PV,"2,200 kWp",Milly Glass Works Limited,,,,,,,,,,,,,,,
982,EPRA Statistics Report - January - December 2023.pdf,26,2,4,3. | Ecoligo Limited | Solar PV | 100 kWp | DL Koisagat Tea Estates,3.,Ecoligo Limited,Solar PV,100 kWp,DL Koisagat Tea Estates,,,,,,,,,,,,,,,
983,EPRA Statistics Report - January - December 2023.pdf,26,2,5,4. | Ecoligo Limited | Solar PV | 450 kWp | Mogogosiek Tea Factory,4.,Ecoligo Limited,Solar PV,450 kWp,Mogogosiek Tea Factory,,,,,,,,,,,,,,,
984,EPRA Statistics Report - January - December 2023.pdf,26,2,6,5. | Ecoligo Limited | Solar PV | 82 kWp | Summit Fibers limited,5.,Ecoligo Limited,Solar PV,82 kWp,Summit Fibers limited,,,,,,,,,,,,,,,
985,EPRA Statistics Report - January - December 2023.pdf,26,2,7,6. | Ariya Finergy Ltd | Solar PV | 550 kWp | Isuzu East Africa Ltd,6.,Ariya Finergy Ltd,Solar PV,550 kWp,Isuzu East Africa Ltd,,,,,,,,,,,,,,,
986,EPRA Statistics Report - January - December 2023.pdf,26,2,8,7. | Crossboundary Energy Kenya Ltd | Solar PV | 680 kWp | Maisha Packaging Company Ltd,7.,Crossboundary Energy Kenya Ltd,Solar PV,680 kWp,Maisha Packaging Company Ltd,,,,,,,,,,,,,,,
987,EPRA Statistics Report - January - December 2023.pdf,26,2,9,8. | Ecoligo Limited | Solar PV | 300 kWp | Quality Meat Packers Ltd,8.,Ecoligo Limited,Solar PV,300 kWp,Quality Meat Packers Ltd,,,,,,,,,,,,,,,
988,EPRA Statistics Report - January - December 2023.pdf,26,2,10,9. | Farmdo Energy Kenya Ltd | Solar PV | 220 kWp | PJ Dave Flora Ltd,9.,Farmdo Energy Kenya Ltd,Solar PV,220 kWp,PJ Dave Flora Ltd,,,,,,,,,,,,,,,
989,EPRA Statistics Report - January - December 2023.pdf,26,2,11,10. | Gridx Africa Development Ltd | Solar PV | 320 kWp | Muthu Keekorok Management Ltd,10.,Gridx Africa Development Ltd,Solar PV,320 kWp,Muthu Keekorok Management Ltd,,,,,,,,,,,,,,,
990,EPRA Statistics Report - January - December 2023.pdf,26,2,12,11. | Ofgen Ltd | Solar PV | 200 kWp | Tropikal Brands Ltd,11.,Ofgen Ltd,Solar PV,200 kWp,Tropikal Brands Ltd,,,,,,,,,,,,,,,
991,EPRA Statistics Report - January - December 2023.pdf,29,1,5,89.581,,89.581,,,,,,,,,,,,,,,,,,
992,EPRA Statistics Report - January - December 2023.pdf,30,1,1,Month | Energy Consumption (kWh),Month,Energy Consumption (kWh),,,,,,,,,,,,,,,,,,
993,EPRA Statistics Report - January - December 2023.pdf,30,1,2,"July | 29,097.00",July,"29,097.00",,,,,,,,,,,,,,,,,,
994,EPRA Statistics Report - January - December 2023.pdf,30,1,3,"August | 58,169.00",August,"58,169.00",,,,,,,,,,,,,,,,,,
995,EPRA Statistics Report - January - December 2023.pdf,30,1,4,"September | 48,118.00",September,"48,118.00",,,,,,,,,,,,,,,,,,
996,EPRA Statistics Report - January - December 2023.pdf,30,1,5,"October | 50,399.10",October,"50,399.10",,,,,,,,,,,,,,,,,,
997,EPRA Statistics Report - January - December 2023.pdf,30,1,6,"November | 54,153.00",November,"54,153.00",,,,,,,,,,,,,,,,,,
998,EPRA Statistics Report - January - December 2023.pdf,30,1,7,"December | 75,729.00",December,"75,729.00",,,,,,,,,,,,,,,,,,
999,EPRA Statistics Report - January - December 2023.pdf,30,1,8,"Total | 315,665.10",Total,"315,665.10",,,,,,,,,,,,,,,,,,
1000,EPRA Statistics Report - January - December 2023.pdf,31,1,1,Year | Total No. of registered vehicles | No. of registered EVs | Cumulative No. of registered EVs | % Share of EVs,Year,Total No. of registered vehicles,No. of registered EVs,Cumulative No. of registered EVs,% Share of EVs,,,,,,,,,,,,,,,
1001,EPRA Statistics Report - January - December 2023.pdf,31,1,2,"2019 | 328,551 | 129 | 194 | 0.04",2019,"328,551",129,194,0.04,,,,,,,,,,,,,,,
1002,EPRA Statistics Report - January - December 2023.pdf,31,1,3,"2020 | 339,813 | 106 | 300 | 0.03",2020,"339,813",106,300,0.03,,,,,,,,,,,,,,,
1003,EPRA Statistics Report - January - December 2023.pdf,31,1,4,"2021 | 407,462 | 284 | 584 | 0.07",2021,"407,462",284,584,0.07,,,,,,,,,,,,,,,
1004,EPRA Statistics Report - January - December 2023.pdf,31,1,5,"2022 | 285,009 | 475 | 1,059 | 0.17",2022,"285,009",475,"1,059",0.17,,,,,,,,,,,,,,,
1005,EPRA Statistics Report - January - December 2023.pdf,31,1,6,"2023 | 165,913 | 2,694 | 3,753 | 1.62",2023,"165,913","2,694","3,753",1.62,,,,,,,,,,,,,,,
1006,EPRA Statistics Report - January - December 2023.pdf,33,2,1,July to Dec 2021 | July to Dec 2022 | July to Dec 2023,,July to Dec 2021,July to Dec 2022,July to Dec 2023,,,,,,,,,,,,,,,,
1007,EPRA Statistics Report - January - December 2023.pdf,33,2,2,"AGO (m3) | 2,086,598.04 | 2,097,791.85 | 2,024,370.65",AGO (m3),"2,086,598.04","2,097,791.85","2,024,370.65",,,,,,,,,,,,,,,,
1008,EPRA Statistics Report - January - December 2023.pdf,33,2,3,"PMS (m3) | 1,698,211.82 | 1,758,004.25 | 1,636,457.85",PMS (m3),"1,698,211.82","1,758,004.25","1,636,457.85",,,,,,,,,,,,,,,,
1009,EPRA Statistics Report - January - December 2023.pdf,33,2,4,"JET A1 (m3) | 524,086.97 | 640,692.57 | 601,919.08",JET A1 (m3),"524,086.97","640,692.57","601,919.08",,,,,,,,,,,,,,,,
1010,EPRA Statistics Report - January - December 2023.pdf,33,2,5,"Total (m3) | 4,308,896.84 | 4,496,488.67 | 4,262,747.58",Total (m3),"4,308,896.84","4,496,488.67","4,262,747.58",,,,,,,,,,,,,,,,
1011,EPRA Statistics Report - January - December 2023.pdf,34,1,3,"888,996.22",,"888,996.22",,,,,,,,,,,,,,,,,,
1012,EPRA Statistics Report - January - December 2023.pdf,34,3,1,July to Dec 2021 | July to Dec 2022 | July to Dec 2023,,July to Dec 2021,July to Dec 2022,July to Dec 2023,,,,,,,,,,,,,,,,
1013,EPRA Statistics Report - January - December 2023.pdf,34,3,2,"AGO (m3) | 1,356,214.75 | 1,328,737.03 | 1,263,047.06",AGO (m3),"1,356,214.75","1,328,737.03","1,263,047.06",,,,,,,,,,,,,,,,
1014,EPRA Statistics Report - January - December 2023.pdf,34,3,3,"PMS (m3) | 1,108,642.39 | 1,033,978.99 | 991,805.61",PMS (m3),"1,108,642.39","1,033,978.99","991,805.61",,,,,,,,,,,,,,,,
1015,EPRA Statistics Report - January - December 2023.pdf,34,3,4,"JET A1 (m3) | 345,273.54 | 384,778.45 | 436,913.27",JET A1 (m3),"345,273.54","384,778.45","436,913.27",,,,,,,,,,,,,,,,
1016,EPRA Statistics Report - January - December 2023.pdf,34,3,5,"IK (m3) | 66,149.78 | 54,635.33 | 25,933.22",IK (m3),"66,149.78","54,635.33","25,933.22",,,,,,,,,,,,,,,,
1017,EPRA Statistics Report - January - December 2023.pdf,34,3,6,"Total | 2,876,280.46 | 2,802,129.80 | 2,717,699.16",Total,"2,876,280.46","2,802,129.80","2,717,699.16",,,,,,,,,,,,,,,,
1018,EPRA Statistics Report - January - December 2023.pdf,35,1,4,"444,341.04 | 422,233.38",,,,,,,,,,,,,,"444,341.04",,,,"422,233.38",,
1019,EPRA Statistics Report - January - December 2023.pdf,35,2,1,"261,114",,,,,"261,114",,,,,,,,,,,,,,,
1020,EPRA Statistics Report - January - December 2023.pdf,35,2,2,"140,040 | 32,626 97,000 | 451,249","140,040",,"32,626 97,000",,"451,249",,,,,,,,,,,,,,,
1021,EPRA Statistics Report - January - December 2023.pdf,35,2,4,"333,332 | 382,887","333,332",,"382,887",,,,,,,,,,,,,,,,,
1022,EPRA Statistics Report - January - December 2023.pdf,35,2,5,"461,961 | 535,668","461,961",,,,"535,668",,,,,,,,,,,,,,,
1023,EPRA Statistics Report - January - December 2023.pdf,35,2,7,"470,691",,,"470,691",,,,,,,,,,,,,,,,,
1024,EPRA Statistics Report - January - December 2023.pdf,35,2,10,"657,832 | 665,140 | 725,881","657,832",,"665,140",,"725,881",,,,,,,,,,,,,,,
1025,EPRA Statistics Report - January - December 2023.pdf,35,2,12,"937,020 | 937,157 | 967,741","937,020",,"937,157",,"967,741",,,,,,,,,,,,,,,
1026,EPRA Statistics Report - January - December 2023.pdf,35,2,17,"1,245,972 | 1,158,203 | 1,079,715","1,245,972",,"1,158,203",,"1,079,715",,,,,,,,,,,,,,,
1027,EPRA Statistics Report - January - December 2023.pdf,36,1,2,"12,3",,,,"12,3",,,,,,,,,,,,,,,,
1028,EPRA Statistics Report - January - December 2023.pdf,36,1,3,"77,1 | 73,3 | 76,9 | 79,8","77,1",,,,,,"73,3",,,,,,"76,9",,,"79,8",,,,
1029,EPRA Statistics Report - January - December 2023.pdf,36,1,4,"3 | 27,662 | 3 | 68,2 | 30",3,"27,662",,,,,,3,,"68,2",30,,,,,,,,,
1030,EPRA Statistics Report - January - December 2023.pdf,36,1,5,"27,6",,"27,6",,,,,,,,,,,,,,,,,,
1031,EPRA Statistics Report - January - December 2023.pdf,36,1,7,"3 | 18,2 | 08 | 3 | 05,1 | 88 | 2 | 95,88",,,,3,"18,2",08,3,"05,1",88,,,,,,,2,"95,88",,,
1032,EPRA Statistics Report - January - December 2023.pdf,36,1,10,"2 | 70,9 | 21 | 2 | 59,8 | 67",,,,,,,,,,2,"70,9",21,2,"59,8",67,,,,,
1033,EPRA Statistics Report - January - December 2023.pdf,36,2,2,11 | 7.53,11,,7.53,,,,,,,,,,,,,,,,,
1034,EPRA Statistics Report - January - December 2023.pdf,36,2,3,93.05,,,,,,,,,,,,,,,,,,,,
1035,EPRA Statistics Report - January - December 2023.pdf,36,2,5,10 | 5.96,,,10,,5.96,,,,,,,,,,,,,,,
1036,EPRA Statistics Report - January - December 2023.pdf,36,2,6,98.06 | 75.64 | 72.55 | 70.74 | 69.4 | 5 | 8 | 5.44,,,,,,,98.06,,,75.64,,,,72.55,,70.74,,69.4,5,8
1037,EPRA Statistics Report - January - December 2023.pdf,36,2,7,88.6 | 4 | 9 | 2.45 | 7 | 4.69 | 72.86 | 76.4 | 3 | 7 | 7.88 | 93.9,88.6,,4,,,,9,,2.45,7,,4.69,,,72.86,,76.4,3,7,7.88
1038,EPRA Statistics Report - January - December 2023.pdf,36,2,8,6 | 7.50,,,,,,,,,,,,6,7.50,,,,,,,
1039,EPRA Statistics Report - January - December 2023.pdf,36,2,9,80.40 | 76. | 40 | 7 | 0.85 | 8 | 7.28,,,80.40,,76.,,40,,,,,,,,,,,7,0.85,8
1040,EPRA Statistics Report - January - December 2023.pdf,36,2,10,7 | 9 2.22 | 3.5 | 3,,,,,,,7,,9 2.22,3.5,3,,,,,,,,,
1041,EPRA Statistics Report - January - December 2023.pdf,36,2,11,90 | .90 8 | 0.11 8 | 2.63 8 | 3.36 | 8 | 0.8,,,,,,,,,,90,,.90 8,0.11 8,2.63 8,3.36,,,,8,0.8
1042,EPRA Statistics Report - January - December 2023.pdf,36,2,12,79.55 | 84.11 | 7 | 5.61,,,,,,,,,,,,,,,,79.55,84.11,7,5.61,
1043,EPRA Statistics Report - January - December 2023.pdf,36,2,13,7 | 5.59,,,,,,,,,,,,,,,,,,7,5.59,
1044,EPRA Statistics Report - January - December 2023.pdf,38,1,1,6.6 | 6.6 | 7.0,,,,,,,,,,,,,,,,,,,,
1045,EPRA Statistics Report - January - December 2023.pdf,38,1,4,6.4,,,,,,,,,,,,,,,,,,,,
1046,EPRA Statistics Report - January - December 2023.pdf,38,1,7,5.2,,,,,,,,,,,,,,,,,,,5.2,
1047,EPRA Statistics Report - January - December 2023.pdf,38,1,8,4.4,,,,,,,,,,,,,,,,4.4,,,,
1048,EPRA Statistics Report - January - December 2023.pdf,38,1,10,"3.5 | 3.4 | 3.4 | 30 | 4,4 | 08 | 32 | 0,9 | 09 | 3 | 73,8 | 65 | 33 | 3,8 | 30 | 36 | 0,5 | 94",,,,,,,3.5,,,3.4,,,3.4,,,,,,,
1049,EPRA Statistics Report - January - December 2023.pdf,38,1,11,"2.3 | 2.2 | 19 | 8,4 | 82 | 24 | 0,4 | 82",2.3,,,2.2,,,,,,,,,,,,19,"8,4",82,24,"0,4"
1050,EPRA Statistics Report - January - December 2023.pdf,38,1,12,"14 | 9,7 | 00 | 14 | 8,60 | 0 | 15 | 1,70 | 0",,,,,,,14,"9,7",00,14,"8,60",0,15,"1,70",0,,,,,
1051,EPRA Statistics Report - January - December 2023.pdf,38,1,13,"9 | 3,60 | 0 | 9 | 2,90 | 0",9,"3,60",0,9,"2,90",0,,,,,,,,,,,,,,
1052,EPRA Statistics Report - January - December 2023.pdf,38,2,1,"28,458.54 | 31,059.78 | 33,024.25 | 31,904.66 | 30,224.15 | 31,886.98 | 31,859.84","28,458.54",,,,"31,059.78",,,"33,024.25","31,904.66","30,224.15","31,886.98","31,859.84",,,,,,,,
1053,EPRA Statistics Report - January - December 2023.pdf,38,2,2,"25,754.05 | 28,096.39 | 27,988.68 | 25,720.42",,"25,754.05","28,096.39","27,988.68",,"25,720.42",,,,,,,,,,,,,,
1054,EPRA Statistics Report - January - December 2023.pdf,39,1,1,"Company | Total Sales - PMS, AGO, IK and JET (m3) | % Share",Company,"Total Sales - PMS, AGO, IK and JET (m3)",% Share,,,,,,,,,,,,,,,,,
1055,EPRA Statistics Report - January - December 2023.pdf,39,1,2,"Vivo Energy Kenya Limited | 1,213,241.81 | 22.07%",Vivo Energy Kenya Limited,"1,213,241.81",22.07%,,,,,,,,,,,,,,,,,
1056,EPRA Statistics Report - January - December 2023.pdf,39,1,3,"TotalEnergies Marketing Kenya Plc | 817,901.68 | 14.88%",TotalEnergies Marketing Kenya Plc,"817,901.68",14.88%,,,,,,,,,,,,,,,,,
1057,EPRA Statistics Report - January - December 2023.pdf,39,1,4,"Rubis Energy Kenya Plc | 772,317.06 | 14.05%",Rubis Energy Kenya Plc,"772,317.06",14.05%,,,,,,,,,,,,,,,,,
1058,EPRA Statistics Report - January - December 2023.pdf,39,1,5,"Ola Energy Kenya Limited | 388,018.00 | 7.06%",Ola Energy Kenya Limited,"388,018.00",7.06%,,,,,,,,,,,,,,,,,
1059,EPRA Statistics Report - January - December 2023.pdf,39,1,6,"Be Energy Limited | 228,081.69 | 4.15%",Be Energy Limited,"228,081.69",4.15%,,,,,,,,,,,,,,,,,
1060,EPRA Statistics Report - January - December 2023.pdf,39,1,7,"Oryx Energies Kenya Limited | 178,696.44 | 3.25%",Oryx Energies Kenya Limited,"178,696.44",3.25%,,,,,,,,,,,,,,,,,
1061,EPRA Statistics Report - January - December 2023.pdf,39,1,8,"Stabex International Ltd | 150,367.00 | 2.74%",Stabex International Ltd,"150,367.00",2.74%,,,,,,,,,,,,,,,,,
1062,EPRA Statistics Report - January - December 2023.pdf,39,1,9,"Galana Energies Limited | 143,899.39 | 2.62%",Galana Energies Limited,"143,899.39",2.62%,,,,,,,,,,,,,,,,,
1063,EPRA Statistics Report - January - December 2023.pdf,39,1,10,"Tosha Petroleum (Kenya) Limited | 126,378.89 | 2.30%",Tosha Petroleum (Kenya) Limited,"126,378.89",2.30%,,,,,,,,,,,,,,,,,
1064,EPRA Statistics Report - January - December 2023.pdf,39,1,11,"Lake Oil Limited | 122,640.84 | 2.23%",Lake Oil Limited,"122,640.84",2.23%,,,,,,,,,,,,,,,,,
1065,EPRA Statistics Report - January - December 2023.pdf,39,1,12,"Petro Oil Kenya Limited | 118,754.00 | 2.16%",Petro Oil Kenya Limited,"118,754.00",2.16%,,,,,,,,,,,,,,,,,
1066,EPRA Statistics Report - January - December 2023.pdf,39,1,13,"Hass Petroleum Kenya Limited | 98,700.00 | 1.80%",Hass Petroleum Kenya Limited,"98,700.00",1.80%,,,,,,,,,,,,,,,,,
1067,EPRA Statistics Report - January - December 2023.pdf,39,1,14,"Gapco Kenya Limited | 84,177.20 | 1.53%",Gapco Kenya Limited,"84,177.20",1.53%,,,,,,,,,,,,,,,,,
1068,EPRA Statistics Report - January - December 2023.pdf,39,1,15,"Gulf Energy Holdings Limited | 69,640.20 | 1.27%",Gulf Energy Holdings Limited,"69,640.20",1.27%,,,,,,,,,,,,,,,,,
1069,EPRA Statistics Report - January - December 2023.pdf,39,1,16,"Fossil Supplies Limited | 66,019.00 | 1.20%",Fossil Supplies Limited,"66,019.00",1.20%,,,,,,,,,,,,,,,,,
1070,EPRA Statistics Report - January - December 2023.pdf,39,1,17,"Lexo Energy Kenya Limited | 53,993.65 | 0.98%",Lexo Energy Kenya Limited,"53,993.65",0.98%,,,,,,,,,,,,,,,,,
1071,EPRA Statistics Report - January - December 2023.pdf,39,1,18,"Dalbit Petroleum Limited | 53,580.14 | 0.97%",Dalbit Petroleum Limited,"53,580.14",0.97%,,,,,,,,,,,,,,,,,
1072,EPRA Statistics Report - January - December 2023.pdf,39,1,19,"Astrol Petroleum Company Limited | 48,271.94 | 0.88%",Astrol Petroleum Company Limited,"48,271.94",0.88%,,,,,,,,,,,,,,,,,
1073,EPRA Statistics Report - January - December 2023.pdf,39,1,20,"Towba Petroleum Company Limited | 46,774.42 | 0.85%",Towba Petroleum Company Limited,"46,774.42",0.85%,,,,,,,,,,,,,,,,,
1074,EPRA Statistics Report - January - December 2023.pdf,39,1,21,"Sahara Energy Limited | 43,521.35 | 0.79%",Sahara Energy Limited,"43,521.35",0.79%,,,,,,,,,,,,,,,,,
1075,EPRA Statistics Report - January - December 2023.pdf,39,1,22,"Others | 671,712.11 | 12.22%",Others,"671,712.11",12.22%,,,,,,,,,,,,,,,,,
1076,EPRA Statistics Report - January - December 2023.pdf,40,1,1,Type of licence | Licences issued,Type of licence,Licences issued,,,,,,,,,,,,,,,,,,
1077,EPRA Statistics Report - January - December 2023.pdf,40,1,2,"Driver Certification | 3,997",Driver Certification,"3,997",,,,,,,,,,,,,,,,,,
1078,EPRA Statistics Report - January - December 2023.pdf,40,1,3,Export and Wholesale of Petroleum Products(Except LPG) | 532,Export and Wholesale of Petroleum Products(Except LPG),532,,,,,,,,,,,,,,,,,,
1079,EPRA Statistics Report - January - December 2023.pdf,40,1,4,Retail of LPG in Cylinders | 459,Retail of LPG in Cylinders,459,,,,,,,,,,,,,,,,,,
1080,EPRA Statistics Report - January - December 2023.pdf,40,1,5,Retail of Petroleum Products (except LPG) | 452,Retail of Petroleum Products (except LPG),452,,,,,,,,,,,,,,,,,,
1081,EPRA Statistics Report - January - December 2023.pdf,40,1,6,Transport of petroleum products(Except LPG) by Road | 435,Transport of petroleum products(Except LPG) by Road,435,,,,,,,,,,,,,,,,,,
1082,EPRA Statistics Report - January - December 2023.pdf,40,1,7,Storage & Wholesale of LPG in cylinders | 113,Storage & Wholesale of LPG in cylinders,113,,,,,,,,,,,,,,,,,,
1083,EPRA Statistics Report - January - December 2023.pdf,40,1,8,Transport of LPG in Cylinders | 89,Transport of LPG in Cylinders,89,,,,,,,,,,,,,,,,,,
1084,EPRA Statistics Report - January - December 2023.pdf,40,1,9,"Import, Export and Wholesale of Petroleum Products (Except LPG) | 71","Import, Export and Wholesale of Petroleum Products (Except LPG)",71,,,,,,,,,,,,,,,,,,
1085,EPRA Statistics Report - January - December 2023.pdf,40,1,10,Storage & Filling of LPG in Cylinders | 53,Storage & Filling of LPG in Cylinders,53,,,,,,,,,,,,,,,,,,
1086,EPRA Statistics Report - January - December 2023.pdf,40,1,11,Transport of LPG in bulk by Road | 43,Transport of LPG in bulk by Road,43,,,,,,,,,,,,,,,,,,
1087,EPRA Statistics Report - January - December 2023.pdf,40,1,12,Storage of petroleum products(Except LPG) | 24,Storage of petroleum products(Except LPG),24,,,,,,,,,,,,,,,,,,
1088,EPRA Statistics Report - January - December 2023.pdf,40,1,13,Transport of Jet-A1 | 21,Transport of Jet-A1,21,,,,,,,,,,,,,,,,,,
1089,EPRA Statistics Report - January - December 2023.pdf,40,1,14,Export & wholesale of Jet-A1 | 17,Export & wholesale of Jet-A1,17,,,,,,,,,,,,,,,,,,
1090,EPRA Statistics Report - January - December 2023.pdf,40,1,15,Export and Wholesale of LPG in bulk | 13,Export and Wholesale of LPG in bulk,13,,,,,,,,,,,,,,,,,,
1091,EPRA Statistics Report - January - December 2023.pdf,40,1,16,"Import, Export and Wholesale of LPG in bulk | 13","Import, Export and Wholesale of LPG in bulk",13,,,,,,,,,,,,,,,,,,
1092,EPRA Statistics Report - January - December 2023.pdf,40,1,17,Bunkering of Petroleum Products (Except LPG) | 7,Bunkering of Petroleum Products (Except LPG),7,,,,,,,,,,,,,,,,,,
1093,EPRA Statistics Report - January - December 2023.pdf,40,1,18,"Import, Export and Wholesale of Fuel Oil | 6","Import, Export and Wholesale of Fuel Oil",6,,,,,,,,,,,,,,,,,,
1094,EPRA Statistics Report - January - December 2023.pdf,40,1,19,"Import, Export and Wholesale of Bitumen | 6","Import, Export and Wholesale of Bitumen",6,,,,,,,,,,,,,,,,,,
1095,EPRA Statistics Report - January - December 2023.pdf,40,1,20,Import of Lubricants | 3,Import of Lubricants,3,,,,,,,,,,,,,,,,,,
1096,EPRA Statistics Report - January - December 2023.pdf,40,1,21,Storage of LPG in Bulk | 2,Storage of LPG in Bulk,2,,,,,,,,,,,,,,,,,,
1097,EPRA Statistics Report - January - December 2023.pdf,40,1,22,Storage & Filling of LPG in Bulk | 1,Storage & Filling of LPG in Bulk,1,,,,,,,,,,,,,,,,,,
1098,EPRA Statistics Report - January - December 2023.pdf,40,1,23,Reticulation of LPG | 1,Reticulation of LPG,1,,,,,,,,,,,,,,,,,,
1099,EPRA Statistics Report - January - December 2023.pdf,40,1,24,Retail of LPG in Cylinders Via Smart Meters | 1,Retail of LPG in Cylinders Via Smart Meters,1,,,,,,,,,,,,,,,,,,
1100,EPRA Statistics Report - January - December 2023.pdf,40,1,25,"Total | 6,359",Total,"6,359",,,,,,,,,,,,,,,,,,
1101,EPRA Statistics Report - January - December 2023.pdf,41,1,1,No. | Licensee | Technology | Capacity | Location | County,No.,Licensee,Technology,Capacity,Location,County,,,,,,,,,,,,,,
1102,EPRA Statistics Report - January - December 2023.pdf,41,1,2,1. | DPA Kenya Limited | Solar PV | 4MW | Ruiru | Kiambu,1.,DPA Kenya Limited,Solar PV,4MW,Ruiru,Kiambu,,,,,,,,,,,,,,
1103,EPRA Statistics Report - January - December 2023.pdf,41,1,3,2. | Crossboundary Energy Kenya Limited | Solar PV | 1.17MW | Maisha Mabati Mills factory in Lukenya | Machakos,2.,Crossboundary Energy Kenya Limited,Solar PV,1.17MW,Maisha Mabati Mills factory in Lukenya,Machakos,,,,,,,,,,,,,,
1104,EPRA Statistics Report - January - December 2023.pdf,41,1,4,3. | Equator Energy Kenya Limited | Solar PV | 2.2MW | Mombasa | Mombasa,3.,Equator Energy Kenya Limited,Solar PV,2.2MW,Mombasa,Mombasa,,,,,,,,,,,,,,
1105,EPRA Statistics Report - January - December 2023.pdf,41,1,5,4. | Equator Energy Kenya Limited | Solar PV | 1.4MW | Athi River | Machakos,4.,Equator Energy Kenya Limited,Solar PV,1.4MW,Athi River,Machakos,,,,,,,,,,,,,,
1106,EPRA Statistics Report - January - December 2023.pdf,41,1,6,5. | Gusii Tea Solar Company Limited | Solar PV | 0.69MW | Sanganyi | Nyamira,5.,Gusii Tea Solar Company Limited,Solar PV,0.69MW,Sanganyi,Nyamira,,,,,,,,,,,,,,
1107,EPRA Statistics Report - January - December 2023.pdf,41,1,7,6. | Gusii Tea Solar Company Limited | Solar PV | 0.52MW | Kebirigo | Nyamira,6.,Gusii Tea Solar Company Limited,Solar PV,0.52MW,Kebirigo,Nyamira,,,,,,,,,,,,,,
1108,EPRA Statistics Report - January - December 2023.pdf,41,1,8,7. | Crossboundary Energy Kenya Limited | Solar PV | 2.3MW | Salgaa | Nakuru,7.,Crossboundary Energy Kenya Limited,Solar PV,2.3MW,Salgaa,Nakuru,,,,,,,,,,,,,,
1109,EPRA Statistics Report - January - December 2023.pdf,41,1,9,8. | Crossboundary Energy Kenya Limited | Solar PV | 1.3MW | Maisha Packaging Company Limited | Machakos,8.,Crossboundary Energy Kenya Limited,Solar PV,1.3MW,Maisha Packaging Company Limited,Machakos,,,,,,,,,,,,,,
1110,EPRA Statistics Report - January - December 2023.pdf,41,1,10,9. | Ariya Finergy Limited | Solar PV | 550kW | Isuzu East Africa Limited vehicle assembly plant off Enterprise Road in Nairobi | Nairobi,9.,Ariya Finergy Limited,Solar PV,550kW,Isuzu East Africa Limited vehicle assembly plant off Enterprise Road in Nairobi,Nairobi,,,,,,,,,,,,,,
1111,EPRA Statistics Report - January - December 2023.pdf,41,1,11,"10. | Crossboundary Energy Kenya Limited | Solar PV | 680kW | Maisha Packaging Company Limited factory in Salgaa, Nakuru County | Nakuru",10.,Crossboundary Energy Kenya Limited,Solar PV,680kW,"Maisha Packaging Company Limited factory in Salgaa, Nakuru County",Nakuru,,,,,,,,,,,,,,
1112,EPRA Statistics Report - January - December 2023.pdf,41,1,12,11. | Ecoligo Ltd | Solar PV | 100kW | DL Koisagat Tea Estates Limited factory in Nandi County | Nandi,11.,Ecoligo Ltd,Solar PV,100kW,DL Koisagat Tea Estates Limited factory in Nandi County,Nandi,,,,,,,,,,,,,,
1113,EPRA Statistics Report - January - December 2023.pdf,41,1,13,12. | Ecoligo Ltd | Solar PV | 450kW | Mogogosiek Tea Factory Company Limited factory | Bomet,12.,Ecoligo Ltd,Solar PV,450kW,Mogogosiek Tea Factory Company Limited factory,Bomet,,,,,,,,,,,,,,
1114,EPRA Statistics Report - January - December 2023.pdf,41,1,14,"13. | Ecoligo Ltd | Solar PV | 82kW | Shimanzi, Mombasa | Mombasa",13.,Ecoligo Ltd,Solar PV,82kW,"Shimanzi, Mombasa",Mombasa,,,,,,,,,,,,,,
1115,EPRA Statistics Report - January - December 2023.pdf,41,1,15,"14. | Rentco Renewable Energy Limited | Solar PV | 650kW | Keritor Tea Factory, Nyamira | Nyamira",14.,Rentco Renewable Energy Limited,Solar PV,650kW,"Keritor Tea Factory, Nyamira",Nyamira,,,,,,,,,,,,,,
1116,EPRA Statistics Report - January - December 2023.pdf,41,2,1,Number of Issued Certificates/Licences,,Number of Issued Certificates/Licences,,,,,,,,,,,,,,,,,,
1117,EPRA Statistics Report - January - December 2023.pdf,41,2,2,C2 | C1 | B | A2 | A1 | Total,,C2,C1,B,A2,A1,Total,,,,,,,,,,,,,
1118,EPRA Statistics Report - January - December 2023.pdf,41,2,3,Electrical Workers | 103 | 41 | 22 | 0 | 17 | 183,Electrical Workers,103,41,22,0,17,183,,,,,,,,,,,,,
1119,EPRA Statistics Report - January - December 2023.pdf,41,2,4,Electrical Contractors | 71 | 50 | 28 | 0 | 36 | 185,Electrical Contractors,71,50,28,0,36,185,,,,,,,,,,,,,
1120,EPRA Statistics Report - January - December 2023.pdf,41,3,1,Category | Class | Number of licences issued,Category,Class,Number of licences issued,,,,,,,,,,,,,,,,,
1121,EPRA Statistics Report - January - December 2023.pdf,41,3,2,Solar PV Contractor/ Vendor/ Manufacturer | C1 | 36,Solar PV Contractor/ Vendor/ Manufacturer,C1,36,,,,,,,,,,,,,,,,,
1122,EPRA Statistics Report - January - December 2023.pdf,41,3,3,V1 | 46,,V1,46,,,,,,,,,,,,,,,,,
1123,EPRA Statistics Report - January - December 2023.pdf,41,3,4,V2 | 65,,V2,65,,,,,,,,,,,,,,,,,
1124,EPRA Statistics Report - January - December 2023.pdf,41,3,5,Solar PV Technicians | T3 | 24,Solar PV Technicians,T3,24,,,,,,,,,,,,,,,,,
1125,EPRA Statistics Report - January - December 2023.pdf,41,3,6,T2 | 63,,T2,63,,,,,,,,,,,,,,,,,
1126,EPRA Statistics Report - January - December 2023.pdf,41,3,7,Energy Audit Firm | A | 1,Energy Audit Firm,A,1,,,,,,,,,,,,,,,,,
1127,EPRA Statistics Report - January - December 2023.pdf,42,1,1,Month | Export Volume Marked (Litres) | Local Kerosene Volume Marked (Litres),Month,Export Volume Marked (Litres),Local Kerosene Volume Marked (Litres),,,,,,,,,,,,,,,,,
1128,EPRA Statistics Report - January - December 2023.pdf,42,1,2,"July | 274,153,414 | 5,137,748",July,"274,153,414","5,137,748",,,,,,,,,,,,,,,,,
1129,EPRA Statistics Report - January - December 2023.pdf,42,1,3,"August | 331,008,265 | 6,087,218",August,"331,008,265","6,087,218",,,,,,,,,,,,,,,,,
1130,EPRA Statistics Report - January - December 2023.pdf,42,1,4,"September | 309,754,972 | 4,026,971",September,"309,754,972","4,026,971",,,,,,,,,,,,,,,,,
1131,EPRA Statistics Report - January - December 2023.pdf,42,1,5,"October | 275,149,408 | 5,036,343",October,"275,149,408","5,036,343",,,,,,,,,,,,,,,,,
1132,EPRA Statistics Report - January - December 2023.pdf,42,1,6,"November | 283,716,765 | 4,324,301",November,"283,716,765","4,324,301",,,,,,,,,,,,,,,,,
1133,EPRA Statistics Report - January - December 2023.pdf,42,1,7,"December | 339,660,289 | 3,790,373",December,"339,660,289","3,790,373",,,,,,,,,,,,,,,,,
1134,EPRA Statistics Report - January - December 2023.pdf,42,1,8,"Total | 1,813,443,113 | 28,402,954",Total,"1,813,443,113","28,402,954",,,,,,,,,,,,,,,,,
1135,EPRA Statistics Report - January - December 2023.pdf,42,2,1,Month | Fuel tests,Month,Fuel tests,,,,,,,,,,,,,,,,,,
1136,EPRA Statistics Report - January - December 2023.pdf,42,2,2,"July | 2,510",July,"2,510",,,,,,,,,,,,,,,,,,
1137,EPRA Statistics Report - January - December 2023.pdf,42,2,3,"August | 2,406",August,"2,406",,,,,,,,,,,,,,,,,,
1138,EPRA Statistics Report - January - December 2023.pdf,42,2,4,"September | 2,522",September,"2,522",,,,,,,,,,,,,,,,,,
1139,EPRA Statistics Report - January - December 2023.pdf,42,2,5,"October | 2,504",October,"2,504",,,,,,,,,,,,,,,,,,
1140,EPRA Statistics Report - January - December 2023.pdf,42,2,6,"November | 2,452",November,"2,452",,,,,,,,,,,,,,,,,,
1141,EPRA Statistics Report - January - December 2023.pdf,42,2,7,"December | 2,158",December,"2,158",,,,,,,,,,,,,,,,,,
1142,EPRA Statistics Report - January - December 2023.pdf,42,2,8,"Total | 14,552",Total,"14,552",,,,,,,,,,,,,,,,,,
1143,EPRA Statistics Report - January - December 2023.pdf,45,1,1,BIANNUAL ENERGY AND PETROLEUM STATISTICS REPORT FINANCIAL YEAR 2023/2024,BIANNUAL ENERGY AND PETROLEUM STATISTICS REPORT FINANCIAL YEAR 2023/2024,,,,,,,,,,,,,,,,,,,
1144,EPRA Statistics Report - January - December 2023.pdf,45,1,2,Bi-Annual Energy & Petroleum Statistics Report Financial Year 2023/2024 | 45,,Bi-Annual Energy & Petroleum Statistics Report Financial Year 2023/2024 | 45,,,,,,,,,,,,,,,,,,
1145,Energy  Petroleum Statistics Report-2021.pdf,1,1,1,ENERGY & PETROLEUM STATISTICS REPORT 2021,,,ENERGY & PETROLEUM STATISTICS REPORT 2021,,,,,,,,,,,,,,,,,
1146,Energy  Petroleum Statistics Report-2021.pdf,1,1,2,Page 1,,,Page 1,,,,,,,,,,,,,,,,,
1147,Energy  Petroleum Statistics Report-2021.pdf,2,1,1,FOREWORD,FOREWORD,,,,,,,,,,,,,,,,,,,
1148,Energy  Petroleum Statistics Report-2021.pdf,2,2,1,Page 2,Page 2,,,,,,,,,,,,,,,,,,,
1149,Energy  Petroleum Statistics Report-2021.pdf,3,1,1,Page 3,,Page 3,,,,,,,,,,,,,,,,,,
1150,Energy  Petroleum Statistics Report-2021.pdf,4,1,1,Page 4,Page 4,,,,,,,,,,,,,,,,,,,
1151,Energy  Petroleum Statistics Report-2021.pdf,5,1,1,Page 5,,Page 5,,,,,,,,,,,,,,,,,,
1152,Energy  Petroleum Statistics Report-2021.pdf,6,1,1,Page 6,Page 6,,,,,,,,,,,,,,,,,,,
1153,Energy  Petroleum Statistics Report-2021.pdf,7,1,1,Page 7,,Page 7,,,,,,,,,,,,,,,,,,
1154,Energy  Petroleum Statistics Report-2021.pdf,8,1,2,4.8,,4.8,,,,,,,,,,,,,,,,,,
1155,Energy  Petroleum Statistics Report-2021.pdf,8,3,1,Page 8,Page 8,,,,,,,,,,,,,,,,,,,
1156,Energy  Petroleum Statistics Report-2021.pdf,9,1,1,Page 9,,Page 9,,,,,,,,,,,,,,,,,,
1157,Energy  Petroleum Statistics Report-2021.pdf,10,1,1,` | Installed MW | Effective MW | %contribution (Effective),`,Installed MW,Effective MW,%contribution (Effective),,,,,,,,,,,,,,,,
1158,Energy  Petroleum Statistics Report-2021.pdf,10,1,2,Hydro | 838.1 | 809.1 | 28.9%,Hydro,838.1,809.1,28.9%,,,,,,,,,,,,,,,,
1159,Energy  Petroleum Statistics Report-2021.pdf,10,1,3,Geothermal | 863.128 | 805.1 | 28.7%%,Geothermal,863.128,805.1,28.7%%,,,,,,,,,,,,,,,,
1160,Energy  Petroleum Statistics Report-2021.pdf,10,1,4,Thermal (MSD) | 660.32 | 640.4 | 22.9%,Thermal (MSD),660.32,640.4,22.9%,,,,,,,,,,,,,,,,
1161,Energy  Petroleum Statistics Report-2021.pdf,10,1,5,Thermal (GT) | 60 | 56 | 2.%,Thermal (GT),60,56,2.%,,,,,,,,,,,,,,,,
1162,Energy  Petroleum Statistics Report-2021.pdf,10,1,6,Wind | 435.5 | 375.5 | 13.4%,Wind,435.5,375.5,13.4%,,,,,,,,,,,,,,,,
1163,Energy  Petroleum Statistics Report-2021.pdf,10,1,7,Biomass | 2 | 2 | 0.07%,Biomass,2,2,0.07%,,,,,,,,,,,,,,,,
1164,Energy  Petroleum Statistics Report-2021.pdf,10,1,8,Solar | 90.25 | 90.3 | 3.2%,Solar,90.25,90.3,3.2%,,,,,,,,,,,,,,,,
1165,Energy  Petroleum Statistics Report-2021.pdf,10,1,9,Interconnected System | 2949.3 | 2788.4 | 99.5%,Interconnected System,2949.3,2788.4,99.5%,,,,,,,,,,,,,,,,
1166,Energy  Petroleum Statistics Report-2021.pdf,10,1,10,Off grid thermal | 31.5 | 21.3 | 0.76%,Off grid thermal,31.5,21.3,0.76%,,,,,,,,,,,,,,,,
1167,Energy  Petroleum Statistics Report-2021.pdf,10,1,11,Off grid wind | 0.55 | 0 | 0.00%,Off grid wind,0.55,0,0.00%,,,,,,,,,,,,,,,,
1168,Energy  Petroleum Statistics Report-2021.pdf,10,1,12,Off grid solar | 2.26 | 1.902 | 0.07%,Off grid solar,2.26,1.902,0.07%,,,,,,,,,,,,,,,,
1169,Energy  Petroleum Statistics Report-2021.pdf,10,1,13,Imports | 0 | 0 | 0.00%,Imports,0,0,0.00%,,,,,,,,,,,,,,,,
1170,Energy  Petroleum Statistics Report-2021.pdf,10,1,14,Total Capacity MW | 2984 | 2802 | 100.00%,Total Capacity MW,2984,2802,100.00%,,,,,,,,,,,,,,,,
1171,Energy  Petroleum Statistics Report-2021.pdf,10,2,1,Page 10,Page 10,,,,,,,,,,,,,,,,,,,
1172,Energy  Petroleum Statistics Report-2021.pdf,11,2,1,Page 11,,Page 11,,,,,,,,,,,,,,,,,,
1173,Energy  Petroleum Statistics Report-2021.pdf,12,1,1,Energy Purchased GWh | 2014/15 | 2015/16 | 2016/17 | 2017/18 | 2018/19 | 2019/20 | 2020/21,Energy Purchased GWh,2014/15,2015/16,2016/17,2017/18,2018/19,2019/20,2020/21,,,,,,,,,,,,
1174,Energy  Petroleum Statistics Report-2021.pdf,12,1,3,"Hydro | 3,310 | 3,787 | 3,341 | 3,224 | 3,741 | 3,693 | 4142.18",Hydro,"3,310","3,787","3,341","3,224","3,741","3,693",4142.18,,,,,,,,,,,,
1175,Energy  Petroleum Statistics Report-2021.pdf,12,1,4,"Geothermal | 4,060 | 4,609 | 4,451 | 5,053 | 5,033 | 5,352 | 5455.13",Geothermal,"4,060","4,609","4,451","5,053","5,033","5,352",5455.13,,,,,,,,,,,,
1176,Energy  Petroleum Statistics Report-2021.pdf,12,1,5,"Thermal | 1,715 | 1,246 | 2,164 | 2,202 | 1,298 | 88 | 1001.87",Thermal,"1,715","1,246","2,164","2,202","1,298",88,1001.87,,,,,,,,,,,,
1177,Energy  Petroleum Statistics Report-2021.pdf,12,1,6,Cogeneration | 14 | 0 | 1 | 4 | 0 | 0 | 0.31,Cogeneration,14,0,1,4,0,0,0.31,,,,,,,,,,,,
1178,Energy  Petroleum Statistics Report-2021.pdf,12,1,7,Solar | 1 | 1 | 1 | 0 | 60 | 91 | 87.94,Solar,1,1,1,0,60,91,87.94,,,,,,,,,,,,
1179,Energy  Petroleum Statistics Report-2021.pdf,12,1,8,"Wind | 38 | 57 | 63 | 47 | 1,192 | 1,284 | 1788.9",Wind,38,57,63,47,"1,192","1,284",1788.9,,,,,,,,,,,,
1180,Energy  Petroleum Statistics Report-2021.pdf,12,1,9,Imports | 79 | 67 | 184 | 171 | 170 | 161 | 196.55,Imports,79,67,184,171,170,161,196.55,,,,,,,,,,,,
1181,Energy  Petroleum Statistics Report-2021.pdf,12,1,10,"Total | 9,217 | 9,767 | 10,204 | 10,702 | 11,493 | 11,462 | 12,101.16",Total,"9,217","9,767","10,204","10,702","11,493","11,462","12,101.16",,,,,,,,,,,,
1182,Energy  Petroleum Statistics Report-2021.pdf,12,2,1,Peak Demand (MW) January 2020-May 2021 2050 1994 2000 1976 1965 1980 1970 1950 1911.47 1926.47 1906.94 1927.48 1944.14 1941 1946 1934 1882 1887 1900 1835.27 WM 1850 1801.52 1800 1765.12 1750 1700 1650 n- 20 b-20 Mar-20 pr-20 May-20 n- 20 ul- 20 ug-20 p-20 Oct- 20 ov-2 0 Dec-20 n- 21 b-21 Mar-21 pr-21 May-21 n- 21 Ja Fe A J u J A Se N Ja Fe A J u Month | Peak Demand (MW) January 2020-May 2021 2050 1994 2000 1976 1965 1980 1970 1950 1911.47 1926.47 1906.94 1927.48 1944.14 1941 1946 1934 1882 1887 1900 1835.27 WM 1850 1801.52 1800 1765.12 1750 1700 1650 n- 20 b-20 Mar-20 pr-20 May-20 n- 20 ul- 20 ug-20 p-20 Oct- 20 ov-2 0 Dec-20 n- 21 b-21 Mar-21 pr-21 May-21 n- 21 Ja Fe A J u J A Se N Ja Fe A J u Month,Peak Demand (MW) January 2020-May 2021 2050 1994 2000 1976 1965 1980 1970 1950 1911.47 1926.47 1906.94 1927.48 1944.14 1941 1946 1934 1882 1887 1900 1835.27 WM 1850 1801.52 1800 1765.12 1750 1700 1650 n- 20 b-20 Mar-20 pr-20 May-20 n- 20 ul- 20 ug-20 p-20 Oct- 20 ov-2 0 Dec-20 n- 21 b-21 Mar-21 pr-21 May-21 n- 21 Ja Fe A J u J A Se N Ja Fe A J u Month,Peak Demand (MW) January 2020-May 2021 2050 1994 2000 1976 1965 1980 1970 1950 1911.47 1926.47 1906.94 1927.48 1944.14 1941 1946 1934 1882 1887 1900 1835.27 WM 1850 1801.52 1800 1765.12 1750 1700 1650 n- 20 b-20 Mar-20 pr-20 May-20 n- 20 ul- 20 ug-20 p-20 Oct- 20 ov-2 0 Dec-20 n- 21 b-21 Mar-21 pr-21 May-21 n- 21 Ja Fe A J u J A Se N Ja Fe A J u Month,,,,,,,,,,,,,,,,,,
1183,Energy  Petroleum Statistics Report-2021.pdf,12,3,1,Page 12,Page 12,,,,,,,,,,,,,,,,,,,
1184,Energy  Petroleum Statistics Report-2021.pdf,13,2,1,Page 13,,Page 13,,,,,,,,,,,,,,,,,,
1185,Energy  Petroleum Statistics Report-2021.pdf,14,1,1,Market Shares December 2020 1.07% 36% 63% KENGEN IPPs REREC | Market Shares June 2021 0.63% 33.57% 65.80% KENGEN IPPS REREC,,Market Shares December 2020 1.07% 36% 63% KENGEN IPPs REREC,,Market Shares June 2021 0.63% 33.57% 65.80% KENGEN IPPS REREC,,,,,,,,,,,,,,,,
1186,Energy  Petroleum Statistics Report-2021.pdf,14,2,1,Page 14,Page 14,,,,,,,,,,,,,,,,,,,
1187,Energy  Petroleum Statistics Report-2021.pdf,15,1,1,Jan-20 | Feb-20 | Mar-20 | Apr-20 | May- 20 | Jun-20 | Jul-20 | Aug-20 | Sep-20 | Oct-20 | Nov-20 | Dec-20 | Jan-21 | Feb-21 | Mar-21 | Apr-21 | May- 21 | Jun-21,,Jan-20,Feb-20,Mar-20,Apr-20,May- 20,Jun-20,Jul-20,Aug-20,Sep-20,Oct-20,Nov-20,Dec-20,Jan-21,Feb-21,Mar-21,Apr-21,May- 21,Jun-21,
1188,Energy  Petroleum Statistics Report-2021.pdf,15,1,2,HHI Index | 0.59 | 0.57 | 0.58 | 0.56 | 0.58 | 0.58 | 0.572 | 0.572 | 0.499 | 0.548 | 0.551 | 0.554 | 0.554 | 0.554 | 0.509 | 0.542 | 0.523 | 0.546,HHI Index,0.59,0.57,0.58,0.56,0.58,0.58,0.572,0.572,0.499,0.548,0.551,0.554,0.554,0.554,0.509,0.542,0.523,0.546,
1189,Energy  Petroleum Statistics Report-2021.pdf,15,1,3,EPRA Target | 0.1 | 0.1 | 0.1 | 0.1 | 0.1 | 0.1 | 0.1 | 0.1 | 0.1 | 0.1 | 0.1 | 0.1 | 0.1 | 0.1 | 0.1 | 0.1 | 0.1 | 0.1,EPRA Target,0.1,0.1,0.1,0.1,0.1,0.1,0.1,0.1,0.1,0.1,0.1,0.1,0.1,0.1,0.1,0.1,0.1,0.1,
1190,Energy  Petroleum Statistics Report-2021.pdf,15,2,1,Page 15,,Page 15,,,,,,,,,,,,,,,,,,
1191,Energy  Petroleum Statistics Report-2021.pdf,16,4,1,2014/15 | 2015/16 | 2016/17 | 2017/18 | 2018/19 | 2019/20 | 2020/21*,,2014/15,2015/16,2016/17,2017/18,2018/19,2019/20,2020/21*,,,,,,,,,,,,
1192,Energy  Petroleum Statistics Report-2021.pdf,16,4,2,"Annual Consumption (GWh) | 7,615 | 7,867 | 8,250 | 8,435 | 8,742 | 8,755 | 8,408",Annual Consumption (GWh),"7,615","7,867","8,250","8,435","8,742","8,755","8,408",,,,,,,,,,,,
1193,Energy  Petroleum Statistics Report-2021.pdf,16,4,3,"No. of Customers | 3,611,904 | 4,890,373 | 6,182,282 | 6,761,090 | 7,067,861 | 7,726,188 | 8,216,253",No. of Customers,"3,611,904","4,890,373","6,182,282","6,761,090","7,067,861","7,726,188","8,216,253",,,,,,,,,,,,
1194,Energy  Petroleum Statistics Report-2021.pdf,16,6,1,Page 16,Page 16,,,,,,,,,,,,,,,,,,,
1195,Energy  Petroleum Statistics Report-2021.pdf,17,1,1,2014/15 | 2015/16 | 2016/17 | 2017/18 | 2018/19 | 2019/20 | 2020/21*,,2014/15,2015/16,2016/17,2017/18,2018/19,2019/20,2020/21*,,,,,,,,,,,,
1196,Energy  Petroleum Statistics Report-2021.pdf,17,1,2,"Domestic | 1,866 | 2,007 | 2,138 | 2,335 | 2366 | 2,508 | 2630",Domestic,"1,866","2,007","2,138","2,335",2366,"2,508",2630,,,,,,,,,,,,
1197,Energy  Petroleum Statistics Report-2021.pdf,17,1,3,"Small Commercial | 1,143 | 1,153 | 1,201 | 1,222 | 1250 | 1,262 | 1326",Small Commercial,"1,143","1,153","1,201","1,222",1250,"1,262",1326,,,,,,,,,,,,
1198,Energy  Petroleum Statistics Report-2021.pdf,17,1,4,"Commercial and Industrial | 4,030 | 4,104 | 4,266 | 4,225 | 4462 | 4,308 | 4519",Commercial and Industrial,"4,030","4,104","4,266","4,225",4462,"4,308",4519,,,,,,,,,,,,
1199,Energy  Petroleum Statistics Report-2021.pdf,17,1,5,Street lighting | 35 | 40 | 55 | 66 | 68 | 76 | 83,Street lighting,35,40,55,66,68,76,83,,,,,,,,,,,,
1200,Energy  Petroleum Statistics Report-2021.pdf,17,1,6,"TOTAL | 7074 | 7304 | 6660 | 7,848 | 8146 | 8171 | 8571",TOTAL,7074,7304,6660,"7,848",8146,8171,8571,,,,,,,,,,,,
1201,Energy  Petroleum Statistics Report-2021.pdf,17,2,1,REGION | 2014/15 | 2015/16 | 2016/17 | 2017/18 | 2018/19 | 2019/20,REGION,2014/15,2015/16,2016/17,2017/18,2018/19,2019/20,,,,,,,,,,,,,
1202,Energy  Petroleum Statistics Report-2021.pdf,17,2,2,"Nairobi North | 1,032 | 1,187 | 1,301 | 1,204 | 1,219 | 1,209",Nairobi North,"1,032","1,187","1,301","1,204","1,219","1,209",,,,,,,,,,,,,
1203,Energy  Petroleum Statistics Report-2021.pdf,17,2,3,"Nairobi South | 1,667 | 1,696 | 1,759 | 1,728 | 1,719 | 1,733",Nairobi South,"1,667","1,696","1,759","1,728","1,719","1,733",,,,,,,,,,,,,
1204,Energy  Petroleum Statistics Report-2021.pdf,17,2,4,"Nairobi West | 1,059 | 808 | 853 | 898 | 958 | 960",Nairobi West,"1,059",808,853,898,958,960,,,,,,,,,,,,,
1205,Energy  Petroleum Statistics Report-2021.pdf,17,2,5,"Coast | 1,312 | 1,338 | 1,389 | 1,435 | 1,477 | 1,464",Coast,"1,312","1,338","1,389","1,435","1,477","1,464",,,,,,,,,,,,,
1206,Energy  Petroleum Statistics Report-2021.pdf,17,2,6,Central Rift | 456 | 569 | 596 | 650 | 689 | 680,Central Rift,456,569,596,650,689,680,,,,,,,,,,,,,
1207,Energy  Petroleum Statistics Report-2021.pdf,17,2,7,North Rift | 269 | 280 | 269 | 303 | 288 | 302,North Rift,269,280,269,303,288,302,,,,,,,,,,,,,
1208,Energy  Petroleum Statistics Report-2021.pdf,17,2,8,South Nyanza | 0 | 48 | 86 | 88 | 104 | 123,South Nyanza,0,48,86,88,104,123,,,,,,,,,,,,,
1209,Energy  Petroleum Statistics Report-2021.pdf,17,2,9,West Kenya | 525 | 320 | 313 | 361 | 376 | 376,West Kenya,525,320,313,361,376,376,,,,,,,,,,,,,
1210,Energy  Petroleum Statistics Report-2021.pdf,17,2,10,Mt Kenya | 309 | 413 | 431 | 437 | 456 | 439,Mt Kenya,309,413,431,437,456,439,,,,,,,,,,,,,
1211,Energy  Petroleum Statistics Report-2021.pdf,17,2,11,North Eastern | 461 | 671 | 704 | 776 | 862 | 869,North Eastern,461,671,704,776,862,869,,,,,,,,,,,,,
1212,Energy  Petroleum Statistics Report-2021.pdf,17,2,12,"KPLC Sales | 7,090 | 7,330 | 7,701 | 7,881 | 8,147 | 8,154",KPLC Sales,"7,090","7,330","7,701","7,881","8,147","8,154",,,,,,,,,,,,,
1213,Energy  Petroleum Statistics Report-2021.pdf,17,2,13,R.E.P. Schemes | 525 | 537 | 549 | 554 | 595 | 602,R.E.P. Schemes,525,537,549,554,595,602,,,,,,,,,,,,,
1214,Energy  Petroleum Statistics Report-2021.pdf,17,2,14,Export Sales | 40 | 45 | 22 | 23 | 27 | 18,Export Sales,40,45,22,23,27,18,,,,,,,,,,,,,
1215,Energy  Petroleum Statistics Report-2021.pdf,17,2,15,"TOTAL | 7,655 | 7,912 | 8,272 | 8,459 | 8,769 | 8,773",TOTAL,"7,655","7,912","8,272","8,459","8,769","8,773",,,,,,,,,,,,,
1216,Energy  Petroleum Statistics Report-2021.pdf,17,2,16,%INCREASE P.A. | 5.7% | 3.4% | 4.5% | 2.3% | 3.7% | 0.0%,%INCREASE P.A.,5.7%,3.4%,4.5%,2.3%,3.7%,0.0%,,,,,,,,,,,,,
1217,Energy  Petroleum Statistics Report-2021.pdf,17,3,1,Page 17,,Page 17,,,,,,,,,,,,,,,,,,
1218,Energy  Petroleum Statistics Report-2021.pdf,18,1,1,VOLTAGE (kV) | 2014/15 | 2015/16 | 2016/17 | 2017/18 | 2018/19 | 2019/2020,VOLTAGE (kV),2014/15,2015/16,2016/17,2017/18,2018/19,2019/2020,,,,,,,,,,,,,
1219,Energy  Petroleum Statistics Report-2021.pdf,18,1,2,"400 kV | 96.8 | 1,244.4 | 2,116.4 | 2,116.4",400 kV,,,96.8,"1,244.4","2,116.4","2,116.4",,,,,,,,,,,,,
1220,Energy  Petroleum Statistics Report-2021.pdf,18,1,3,"220 kV | 1,352 | 1,452 | 1,555 | 1,686 | 1,686 | 1,686",220 kV,"1,352","1,452","1,555","1,686","1,686","1,686",,,,,,,,,,,,,
1221,Energy  Petroleum Statistics Report-2021.pdf,18,1,4,"132 kV | 2,824 | 3,087 | 3,208 | 3,322 | 3,372 | 3,372",132 kV,"2,824","3,087","3,208","3,322","3,372","3,372",,,,,,,,,,,,,
1222,Energy  Petroleum Statistics Report-2021.pdf,18,1,5,"66 kV | 952 | 977 | 1,000 | 1,168 | 1,187 | 1,187",66 kV,952,977,"1,000","1,168","1,187","1,187",,,,,,,,,,,,,
1223,Energy  Petroleum Statistics Report-2021.pdf,18,1,6,"33 kV | 21,370 | 27,497 | 30,846 | 34,508 | 35,177 | 35,703",33 kV,"21,370","27,497","30,846","34,508","35,177","35,703",,,,,,,,,,,,,
1224,Energy  Petroleum Statistics Report-2021.pdf,18,1,7,"11 kV | 32,823 | 35,383 | 37,234 | 38,968 | 39,797 | 40,616",11 kV,"32,823","35,383","37,234","38,968","39,797","40,616",,,,,,,,,,,,,
1225,Energy  Petroleum Statistics Report-2021.pdf,18,1,8,"Total HV and MV | 59,322 | 68,396 | 73,940 | 80,897 | 83,335 | 84,681",Total HV and MV,"59,322","68,396","73,940","80,897","83,335","84,681",,,,,,,,,,,,,
1226,Energy  Petroleum Statistics Report-2021.pdf,18,1,9,"415/240V or 433/250V | 110,778 | 139,642 | 143,331 | 152,799 | 158,527",415/240V or 433/250V,,"110,778","139,642","143,331","152,799","158,527",,,,,,,,,,,,,
1227,Energy  Petroleum Statistics Report-2021.pdf,18,1,10,"TOTAL | 59,322 | 179,174 | 213,582 | 224,228 | 236,134 | 243,207",TOTAL,"59,322","179,174","213,582","224,228","236,134","243,207",,,,,,,,,,,,,
1228,Energy  Petroleum Statistics Report-2021.pdf,18,1,11,% INCREASE P.A. | 4.8% | 15.3% | 19.2% | 5% | 5% | 3%,% INCREASE P.A.,4.8%,15.3%,19.2%,5%,5%,3%,,,,,,,,,,,,,
1229,Energy  Petroleum Statistics Report-2021.pdf,18,2,1,Page 18,Page 18,,,,,,,,,,,,,,,,,,,
1230,Energy  Petroleum Statistics Report-2021.pdf,19,1,1,2014/15 | 2015/16 | 2016/17 | 2017/18 | 2018/19 | 2019/20,,2014/15,2015/16,2016/17,2017/18,2018/19,2019/20,,,,,,,,,,,,,
1231,Energy  Petroleum Statistics Report-2021.pdf,19,1,2,Generation Substations TOTAL | 3025 | 3145 | 3205 | 3370 | 3720 | 3878,Generation Substations TOTAL,3025,3145,3205,3370,3720,3878,,,,,,,,,,,,,
1232,Energy  Petroleum Statistics Report-2021.pdf,19,1,3,Transmission Substations TOTAL | 3144 | 3704 | 4376 | 4866 | 4942 | 4942,Transmission Substations TOTAL,3144,3704,4376,4866,4942,4942,,,,,,,,,,,,,
1233,Energy  Petroleum Statistics Report-2021.pdf,19,1,4,Distribution Substations Total | 3572 | 3848 | 4056 | 4372 | 4480 | 4563,Distribution Substations Total,3572,3848,4056,4372,4480,4563,,,,,,,,,,,,,
1234,Energy  Petroleum Statistics Report-2021.pdf,19,1,5,"11/0.415 kV & 33/0.415 kV Distribution Transformers | 6,384 | 7,088 | 7,276 | 7,606 | 7,844 | 8174",11/0.415 kV & 33/0.415 kV Distribution Transformers,"6,384","7,088","7,276","7,606","7,844",8174,,,,,,,,,,,,,
1235,Energy  Petroleum Statistics Report-2021.pdf,19,2,6,4871311,,,,,,,,4871311,,,,,,,,,,,,
1236,Energy  Petroleum Statistics Report-2021.pdf,19,2,7,3618115 | 481106,,,,,,3618115,,,,481106,,,,,,,,,,
1237,Energy  Petroleum Statistics Report-2021.pdf,19,2,9,2774216 | 339696,,,,2774216,,,,,,,,339696,,,,,,,,
1238,Energy  Petroleum Statistics Report-2021.pdf,19,3,1,Page 19,,Page 19,,,,,,,,,,,,,,,,,,
1239,Energy  Petroleum Statistics Report-2021.pdf,20,1,1,Name of plant | Location | Licensed Capacity | Technology,Name of plant,Location,Licensed Capacity,Technology,,,,,,,,,,,,,,,,
1240,Energy  Petroleum Statistics Report-2021.pdf,20,1,2,Rareh Icon Solar Limited | Makueni | 30MW | Solar,Rareh Icon Solar Limited,Makueni,30MW,Solar,,,,,,,,,,,,,,,,
1241,Energy  Petroleum Statistics Report-2021.pdf,20,1,3,Marco Borero Company Ltd | Nyeri | 1.5MW | Solar,Marco Borero Company Ltd,Nyeri,1.5MW,Solar,,,,,,,,,,,,,,,,
1242,Energy  Petroleum Statistics Report-2021.pdf,20,1,4,Dwa Estate Limited | Makueni | 1.44MW | Biomass,Dwa Estate Limited,Makueni,1.44MW,Biomass,,,,,,,,,,,,,,,,
1243,Energy  Petroleum Statistics Report-2021.pdf,20,1,5,Rumuruti Solar Generation Limited | Laikipia | 40MW | solar,Rumuruti Solar Generation Limited,Laikipia,40MW,solar,,,,,,,,,,,,,,,,
1244,Energy  Petroleum Statistics Report-2021.pdf,20,1,6,Aperture Green Power Company Limited | Kiambu | 50MW | Wind,Aperture Green Power Company Limited,Kiambu,50MW,Wind,,,,,,,,,,,,,,,,
1245,Energy  Petroleum Statistics Report-2021.pdf,20,2,1,Licensee | Technology | Location | Capacity (MW),Licensee,Technology,Location,Capacity (MW),,,,,,,,,,,,,,,,
1246,Energy  Petroleum Statistics Report-2021.pdf,20,2,2,Kudura Power East Africa Ltd | Solar | Busia County | 0.03,Kudura Power East Africa Ltd,Solar,Busia County,0.03,,,,,,,,,,,,,,,,
1247,Energy  Petroleum Statistics Report-2021.pdf,20,2,3,Kudura Power East Africa Ltd | Solar | Busia County | 0.03,Kudura Power East Africa Ltd,Solar,Busia County,0.03,,,,,,,,,,,,,,,,
1248,Energy  Petroleum Statistics Report-2021.pdf,20,2,4,Kudura Power East Africa Ltd | Solar | Busia County | 0.018,Kudura Power East Africa Ltd,Solar,Busia County,0.018,,,,,,,,,,,,,,,,
1249,Energy  Petroleum Statistics Report-2021.pdf,20,2,5,Kudura Power East Africa Ltd | Solar | Busia County | 0.03,Kudura Power East Africa Ltd,Solar,Busia County,0.03,,,,,,,,,,,,,,,,
1250,Energy  Petroleum Statistics Report-2021.pdf,20,2,6,Kudura Power East Africa Ltd | Solar | Busia County | 0.03,Kudura Power East Africa Ltd,Solar,Busia County,0.03,,,,,,,,,,,,,,,,
1251,Energy  Petroleum Statistics Report-2021.pdf,20,2,7,Kudura Power East Africa Ltd | Solar | Busia County | 0.018,Kudura Power East Africa Ltd,Solar,Busia County,0.018,,,,,,,,,,,,,,,,
1252,Energy  Petroleum Statistics Report-2021.pdf,20,2,8,Kudura Power East Africa Ltd | Solar | Busia County | 0.06,Kudura Power East Africa Ltd,Solar,Busia County,0.06,,,,,,,,,,,,,,,,
1253,Energy  Petroleum Statistics Report-2021.pdf,20,2,9,Kudura Power East Africa Ltd | Solar | Busia County | 0.03,Kudura Power East Africa Ltd,Solar,Busia County,0.03,,,,,,,,,,,,,,,,
1254,Energy  Petroleum Statistics Report-2021.pdf,20,2,10,Renewvia Energy Kenya Limited | Solar Pv | Turkana | 0.02,Renewvia Energy Kenya Limited,Solar Pv,Turkana,0.02,,,,,,,,,,,,,,,,
1255,Energy  Petroleum Statistics Report-2021.pdf,20,2,11,Renewvia Energy Kenya Limited | Solar PV | Turkana | 0.06,Renewvia Energy Kenya Limited,Solar PV,Turkana,0.06,,,,,,,,,,,,,,,,
1256,Energy  Petroleum Statistics Report-2021.pdf,20,2,12,Ses Microgrids Kenya Limited | Solar PV | Marsabit | 0.02,Ses Microgrids Kenya Limited,Solar PV,Marsabit,0.02,,,,,,,,,,,,,,,,
1257,Energy  Petroleum Statistics Report-2021.pdf,20,2,13,Nal Offgrid Limited | Solar PV | Turkana | 0.022,Nal Offgrid Limited,Solar PV,Turkana,0.022,,,,,,,,,,,,,,,,
1258,Energy  Petroleum Statistics Report-2021.pdf,20,3,1,Category | Number of Licenses,Category,Number of Licenses,,,,,,,,,,,,,,,,,,
1259,Energy  Petroleum Statistics Report-2021.pdf,20,3,2,Energy Audit Firms | 0,Energy Audit Firms,0,,,,,,,,,,,,,,,,,,
1260,Energy  Petroleum Statistics Report-2021.pdf,20,3,3,Energy Auditors | 4,Energy Auditors,4,,,,,,,,,,,,,,,,,,
1261,Energy  Petroleum Statistics Report-2021.pdf,20,4,1,License Class | Electrician Licenses | Electrical Contractor Registrations,License Class,Electrician Licenses,Electrical Contractor Registrations,,,,,,,,,,,,,,,,,
1262,Energy  Petroleum Statistics Report-2021.pdf,20,4,2,C2 | 105 | 31,C2,105,31,,,,,,,,,,,,,,,,,
1263,Energy  Petroleum Statistics Report-2021.pdf,20,4,3,C1 | 91 | 43,C1,91,43,,,,,,,,,,,,,,,,,
1264,Energy  Petroleum Statistics Report-2021.pdf,20,4,4,B | 14 | 15,B,14,15,,,,,,,,,,,,,,,,,
1265,Energy  Petroleum Statistics Report-2021.pdf,20,4,5,A1 | 17 | 18,A1,17,18,,,,,,,,,,,,,,,,,
1266,Energy  Petroleum Statistics Report-2021.pdf,20,4,6,A2 | 7 | 0,A2,7,0,,,,,,,,,,,,,,,,,
1267,Energy  Petroleum Statistics Report-2021.pdf,20,4,7,Total | 234 | 107,Total,234,107,,,,,,,,,,,,,,,,,
1268,Energy  Petroleum Statistics Report-2021.pdf,20,5,1,Category | Number of Licenses,Category,Number of Licenses,,,,,,,,,,,,,,,,,,
1269,Energy  Petroleum Statistics Report-2021.pdf,20,5,2,Solar P V Contractors/Vendors (SPVC) | 86,Solar P V Contractors/Vendors (SPVC),86,,,,,,,,,,,,,,,,,,
1270,Energy  Petroleum Statistics Report-2021.pdf,20,5,3,Solar PV System Manufacturers/Importers (SPVM) | 0,Solar PV System Manufacturers/Importers (SPVM),0,,,,,,,,,,,,,,,,,,
1271,Energy  Petroleum Statistics Report-2021.pdf,20,5,4,Solar PV Technicians (SPVT) | 24,Solar PV Technicians (SPVT),24,,,,,,,,,,,,,,,,,,
1272,Energy  Petroleum Statistics Report-2021.pdf,20,6,1,Page 20,Page 20,,,,,,,,,,,,,,,,,,,
1273,Energy  Petroleum Statistics Report-2021.pdf,21,1,1,Page 21,,Page 21,,,,,,,,,,,,,,,,,,
1274,Energy  Petroleum Statistics Report-2021.pdf,22,1,1,Page 22,Page 22,,,,,,,,,,,,,,,,,,,
1275,Energy  Petroleum Statistics Report-2021.pdf,23,2,1,Page 23,,Page 23,,,,,,,,,,,,,,,,,,
1276,Energy  Petroleum Statistics Report-2021.pdf,24,2,8,796.8 | 1097.3 | 842.4 | 739.8 | 776.6,,796.8,,,,1097.3,,,,842.4,,,,739.8,,,,776.6,,
1277,Energy  Petroleum Statistics Report-2021.pdf,24,3,1,Page 24,Page 24,,,,,,,,,,,,,,,,,,,
1278,Energy  Petroleum Statistics Report-2021.pdf,25,1,1,Oil Marketing Company | Market Share,Oil Marketing Company,Market Share,,,,,,,,,,,,,,,,,,
1279,Energy  Petroleum Statistics Report-2021.pdf,25,1,2,Vivo Energy Kenya Limited | 21.17%,Vivo Energy Kenya Limited,21.17%,,,,,,,,,,,,,,,,,,
1280,Energy  Petroleum Statistics Report-2021.pdf,25,1,3,Total Kenya Limited | 18.88%,Total Kenya Limited,18.88%,,,,,,,,,,,,,,,,,,
1281,Energy  Petroleum Statistics Report-2021.pdf,25,1,4,Rubis Energy PLC | 7.42%,Rubis Energy PLC,7.42%,,,,,,,,,,,,,,,,,,
1282,Energy  Petroleum Statistics Report-2021.pdf,25,1,5,OLA ENERGY KENYA LIMITED | 5.53%,OLA ENERGY KENYA LIMITED,5.53%,,,,,,,,,,,,,,,,,,
1283,Energy  Petroleum Statistics Report-2021.pdf,25,1,6,GULF ENERGY HOLDINGS LIMITED | 2.28%,GULF ENERGY HOLDINGS LIMITED,2.28%,,,,,,,,,,,,,,,,,,
1284,Energy  Petroleum Statistics Report-2021.pdf,25,1,7,Tosha Petroleum (Kenya) Limited | 2.63%,Tosha Petroleum (Kenya) Limited,2.63%,,,,,,,,,,,,,,,,,,
1285,Energy  Petroleum Statistics Report-2021.pdf,25,1,8,ORYX ENERGIES KENYA LIMITED | 3.29%,ORYX ENERGIES KENYA LIMITED,3.29%,,,,,,,,,,,,,,,,,,
1286,Energy  Petroleum Statistics Report-2021.pdf,25,1,9,Hass Petroleum Kenya Limited | 1.64%,Hass Petroleum Kenya Limited,1.64%,,,,,,,,,,,,,,,,,,
1287,Energy  Petroleum Statistics Report-2021.pdf,25,1,10,Be Energy Limited | 2.47%,Be Energy Limited,2.47%,,,,,,,,,,,,,,,,,,
1288,Energy  Petroleum Statistics Report-2021.pdf,25,1,11,LAKE OIL LIMITED | 1.53%,LAKE OIL LIMITED,1.53%,,,,,,,,,,,,,,,,,,
1289,Energy  Petroleum Statistics Report-2021.pdf,25,1,12,Galana Oil Kenya Limited | 1.58%,Galana Oil Kenya Limited,1.58%,,,,,,,,,,,,,,,,,,
1290,Energy  Petroleum Statistics Report-2021.pdf,25,1,13,NATIONAL OIL CORPORATION OF KENYA | 1.61%,NATIONAL OIL CORPORATION OF KENYA,1.61%,,,,,,,,,,,,,,,,,,
1291,Energy  Petroleum Statistics Report-2021.pdf,25,1,14,Petro Oil Kenya Limited | 2.08%,Petro Oil Kenya Limited,2.08%,,,,,,,,,,,,,,,,,,
1292,Energy  Petroleum Statistics Report-2021.pdf,25,1,15,Others | 27.89%,Others,27.89%,,,,,,,,,,,,,,,,,,
1293,Energy  Petroleum Statistics Report-2021.pdf,25,2,1,Page 25,,Page 25,,,,,,,,,,,,,,,,,,
1294,Energy  Petroleum Statistics Report-2021.pdf,26,1,1,License Category | Number issued,License Category,Number issued,,,,,,,,,,,,,,,,,,
1295,Energy  Petroleum Statistics Report-2021.pdf,26,1,2,Bunkering of Petroleum Products (Except LPG) | 10,Bunkering of Petroleum Products (Except LPG),10,,,,,,,,,,,,,,,,,,
1296,Energy  Petroleum Statistics Report-2021.pdf,26,1,3,Driver Certification | 6913,Driver Certification,6913,,,,,,,,,,,,,,,,,,
1297,Energy  Petroleum Statistics Report-2021.pdf,26,1,4,Export & wholesale of Jet-A1 | 31,Export & wholesale of Jet-A1,31,,,,,,,,,,,,,,,,,,
1298,Energy  Petroleum Statistics Report-2021.pdf,26,1,5,Export and Wholesale of LPG in bulk | 31,Export and Wholesale of LPG in bulk,31,,,,,,,,,,,,,,,,,,
1299,Energy  Petroleum Statistics Report-2021.pdf,26,1,6,Export and Wholesale of Petroleum Products (Except LPG) | 1005,Export and Wholesale of Petroleum Products (Except LPG),1005,,,,,,,,,,,,,,,,,,
1300,Energy  Petroleum Statistics Report-2021.pdf,26,1,7,"Import, Export and Wholesale of Bitumen | 11","Import, Export and Wholesale of Bitumen",11,,,,,,,,,,,,,,,,,,
1301,Energy  Petroleum Statistics Report-2021.pdf,26,1,8,"Import, Export and Wholesale of Fuel Oil | 11","Import, Export and Wholesale of Fuel Oil",11,,,,,,,,,,,,,,,,,,
1302,Energy  Petroleum Statistics Report-2021.pdf,26,1,9,"Import, Export and Wholesale of LPG in bulk | 72","Import, Export and Wholesale of LPG in bulk",72,,,,,,,,,,,,,,,,,,
1303,Energy  Petroleum Statistics Report-2021.pdf,26,1,10,"Import, Export and Wholesale of Petroleum Products (Except LPG) | 98","Import, Export and Wholesale of Petroleum Products (Except LPG)",98,,,,,,,,,,,,,,,,,,
1304,Energy  Petroleum Statistics Report-2021.pdf,26,1,11,Retail of LPG in Cylinders | 5255,Retail of LPG in Cylinders,5255,,,,,,,,,,,,,,,,,,
1305,Energy  Petroleum Statistics Report-2021.pdf,26,1,12,Retail of Petroleum Products (except LPG) | 194,Retail of Petroleum Products (except LPG),194,,,,,,,,,,,,,,,,,,
1306,Energy  Petroleum Statistics Report-2021.pdf,26,1,13,Storage & Filling of LPG in Bulk | 97,Storage & Filling of LPG in Bulk,97,,,,,,,,,,,,,,,,,,
1307,Energy  Petroleum Statistics Report-2021.pdf,26,1,14,Storage & Filling of LPG in Cylinders | 14,Storage & Filling of LPG in Cylinders,14,,,,,,,,,,,,,,,,,,
1308,Energy  Petroleum Statistics Report-2021.pdf,26,1,15,Storage & Wholesale of LPG in cylinders | 51,Storage & Wholesale of LPG in cylinders,51,,,,,,,,,,,,,,,,,,
1309,Energy  Petroleum Statistics Report-2021.pdf,26,1,16,Storage of petroleum products (Except LPG) | 2,Storage of petroleum products (Except LPG),2,,,,,,,,,,,,,,,,,,
1310,Energy  Petroleum Statistics Report-2021.pdf,26,1,17,Transport of Jet-A1 | 6,Transport of Jet-A1,6,,,,,,,,,,,,,,,,,,
1311,Energy  Petroleum Statistics Report-2021.pdf,26,1,18,Transport of LPG in bulk | 18,Transport of LPG in bulk,18,,,,,,,,,,,,,,,,,,
1312,Energy  Petroleum Statistics Report-2021.pdf,26,1,19,Transport of LPG in Cylinders | 113,Transport of LPG in Cylinders,113,,,,,,,,,,,,,,,,,,
1313,Energy  Petroleum Statistics Report-2021.pdf,26,1,20,Transport of petroleum products (Except LPG) | 146,Transport of petroleum products (Except LPG),146,,,,,,,,,,,,,,,,,,
1314,Energy  Petroleum Statistics Report-2021.pdf,26,2,1,Page 26,Page 26,,,,,,,,,,,,,,,,,,,
1315,Energy  Petroleum Statistics Report-2021.pdf,27,1,1,Page 27,,Page 27,,,,,,,,,,,,,,,,,,
1316,Energy  Petroleum Statistics Report-2021.pdf,28,2,1,Page 28,Page 28,,,,,,,,,,,,,,,,,,,
1317,Energy  Petroleum Statistics Report-2021.pdf,29,1,1,Page 29,,Page 29,,,,,,,,,,,,,,,,,,
1318,Energy  Petroleum Statistics Report-2021.pdf,30,1,1,Page 30,Page 30,,,,,,,,,,,,,,,,,,,
1319,Energy  Petroleum Statistics Report-2021.pdf,31,1,1,Page 31,,Page 31,,,,,,,,,,,,,,,,,,
1320,Energy  Petroleum Statistics Report-2021.pdf,32,1,1,Page 32,Page 32,,,,,,,,,,,,,,,,,,,
1321,Energy  Petroleum Statistics Report-2021.pdf,33,1,1,Page 33,,Page 33,,,,,,,,,,,,,,,,,,
1322,Energy  Petroleum Statistics Report-2021.pdf,34,1,1,Page 34,Page 34,,,,,,,,,,,,,,,,,,,
1323,Energy  Petroleum Statistics Report-2021.pdf,35,1,1,Page 35,,Page 35,,,,,,,,,,,,,,,,,,
1324,Energy  Petroleum Statistics Report-2021.pdf,36,1,1,YEAR | PRODUCTION | TOTAL PRIMARY ENERGY SUPPLY | TOTAL FINAL CONSUMPTION,YEAR,PRODUCTION,TOTAL PRIMARY ENERGY SUPPLY,TOTAL FINAL CONSUMPTION,,,,,,,,,,,,,,,,
1325,Energy  Petroleum Statistics Report-2021.pdf,36,1,2,2009 | 14236.2 | 17357.132 | 13970.702,2009,14236.2,17357.132,13970.702,,,,,,,,,,,,,,,,
1326,Energy  Petroleum Statistics Report-2021.pdf,36,1,3,2010 | 14634.2 | 17909.451 | 14293.151,2010,14634.2,17909.451,14293.151,,,,,,,,,,,,,,,,
1327,Energy  Petroleum Statistics Report-2021.pdf,36,1,4,2011 | 15016.7 | 18423.669 | 14690.169,2011,15016.7,18423.669,14690.169,,,,,,,,,,,,,,,,
1328,Energy  Petroleum Statistics Report-2021.pdf,36,1,5,2012 | 15484.6 | 18640.235 | 15135.955,2012,15484.6,18640.235,15135.955,,,,,,,,,,,,,,,,
1329,Energy  Petroleum Statistics Report-2021.pdf,36,1,6,2013 | 15953.4 | 19279.148 | 15658.748,2013,15953.4,19279.148,15658.748,,,,,,,,,,,,,,,,
1330,Energy  Petroleum Statistics Report-2021.pdf,36,1,7,2014 | 16919.56 | 20290.31509 | 16671.17385,2014,16919.56,20290.31509,16671.17385,,,,,,,,,,,,,,,,
1331,Energy  Petroleum Statistics Report-2021.pdf,36,1,8,2015 | 17151.43 | 21028.67064 | 16762.46134,2015,17151.43,21028.67064,16762.46134,,,,,,,,,,,,,,,,
1332,Energy  Petroleum Statistics Report-2021.pdf,36,1,9,2016 | 17284.79 | 21428.95727 | 16972.3438,2016,17284.79,21428.95727,16972.3438,,,,,,,,,,,,,,,,
1333,Energy  Petroleum Statistics Report-2021.pdf,36,1,10,2017 | 17305.84405 | 23277.21925 | 16867.92614,2017,17305.84405,23277.21925,16867.92614,,,,,,,,,,,,,,,,
1334,Energy  Petroleum Statistics Report-2021.pdf,36,1,11,2018 | 17575.26041 | 23318.63176 | 17281.43344,2018,17575.26041,23318.63176,17281.43344,,,,,,,,,,,,,,,,
1335,Energy  Petroleum Statistics Report-2021.pdf,36,1,12,2019 | 17713.69027 | 23730.84564 | 17756.9911,2019,17713.69027,23730.84564,17756.9911,,,,,,,,,,,,,,,,
1336,Energy  Petroleum Statistics Report-2021.pdf,36,1,13,2020 | 17867.30592 | 23583.12983 | 14237.25065,2020,17867.30592,23583.12983,14237.25065,,,,,,,,,,,,,,,,
1337,Energy  Petroleum Statistics Report-2021.pdf,36,2,1,Page 36,Page 36,,,,,,,,,,,,,,,,,,,
1338,Energy  Petroleum Statistics Report-2021.pdf,37,1,1,Page 37,,Page 37,,,,,,,,,,,,,,,,,,
1339,Energy  Petroleum Statistics Report-2021.pdf,38,1,1,Score range | Interpretation,Score range,Interpretation,,,,,,,,,,,,,,,,,,
1340,Energy  Petroleum Statistics Report-2021.pdf,38,1,2,"0.800 to 1.000 | High level of regulatory development Most of the elements of strong policies, regulatory, legal, and institutional framework are in place",0.800 to 1.000,"High level of regulatory development Most of the elements of strong policies, regulatory, legal, and institutional framework are in place",,,,,,,,,,,,,,,,,,
1341,Energy  Petroleum Statistics Report-2021.pdf,38,1,3,"0.600 to 0.799 | Substantial level of regulatory development Most elements of supportive regulatory framework are established although with weak- ness that does not permit the regulator to have strong capacity, legal and institutional structures",0.600 to 0.799,"Substantial level of regulatory development Most elements of supportive regulatory framework are established although with weak- ness that does not permit the regulator to have strong capacity, legal and institutional structures",,,,,,,,,,,,,,,,,,
1342,Energy  Petroleum Statistics Report-2021.pdf,38,1,4,0.500 to o.599 | Medium Level of Regulatory Development Basic elements of supportive regulatory framework are established with limited legal and institutional structures and capacity of the regulator,0.500 to o.599,Medium Level of Regulatory Development Basic elements of supportive regulatory framework are established with limited legal and institutional structures and capacity of the regulator,,,,,,,,,,,,,,,,,,
1343,Energy  Petroleum Statistics Report-2021.pdf,38,1,5,0.000 to 0.499 | Low Level of Regulatory Development Few or no elements of supportive regulatory framework. Insufficient or non-existent le- gal and institutional structures and capacity of the regulator,0.000 to 0.499,Low Level of Regulatory Development Few or no elements of supportive regulatory framework. Insufficient or non-existent le- gal and institutional structures and capacity of the regulator,,,,,,,,,,,,,,,,,,
1344,Energy  Petroleum Statistics Report-2021.pdf,38,2,1,Kenya | RGI | RSI | ERIGS | ROI | ERI | RANK,Kenya,RGI,RSI,ERIGS,ROI,ERI,RANK,,,,,,,,,,,,,
1345,Energy  Petroleum Statistics Report-2021.pdf,38,2,2,2018 | 0.826 | 0.645 | 0.736 | 0.703 | 0.719 | 5/15,2018,0.826,0.645,0.736,0.703,0.719,5/15,,,,,,,,,,,,,
1346,Energy  Petroleum Statistics Report-2021.pdf,38,2,3,2019 | 0.926 | 0.918 | 0.922 | 0.577 | 0.727 | 3/32,2019,0.926,0.918,0.922,0.577,0.727,3/32,,,,,,,,,,,,,
1347,Energy  Petroleum Statistics Report-2021.pdf,38,2,4,2020 | 0.828 | 0.888 | 0.858 | 00.468 | 0.633 | 5/36,2020,0.828,0.888,0.858,00.468,0.633,5/36,,,,,,,,,,,,,
1348,Energy  Petroleum Statistics Report-2021.pdf,38,3,1,Country | RGI | RSI | ROI | ERI | Rank,Country,RGI,RSI,ROI,ERI,Rank,,,,,,,,,,,,,,
1349,Energy  Petroleum Statistics Report-2021.pdf,38,3,2,Uganda | 0.925 | 0.945 | 0.686 | 0.801 | 1,Uganda,0.925,0.945,0.686,0.801,1,,,,,,,,,,,,,,
1350,Energy  Petroleum Statistics Report-2021.pdf,38,3,3,Namibia | 0.817 | 0.782 | 0.721 | 0.759 | 2,Namibia,0.817,0.782,0.721,0.759,2,,,,,,,,,,,,,,
1351,Energy  Petroleum Statistics Report-2021.pdf,38,3,4,Tanzania | 0.904 | 0.926 | 0.568 | 0.721 | 3,Tanzania,0.904,0.926,0.568,0.721,3,,,,,,,,,,,,,,
1352,Energy  Petroleum Statistics Report-2021.pdf,38,3,5,Zambia | 0.690 | 0.687 | 0.622 | 0.655 | 4,Zambia,0.690,0.687,0.622,0.655,4,,,,,,,,,,,,,,
1353,Energy  Petroleum Statistics Report-2021.pdf,38,3,6,Kenya | 0.828 | 0.888 | 0.468 | 0.633 | 5,Kenya,0.828,0.888,0.468,0.633,5,,,,,,,,,,,,,,
1354,Energy  Petroleum Statistics Report-2021.pdf,38,3,7,Zimbabwe | 0.698 | 0.723 | 0.561 | 0.631 | 6,Zimbabwe,0.698,0.723,0.561,0.631,6,,,,,,,,,,,,,,
1355,Energy  Petroleum Statistics Report-2021.pdf,38,3,8,Niger | 0.724 | 0.581 | 0.571 | 0.611 | 7,Niger,0.724,0.581,0.571,0.611,7,,,,,,,,,,,,,,
1356,Energy  Petroleum Statistics Report-2021.pdf,38,3,9,Nigeria | 0.900 | 0.790 | 0.417 | 0.594 | 8,Nigeria,0.900,0.790,0.417,0.594,8,,,,,,,,,,,,,,
1357,Energy  Petroleum Statistics Report-2021.pdf,38,3,10,Angola | 0.749 | 0.674 | 0.494 | 0.593 | 9,Angola,0.749,0.674,0.494,0.593,9,,,,,,,,,,,,,,
1358,Energy  Petroleum Statistics Report-2021.pdf,38,3,11,Ethiopia | 0.657 | 0.674 | 0.519 | 0.587 | 10,Ethiopia,0.657,0.674,0.519,0.587,10,,,,,,,,,,,,,,
1359,Energy  Petroleum Statistics Report-2021.pdf,38,4,1,Page 38,Page 38,,,,,,,,,,,,,,,,,,,
1360,Energy  Petroleum Statistics Report-2021.pdf,39,1,1,Page 39,,Page 39,,,,,,,,,,,,,,,,,,
1361,Energy  Petroleum Statistics Report-2021.pdf,40,1,1,1. Oil Marketing Companies intending to trade in Jet A1 or other aviation petroleum fuels,1. Oil Marketing Companies intending to trade in Jet A1 or other aviation petroleum fuels,,,,,,,,,,,,,,,,,,,
1362,Energy  Petroleum Statistics Report-2021.pdf,40,1,2,a) Proof of General Aviation Insurance for Third Party Insurance liability with a minimum cover of USD 500 million b) Proof of ownership of into plane refueling dispenser or evidence of lease of the equipment from a licensed supplier of Jet A1 at the airport or airstrip of operation. c) Proof of office space at the airport or airstrip of operation. d) CR 12 from Registrar of Companies (not older than 12 months) for Limited Companies; Legible copies of Identification documents for directors (IDs/passports) e) Certificate of Incorporation/Business registration certificate Valid tax compliance certificate from Kenya Revenue Authority f) Single Business Permit for the office premises from the County Government Work permits Class “G” for foreign directors as per the CR12 g) Proof of application for membership to a National Oil Spill Contingency Group,a) Proof of General Aviation Insurance for Third Party Insurance liability with a minimum cover of USD 500 million b) Proof of ownership of into plane refueling dispenser or evidence of lease of the equipment from a licensed supplier of Jet A1 at the airport or airstrip of operation. c) Proof of office space at the airport or airstrip of operation. d) CR 12 from Registrar of Companies (not older than 12 months) for Limited Companies; Legible copies of Identification documents for directors (IDs/passports) e) Certificate of Incorporation/Business registration certificate Valid tax compliance certificate from Kenya Revenue Authority f) Single Business Permit for the office premises from the County Government Work permits Class “G” for foreign directors as per the CR12 g) Proof of application for membership to a National Oil Spill Contingency Group,,,,,,,,,,,,,,,,,,,
1363,Energy  Petroleum Statistics Report-2021.pdf,40,1,3,"2. Import, Export and Wholesale of Bitumen - New Application","2. Import, Export and Wholesale of Bitumen - New Application",,,,,,,,,,,,,,,,,,,
1364,Energy  Petroleum Statistics Report-2021.pdf,40,1,4,a) CR 12 from Registrar of Companies (not older than 12 months) for Limited Companies b) Legible copies of Identification documents for directors (IDs/passports) c) Certificate of Incorporation/Business registration certificate d) Valid tax compliance certificate from Kenya Revenue Authority e) Single Business Permit for the office premises from the County Government f) Work permits Class “G” for foreign directors as per the CR12,a) CR 12 from Registrar of Companies (not older than 12 months) for Limited Companies b) Legible copies of Identification documents for directors (IDs/passports) c) Certificate of Incorporation/Business registration certificate d) Valid tax compliance certificate from Kenya Revenue Authority e) Single Business Permit for the office premises from the County Government f) Work permits Class “G” for foreign directors as per the CR12,,,,,,,,,,,,,,,,,,,
1365,Energy  Petroleum Statistics Report-2021.pdf,40,1,5,"3. Import, Export and Wholesale of Bitumen - New Application","3. Import, Export and Wholesale of Bitumen - New Application",,,,,,,,,,,,,,,,,,,
1366,Energy  Petroleum Statistics Report-2021.pdf,40,1,6,a) CR 12 from Registrar of Companies (not older than 12 months) for Limited Companies b) Legible copies of Identification documents for directors (IDs/passports) c) Certificate of Incorporation/Business registration certificate d) Valid tax compliance certificate from Kenya Revenue Authority e) Single Business Permit for the office premises from the County Government f) Work permits Class “G” for foreign directors as per the CR12,a) CR 12 from Registrar of Companies (not older than 12 months) for Limited Companies b) Legible copies of Identification documents for directors (IDs/passports) c) Certificate of Incorporation/Business registration certificate d) Valid tax compliance certificate from Kenya Revenue Authority e) Single Business Permit for the office premises from the County Government f) Work permits Class “G” for foreign directors as per the CR12,,,,,,,,,,,,,,,,,,,
1367,Energy  Petroleum Statistics Report-2021.pdf,40,1,7,4. Bunkering of Petroleum Products (Except LPG) - New Application,4. Bunkering of Petroleum Products (Except LPG) - New Application,,,,,,,,,,,,,,,,,,,
1368,Energy  Petroleum Statistics Report-2021.pdf,40,1,8,a) CR 12 from Registrar of Companies (not older than 12 months) for Limited Companies; Legible copies of Identification documents for directors (IDs/passports) b) Certificate of Incorporation/Business registration certificate c) Valid tax compliance certificate from Kenya d) Revenue Authority Work permits Class “G” for foreign directors as per the CR12 e) Single Business Permit for the office premises from the County Government f) Proof of application for membership to a National Oil Spill Contingency Group,a) CR 12 from Registrar of Companies (not older than 12 months) for Limited Companies; Legible copies of Identification documents for directors (IDs/passports) b) Certificate of Incorporation/Business registration certificate c) Valid tax compliance certificate from Kenya d) Revenue Authority Work permits Class “G” for foreign directors as per the CR12 e) Single Business Permit for the office premises from the County Government f) Proof of application for membership to a National Oil Spill Contingency Group,,,,,,,,,,,,,,,,,,,
1369,Energy  Petroleum Statistics Report-2021.pdf,40,2,1,Page 40,Page 40,,,,,,,,,,,,,,,,,,,
1370,Energy  Petroleum Statistics Report-2021.pdf,41,1,1,5. Export and Wholesale of Petroleum Products (Except LPG) - New Application,5. Export and Wholesale of Petroleum Products (Except LPG) - New Application,,,,,,,,,,,,,,,,,,,
1371,Energy  Petroleum Statistics Report-2021.pdf,41,1,2,a) CR 12 from Registrar of Companies (not older than 12 months) for Limited Companies; Legible copies of Identification documents for directors (IDs/passports) b) Certificate of Incorporation/Business registration certificate Valid tax compliance certificate from Kenya Revenue Authority c) Single Business Permit for the office premises from the County Government Work permits Class “G” for foreign directors as per the CR12,a) CR 12 from Registrar of Companies (not older than 12 months) for Limited Companies; Legible copies of Identification documents for directors (IDs/passports) b) Certificate of Incorporation/Business registration certificate Valid tax compliance certificate from Kenya Revenue Authority c) Single Business Permit for the office premises from the County Government Work permits Class “G” for foreign directors as per the CR12,,,,,,,,,,,,,,,,,,,
1372,Energy  Petroleum Statistics Report-2021.pdf,41,1,3,6. Export and Wholesale of Jet A1 - New Application,6. Export and Wholesale of Jet A1 - New Application,,,,,,,,,,,,,,,,,,,
1373,Energy  Petroleum Statistics Report-2021.pdf,41,1,4,"a) CR12 from the Registrar of companies (Not older than one (1) year) for limited companies Valid Tax Compliance Certificate from Kenya Revenue Authority b) Legible Copies of Identification Documents i.e. IDs/Passports for all the Company directors c) Single Business Permit to operate business from the respective County Government Work Permits Class “G” for foreign directors as per CR12 d) Proof of ownership of into plane refueling dispenser or evidence of long-term lease of the equipment (minimum 5 years) from a licensed supplier of Jet A1 at the airport or airstrip of operation. e) Valid license for Import, Export and Wholesale of Petroleum Products (Except LPG) Proof of General Aviation Insurance for Third Party Insurance liability with a minimum cover of USD 500 million","a) CR12 from the Registrar of companies (Not older than one (1) year) for limited companies Valid Tax Compliance Certificate from Kenya Revenue Authority b) Legible Copies of Identification Documents i.e. IDs/Passports for all the Company directors c) Single Business Permit to operate business from the respective County Government Work Permits Class “G” for foreign directors as per CR12 d) Proof of ownership of into plane refueling dispenser or evidence of long-term lease of the equipment (minimum 5 years) from a licensed supplier of Jet A1 at the airport or airstrip of operation. e) Valid license for Import, Export and Wholesale of Petroleum Products (Except LPG) Proof of General Aviation Insurance for Third Party Insurance liability with a minimum cover of USD 500 million",,,,,,,,,,,,,,,,,,,
1374,Energy  Petroleum Statistics Report-2021.pdf,41,1,5,7. Storage of petroleum products (Except LPG) - New Application,7. Storage of petroleum products (Except LPG) - New Application,,,,,,,,,,,,,,,,,,,
1375,Energy  Petroleum Statistics Report-2021.pdf,41,1,6,a) CR 12 from Registrar of Companies (not older than 12 months) for Limited Companies; Legible copies of Identification documents for directors (IDs/passports) b) Certificate of Incorporation/Business registration certificate Valid tax compliance certificate from Kenya Revenue Authority c) Single Business Permit for the office premises from the County Government Work permits Class “G” for foreign directors as per the CR12 Environmental Impact Assessment license from NEMA d) Confirmation from KEBS that the facility complies with the Kenya Standard (Inspection Report) e) Fire clearance certificate from the respective County Government Certificate of registration of workplace from DOSHS f) Valid certificate of Calibration of the petroleum tanks,a) CR 12 from Registrar of Companies (not older than 12 months) for Limited Companies; Legible copies of Identification documents for directors (IDs/passports) b) Certificate of Incorporation/Business registration certificate Valid tax compliance certificate from Kenya Revenue Authority c) Single Business Permit for the office premises from the County Government Work permits Class “G” for foreign directors as per the CR12 Environmental Impact Assessment license from NEMA d) Confirmation from KEBS that the facility complies with the Kenya Standard (Inspection Report) e) Fire clearance certificate from the respective County Government Certificate of registration of workplace from DOSHS f) Valid certificate of Calibration of the petroleum tanks,,,,,,,,,,,,,,,,,,,
1376,Energy  Petroleum Statistics Report-2021.pdf,41,1,7,8. Transport of petroleum products (Except LPG) - New Application,8. Transport of petroleum products (Except LPG) - New Application,,,,,,,,,,,,,,,,,,,
1377,Energy  Petroleum Statistics Report-2021.pdf,41,1,8,a) CR 12 from Registrar of Companies (not older than 12 months) for Limited Companies; Legible copies of Identification documents for directors (IDs/passports) b) Certificate of incorporation/business registration certificate c) Work permits Class “G” for foreign directors as per the CR12 Valid tax compliance certificate from KRA; d) Single Business Permit for the office premises from the County Government A valid certificate of calibration for the tanker mounted on each vehicle e) Fire certificate for the vehicle from the County Government f) A valid Motor Vehicle Inspection Certificate for each prime mover and trailer g) Log books for each prime mover and trailer (Attach lease agreement if not in the name of owner/ company) h) A list of vehicles; prime mover paired to trailer where necessary (In Microsoft Excel),a) CR 12 from Registrar of Companies (not older than 12 months) for Limited Companies; Legible copies of Identification documents for directors (IDs/passports) b) Certificate of incorporation/business registration certificate c) Work permits Class “G” for foreign directors as per the CR12 Valid tax compliance certificate from KRA; d) Single Business Permit for the office premises from the County Government A valid certificate of calibration for the tanker mounted on each vehicle e) Fire certificate for the vehicle from the County Government f) A valid Motor Vehicle Inspection Certificate for each prime mover and trailer g) Log books for each prime mover and trailer (Attach lease agreement if not in the name of owner/ company) h) A list of vehicles; prime mover paired to trailer where necessary (In Microsoft Excel),,,,,,,,,,,,,,,,,,,
1378,Energy  Petroleum Statistics Report-2021.pdf,41,2,1,Page 41,,Page 41,,,,,,,,,,,,,,,,,,
1379,Energy  Petroleum Statistics Report-2021.pdf,42,1,1,9. Transport of by rail (Except LPG) - New Application,9. Transport of by rail (Except LPG) - New Application,,,,,,,,,,,,,,,,,,,
1380,Energy  Petroleum Statistics Report-2021.pdf,42,1,2,a) CR12 from the Registrar of companies (Not older than one (1) year) for limited companies b) Certificate of Incorporation / Business Registration Certificate c) Valid Tax Compliance Certificate from Kenya Revenue Authority d) Legible Copies of Identification Documents i.e. IDs/Passports for all the Company directors e) Single Business Permit to operate business from the respective County Government f) Work Permits Class “G” for foreign directors as per CR12 g) Scanned original copy of valid mechanical inspection certificate for each wagon h) Scanned original copy of valid certificate of calibration for each Petroleum Wagon i) Scanned original copy of fire certificate for each wagon from the County Government j) Scanned original copy of proof of ownership of each petroleum wagon or lease agreement with owner of the wagons k) List of locomotive drivers and their certifications l) Scanned original copy of valid Medical Surveillance certificate for each locomotive driver from DOSHS approved doctors,a) CR12 from the Registrar of companies (Not older than one (1) year) for limited companies b) Certificate of Incorporation / Business Registration Certificate c) Valid Tax Compliance Certificate from Kenya Revenue Authority d) Legible Copies of Identification Documents i.e. IDs/Passports for all the Company directors e) Single Business Permit to operate business from the respective County Government f) Work Permits Class “G” for foreign directors as per CR12 g) Scanned original copy of valid mechanical inspection certificate for each wagon h) Scanned original copy of valid certificate of calibration for each Petroleum Wagon i) Scanned original copy of fire certificate for each wagon from the County Government j) Scanned original copy of proof of ownership of each petroleum wagon or lease agreement with owner of the wagons k) List of locomotive drivers and their certifications l) Scanned original copy of valid Medical Surveillance certificate for each locomotive driver from DOSHS approved doctors,,,,,,,,,,,,,,,,,,,
1381,Energy  Petroleum Statistics Report-2021.pdf,42,1,3,10. Retail of petroleum products (Except LPG) - New Application,10. Retail of petroleum products (Except LPG) - New Application,,,,,,,,,,,,,,,,,,,
1382,Energy  Petroleum Statistics Report-2021.pdf,42,1,4,a) CR 12 from Registrar of Companies (not older than 12 months) for Limited Companies; b) Legible copies of Identification documents for directors (IDs/passports) c) Certificate of incorporation/business registration certificate d) Work permits Class “G” for foreign directors as per the CR12 e) Valid tax compliance certificate from KRA; f) Single Business Permit for the office premises from the County Government g) Proof of ownership of the petrol Service Station (Ownership documents of the petrol service station OR Long term lease (Minimum 5 years) h) Environmental Impact Assessment License (EIA) or Environmental Audit acknowledgement letter from NEMA i) Certificate of compliance with the Physical Planning Act of 1999 j) Fire certificate from the Chief Fire Officer Respective County Government; k) A valid copy of certificate of registration of work place from DOSHS l) A valid copy Fuel dispensing Meter calibration certificate(s) from Weights and Measures Department m) A valid certificate of calibration for the Underground Storage tank(s) n) A scanned copy of Pressure test Report for the Storage tank(s)(not older than 60 months,a) CR 12 from Registrar of Companies (not older than 12 months) for Limited Companies; b) Legible copies of Identification documents for directors (IDs/passports) c) Certificate of incorporation/business registration certificate d) Work permits Class “G” for foreign directors as per the CR12 e) Valid tax compliance certificate from KRA; f) Single Business Permit for the office premises from the County Government g) Proof of ownership of the petrol Service Station (Ownership documents of the petrol service station OR Long term lease (Minimum 5 years) h) Environmental Impact Assessment License (EIA) or Environmental Audit acknowledgement letter from NEMA i) Certificate of compliance with the Physical Planning Act of 1999 j) Fire certificate from the Chief Fire Officer Respective County Government; k) A valid copy of certificate of registration of work place from DOSHS l) A valid copy Fuel dispensing Meter calibration certificate(s) from Weights and Measures Department m) A valid certificate of calibration for the Underground Storage tank(s) n) A scanned copy of Pressure test Report for the Storage tank(s)(not older than 60 months,,,,,,,,,,,,,,,,,,,
1383,Energy  Petroleum Statistics Report-2021.pdf,42,1,5,11. Retail of petroleum products (Except LPG) - Renewal Application,11. Retail of petroleum products (Except LPG) - Renewal Application,,,,,,,,,,,,,,,,,,,
1384,Energy  Petroleum Statistics Report-2021.pdf,42,1,6,a) CR 12 from Registrar of Companies (not older than 12 months) for Limited Companies; b) Legible copies of Identification documents for directors (IDs/passports) c) Work permits Class “G” for foreign directors as per the CR12 d) Valid tax compliance certificate from KRA; e) Single Business Permit for the office premises from the County Government f) Environmental Impact Assessment licence (EIA) or Environmental Audit acknowledgement letter from NEMA g) Fire certificate from the Chief Fire Officer Respective County Government; h) A valid copy of certificate of registration of work place from DOSHS i) A valid copy Fuel dispensing Meter calibration certificate(s) from Weights and Measures Department j) A valid certificate of calibration for the Underground Storage tank(s) k) A scanned copy of Pressure Test Report for the Storage tank(s) (not older than 60 months,a) CR 12 from Registrar of Companies (not older than 12 months) for Limited Companies; b) Legible copies of Identification documents for directors (IDs/passports) c) Work permits Class “G” for foreign directors as per the CR12 d) Valid tax compliance certificate from KRA; e) Single Business Permit for the office premises from the County Government f) Environmental Impact Assessment licence (EIA) or Environmental Audit acknowledgement letter from NEMA g) Fire certificate from the Chief Fire Officer Respective County Government; h) A valid copy of certificate of registration of work place from DOSHS i) A valid copy Fuel dispensing Meter calibration certificate(s) from Weights and Measures Department j) A valid certificate of calibration for the Underground Storage tank(s) k) A scanned copy of Pressure Test Report for the Storage tank(s) (not older than 60 months,,,,,,,,,,,,,,,,,,,
1385,Energy  Petroleum Statistics Report-2021.pdf,42,2,1,Page 42,Page 42,,,,,,,,,,,,,,,,,,,
1386,Energy  Petroleum Statistics Report-2021.pdf,43,1,1,"12. Import, Export and Wholesale of Petroleum Products (Except LPG) - Renewal Application","12. Import, Export and Wholesale of Petroleum Products (Except LPG) - Renewal Application",,,,,,,,,,,,,,,,,,,
1387,Energy  Petroleum Statistics Report-2021.pdf,43,1,2,"a) CR 12 from Registrar of Companies (not older than 12 months) for Limited Companies; Legible copies of Identification documents for directors (IDs/passports) b) Valid Tax Compliance Certificate from Kenya Revenue Authority c) Single Business Permit for the office premises from the County Government Work permits Class “G” for foreign directors as per the CR12 d) Proof of valid membership to a National Oil Spill Contingency Group e) Proof of fulfilment of line fill obligations from Kenya Pipeline Company Limited Clearance letter from Kenya Maritime Authority (KMA) on Compliance with International Oil Pollution Compensation Fund f) Proof of online submission of annual purchases and sales data g) Proof of operations in Kenya with sales volume of a total 6.6 Million litres of either/or h) Combination of PMS, AGO or IK within 1 year or ownership of 5 licensed retail outlets that meet the Kenya Standard or Proof of ownership of one (1) licensed petroleum depot.","a) CR 12 from Registrar of Companies (not older than 12 months) for Limited Companies; Legible copies of Identification documents for directors (IDs/passports) b) Valid Tax Compliance Certificate from Kenya Revenue Authority c) Single Business Permit for the office premises from the County Government Work permits Class “G” for foreign directors as per the CR12 d) Proof of valid membership to a National Oil Spill Contingency Group e) Proof of fulfilment of line fill obligations from Kenya Pipeline Company Limited Clearance letter from Kenya Maritime Authority (KMA) on Compliance with International Oil Pollution Compensation Fund f) Proof of online submission of annual purchases and sales data g) Proof of operations in Kenya with sales volume of a total 6.6 Million litres of either/or h) Combination of PMS, AGO or IK within 1 year or ownership of 5 licensed retail outlets that meet the Kenya Standard or Proof of ownership of one (1) licensed petroleum depot.",,,,,,,,,,,,,,,,,,,
1388,Energy  Petroleum Statistics Report-2021.pdf,43,1,3,"13. Import, Export and Wholesale of Fuel Oil - Renewal Application","13. Import, Export and Wholesale of Fuel Oil - Renewal Application",,,,,,,,,,,,,,,,,,,
1389,Energy  Petroleum Statistics Report-2021.pdf,43,1,4,a) CR 12 from Registrar of Companies (not older than 12 months) for Limited Companies; Legible copies of Identification documents for directors (IDs/passports b) Valid Tax Compliance Certificate from Kenya Revenue Authority c) Single Business Permit for the office premises from the County Government Legible copies of Identification documents for directors (IDs/passports) Work permits Class “G” for foreign directors as per the CR12 d) Proof of membership to a National Oil Spill Contingency Group e) Clearance letter from Kenya Maritime Authority (KMA) on Compliance with International Oil Pollution Compensation Fund,a) CR 12 from Registrar of Companies (not older than 12 months) for Limited Companies; Legible copies of Identification documents for directors (IDs/passports b) Valid Tax Compliance Certificate from Kenya Revenue Authority c) Single Business Permit for the office premises from the County Government Legible copies of Identification documents for directors (IDs/passports) Work permits Class “G” for foreign directors as per the CR12 d) Proof of membership to a National Oil Spill Contingency Group e) Clearance letter from Kenya Maritime Authority (KMA) on Compliance with International Oil Pollution Compensation Fund,,,,,,,,,,,,,,,,,,,
1390,Energy  Petroleum Statistics Report-2021.pdf,43,1,5,"14. Import, Export and Wholesale of Bitumen-Renewal Application","14. Import, Export and Wholesale of Bitumen-Renewal Application",,,,,,,,,,,,,,,,,,,
1391,Energy  Petroleum Statistics Report-2021.pdf,43,1,6,a) CR 12 from Registrar of Companies (not older than 12 months old) for Limited Companies; b) Legible copies of Identification documents for directors (IDs/passports) Work permits Class “G” for foreign directors as per the CR12 c) Valid Tax Compliance Certificate from Kenya Revenue Authority d) Single Business Permit for the office premises from the County Government,a) CR 12 from Registrar of Companies (not older than 12 months old) for Limited Companies; b) Legible copies of Identification documents for directors (IDs/passports) Work permits Class “G” for foreign directors as per the CR12 c) Valid Tax Compliance Certificate from Kenya Revenue Authority d) Single Business Permit for the office premises from the County Government,,,,,,,,,,,,,,,,,,,
1392,Energy  Petroleum Statistics Report-2021.pdf,43,1,7,15. Bunkering of Petroleum Products (Except LPG) - Renewal Application,15. Bunkering of Petroleum Products (Except LPG) - Renewal Application,,,,,,,,,,,,,,,,,,,
1393,Energy  Petroleum Statistics Report-2021.pdf,43,1,8,e) CR 12 from Registrar of Companies (not older than 12 months) for Limited Companies; Legible copies of Identification documents for directors (IDs/passports) f) Certificate of Incorporation/Business registration certificate g) Valid tax compliance certificate from Kenya Revenue Authority h) Work permits Class “G” for foreign directors as per the CR12 i) Single Business Permit for the office premises from the County Government j) Proof of membership to a National Oil Spill Contingency Group.,e) CR 12 from Registrar of Companies (not older than 12 months) for Limited Companies; Legible copies of Identification documents for directors (IDs/passports) f) Certificate of Incorporation/Business registration certificate g) Valid tax compliance certificate from Kenya Revenue Authority h) Work permits Class “G” for foreign directors as per the CR12 i) Single Business Permit for the office premises from the County Government j) Proof of membership to a National Oil Spill Contingency Group.,,,,,,,,,,,,,,,,,,,
1394,Energy  Petroleum Statistics Report-2021.pdf,43,1,9,16. Export and Wholesale of Petroleum Products (Except LPG) - Renewal Application,16. Export and Wholesale of Petroleum Products (Except LPG) - Renewal Application,,,,,,,,,,,,,,,,,,,
1395,Energy  Petroleum Statistics Report-2021.pdf,43,1,10,a) CR 12 from Registrar of Companies (not older than 12 months) for Limited Companies; b) Legible copies of Identification documents for directors (IDs/passports) c) Work permits Class “G” for foreign directors as per the CR12 d) Valid tax compliance certificate from KRA; e) Single Business Permit for the office premises from the County Government,a) CR 12 from Registrar of Companies (not older than 12 months) for Limited Companies; b) Legible copies of Identification documents for directors (IDs/passports) c) Work permits Class “G” for foreign directors as per the CR12 d) Valid tax compliance certificate from KRA; e) Single Business Permit for the office premises from the County Government,,,,,,,,,,,,,,,,,,,
1396,Energy  Petroleum Statistics Report-2021.pdf,43,2,1,Page 43,,Page 43,,,,,,,,,,,,,,,,,,
1397,Energy  Petroleum Statistics Report-2021.pdf,44,1,1,17. Export and Wholesale of Jet A1 - Renewal Application,17. Export and Wholesale of Jet A1 - Renewal Application,,,,,,,,,,,,,,,,,,,
1398,Energy  Petroleum Statistics Report-2021.pdf,44,1,2,"a) CR12 from the Registrar of companies (Not older than one (1) year) for limited companies b) Valid Tax Compliance Certificate from Kenya Revenue Authority c) Legible Copies of Identification Documents i.e. IDs/Passports for all the Company directors d) Single Business Permit to operate business from the respective County Government e) Work Permits Class “G” for foreign directors as per CR12 f) Proof of ownership of into plane refueling dispenser or evidence of long-term lease of the equipment (minimum 5 years) from a licensed supplier of Jet A1 at the airport or airstrip of operation. g) Valid licence for Import, Export and Wholesale of Petroleum Products (Except LPG) h) Proof of General Aviation Insurance for Third Party Insurance liability with a minimum cover of USD 500 million","a) CR12 from the Registrar of companies (Not older than one (1) year) for limited companies b) Valid Tax Compliance Certificate from Kenya Revenue Authority c) Legible Copies of Identification Documents i.e. IDs/Passports for all the Company directors d) Single Business Permit to operate business from the respective County Government e) Work Permits Class “G” for foreign directors as per CR12 f) Proof of ownership of into plane refueling dispenser or evidence of long-term lease of the equipment (minimum 5 years) from a licensed supplier of Jet A1 at the airport or airstrip of operation. g) Valid licence for Import, Export and Wholesale of Petroleum Products (Except LPG) h) Proof of General Aviation Insurance for Third Party Insurance liability with a minimum cover of USD 500 million",,,,,,,,,,,,,,,,,,,
1399,Energy  Petroleum Statistics Report-2021.pdf,44,1,3,18. Storage of petroleum products (Except LPG) - Renewal Application,18. Storage of petroleum products (Except LPG) - Renewal Application,,,,,,,,,,,,,,,,,,,
1400,Energy  Petroleum Statistics Report-2021.pdf,44,1,4,a) CR 12 from Registrar of Companies (not older than 12 months) for Limited Companies; b) Legible copies of Identification documents for directors (IDs/passports) c) Valid Tax Compliance Certificate from Kenya Revenue Authority d) Single Business Permit for the office premises from the County Government e) Work permits Class “G” for foreign directors as per the CR12 f) Proof of undertaking of annual Environmental Audit acknowledgement letter from NEMA g) Fire clearance certificate from the respective County Government h) Certificate of registration of workplace from DOSHS i) Proof of submission of monthly stocks data j) Valid certificate of Calibration of the petroleum,a) CR 12 from Registrar of Companies (not older than 12 months) for Limited Companies; b) Legible copies of Identification documents for directors (IDs/passports) c) Valid Tax Compliance Certificate from Kenya Revenue Authority d) Single Business Permit for the office premises from the County Government e) Work permits Class “G” for foreign directors as per the CR12 f) Proof of undertaking of annual Environmental Audit acknowledgement letter from NEMA g) Fire clearance certificate from the respective County Government h) Certificate of registration of workplace from DOSHS i) Proof of submission of monthly stocks data j) Valid certificate of Calibration of the petroleum,,,,,,,,,,,,,,,,,,,
1401,Energy  Petroleum Statistics Report-2021.pdf,44,1,5,19. Transport of petroleum products (Except LPG)- Renewal Application,19. Transport of petroleum products (Except LPG)- Renewal Application,,,,,,,,,,,,,,,,,,,
1402,Energy  Petroleum Statistics Report-2021.pdf,44,1,6,a) CR 12 from Registrar of Companies (not older than 12 months) for Limited Companies; b) Legible copies of Identification documents for directors (IDs/passports) c) Valid tax compliance certificate from KRA; d) Work permits Class “G” for foreign directors as per the CR12 e) Single Business Permit for the office premises from the County Government f) A valid certificate of calibration for the tanker mounted on each vehicle g) Fire certificate for the vehicle from the County Government h) A valid Motor Vehicle Inspection Certificate for each prime mover and trailer i) Logbooks for each prime mover and trailer (Attach lease agreement if not in the name of owner/company) j) A list of vehicles; prime mover paired to trailer where necessary (In Microsoft Excel),a) CR 12 from Registrar of Companies (not older than 12 months) for Limited Companies; b) Legible copies of Identification documents for directors (IDs/passports) c) Valid tax compliance certificate from KRA; d) Work permits Class “G” for foreign directors as per the CR12 e) Single Business Permit for the office premises from the County Government f) A valid certificate of calibration for the tanker mounted on each vehicle g) Fire certificate for the vehicle from the County Government h) A valid Motor Vehicle Inspection Certificate for each prime mover and trailer i) Logbooks for each prime mover and trailer (Attach lease agreement if not in the name of owner/company) j) A list of vehicles; prime mover paired to trailer where necessary (In Microsoft Excel),,,,,,,,,,,,,,,,,,,
1403,Energy  Petroleum Statistics Report-2021.pdf,44,1,7,20. Transport of by rail (Except LPG) - Renewal Application,20. Transport of by rail (Except LPG) - Renewal Application,,,,,,,,,,,,,,,,,,,
1404,Energy  Petroleum Statistics Report-2021.pdf,44,1,8,a) CR12 from the Registrar of companies (Not older than one (1) year) for limited companies b) Valid Tax Compliance Certificate from Kenya Revenue Authority c) Legible Copies of Identification Documents i.e. IDs/Passports for all the Company directors d) Single Business Permit to operate business from the respective County Government e) Work Permits Class “G” for foreign directors as per CR12 f) Scanned original copy of valid mechanical inspection certificate for each wagon g) Scanned original copy of valid certificate of calibration for each Petroleum Wagon h) Scanned original copy of fire certificate for each wagon from the County Government i) Scanned original copy of proof of ownership of each petroleum wagon or lease agreement with owner of the wagons j) List of locomotive drivers and their certifications k) Scanned original copy of valid Medical Surveillance certificate for each locomotive driver from DOSHS approved doctors,a) CR12 from the Registrar of companies (Not older than one (1) year) for limited companies b) Valid Tax Compliance Certificate from Kenya Revenue Authority c) Legible Copies of Identification Documents i.e. IDs/Passports for all the Company directors d) Single Business Permit to operate business from the respective County Government e) Work Permits Class “G” for foreign directors as per CR12 f) Scanned original copy of valid mechanical inspection certificate for each wagon g) Scanned original copy of valid certificate of calibration for each Petroleum Wagon h) Scanned original copy of fire certificate for each wagon from the County Government i) Scanned original copy of proof of ownership of each petroleum wagon or lease agreement with owner of the wagons j) List of locomotive drivers and their certifications k) Scanned original copy of valid Medical Surveillance certificate for each locomotive driver from DOSHS approved doctors,,,,,,,,,,,,,,,,,,,
1405,Energy  Petroleum Statistics Report-2021.pdf,44,2,1,Page 44,Page 44,,,,,,,,,,,,,,,,,,,
1406,Energy  Petroleum Statistics Report-2021.pdf,45,1,1,"1. Import, Export and Wholesale of LPG in Bulk - New Application","1. Import, Export and Wholesale of LPG in Bulk - New Application",,,,,,,,,,,,,,,,,,,
1407,Energy  Petroleum Statistics Report-2021.pdf,45,1,2,a) CR 12 from Registrar of Companies (not older than 12 months) for Limited Companies; b) Identification documents (IDs or Passports) for all the directors; c) Certificate of incorporation/business registration certificate d) Work permits Class “G” for foreign directors as per the CR12 e) Valid tax compliance certificate from KRA; f) Single Business Permit to for the premises from the County Government,a) CR 12 from Registrar of Companies (not older than 12 months) for Limited Companies; b) Identification documents (IDs or Passports) for all the directors; c) Certificate of incorporation/business registration certificate d) Work permits Class “G” for foreign directors as per the CR12 e) Valid tax compliance certificate from KRA; f) Single Business Permit to for the premises from the County Government,,,,,,,,,,,,,,,,,,,
1408,Energy  Petroleum Statistics Report-2021.pdf,45,1,3,2. Export and Wholesale of LPG in Bulk - New Application,2. Export and Wholesale of LPG in Bulk - New Application,,,,,,,,,,,,,,,,,,,
1409,Energy  Petroleum Statistics Report-2021.pdf,45,1,4,a) CR 12 from Registrar of Companies (not older than 12 months) for Limited Companies; b) Identification documents (IDs or Passports) for all the directors; c) Certificate of incorporation/business registration certificate d) Work permits Class “G” for foreign directors as per the CR12 e) Valid tax compliance certificate from KRA; f) Single Business Permit to for the premises from the County Government g) Letter of intent from a licensed LPG Importer,a) CR 12 from Registrar of Companies (not older than 12 months) for Limited Companies; b) Identification documents (IDs or Passports) for all the directors; c) Certificate of incorporation/business registration certificate d) Work permits Class “G” for foreign directors as per the CR12 e) Valid tax compliance certificate from KRA; f) Single Business Permit to for the premises from the County Government g) Letter of intent from a licensed LPG Importer,,,,,,,,,,,,,,,,,,,
1410,Energy  Petroleum Statistics Report-2021.pdf,45,1,5,3. Wholesale of LPG in Cylinders - New Application,3. Wholesale of LPG in Cylinders - New Application,,,,,,,,,,,,,,,,,,,
1411,Energy  Petroleum Statistics Report-2021.pdf,45,1,6,"a) CR 12 from Registrar of Companies (not older than 12 months) for Limited Companies; b) Identification documents (IDs or Passports) for all the directors; c) Certificate of incorporation/business registration certificate d) Work permits Class “G” for foreign directors as per the CR12 e) Valid tax compliance certificate from KRA; f) Single Business Permit to for the premises from the County Government g) Fire clearance certificate from the respective County Government h) Certificate of registration of workplace from DOSHS i) Proof of importation/manufacture of 5,000 cylinders of either 1, 3, 6 or 13kgs (Attach cylinder count report from ERC)/Authority for distributing cylinders from a licensed LPG cylinder brand owner j) Proof of cylinder brand ownership registration from Kenya Industrial Property Institute (KIPI)/letter of authority from brand owner k) Weighing scale calibration certificate from Weights and Measures Department","a) CR 12 from Registrar of Companies (not older than 12 months) for Limited Companies; b) Identification documents (IDs or Passports) for all the directors; c) Certificate of incorporation/business registration certificate d) Work permits Class “G” for foreign directors as per the CR12 e) Valid tax compliance certificate from KRA; f) Single Business Permit to for the premises from the County Government g) Fire clearance certificate from the respective County Government h) Certificate of registration of workplace from DOSHS i) Proof of importation/manufacture of 5,000 cylinders of either 1, 3, 6 or 13kgs (Attach cylinder count report from ERC)/Authority for distributing cylinders from a licensed LPG cylinder brand owner j) Proof of cylinder brand ownership registration from Kenya Industrial Property Institute (KIPI)/letter of authority from brand owner k) Weighing scale calibration certificate from Weights and Measures Department",,,,,,,,,,,,,,,,,,,
1412,Energy  Petroleum Statistics Report-2021.pdf,45,2,1,Page 45,,Page 45,,,,,,,,,,,,,,,,,,
1413,Energy  Petroleum Statistics Report-2021.pdf,46,1,1,4. Storage & Filling of LPG in Bulk - New,4. Storage & Filling of LPG in Bulk - New,,,,,,,,,,,,,,,,,,,
1414,Energy  Petroleum Statistics Report-2021.pdf,46,1,2,"a) CR 12 from Registrar of Companies (not older than 12 months old) for Limited Companies; b) Certificate of Incorporation/Business registration certificate c) Valid tax compliance certificate from Kenya Revenue Authority d) Single Business Permit for the premises from the County Government e) Legible copies of Identification documents for directors (IDs/passports) f) Work permits Class “G” for foreign directors as per the CR12 g) Environmental Impact Assessment license from NEMA h) Fire clearance certificate from the respective County Government i) Confirmation from Kenya Bureau of Standards that the facility complies with the Kenya Standard (Inspection Report) j) Certificate of registration of workplace from DOSHS k) Proof of importation/manufacture of 5,000 cylinders of either 1, 3, 6 or 13kgs (Attach cylinder count report from ERC)/Authority for filling of cylinders from licensed LPG cylinder brand owners l) Proof of cylinder brand ownership registration from Kenya Industrial Property Institute (KIPI)/letter of authority from brand owner m) Weighing scale calibration certificate from Weights and Measures Department n) Valid calibration certificate (s) for the LPG tank (s) o) Valid report (s) on Examination of LPG tank (s) from DOSHS approved Inspector","a) CR 12 from Registrar of Companies (not older than 12 months old) for Limited Companies; b) Certificate of Incorporation/Business registration certificate c) Valid tax compliance certificate from Kenya Revenue Authority d) Single Business Permit for the premises from the County Government e) Legible copies of Identification documents for directors (IDs/passports) f) Work permits Class “G” for foreign directors as per the CR12 g) Environmental Impact Assessment license from NEMA h) Fire clearance certificate from the respective County Government i) Confirmation from Kenya Bureau of Standards that the facility complies with the Kenya Standard (Inspection Report) j) Certificate of registration of workplace from DOSHS k) Proof of importation/manufacture of 5,000 cylinders of either 1, 3, 6 or 13kgs (Attach cylinder count report from ERC)/Authority for filling of cylinders from licensed LPG cylinder brand owners l) Proof of cylinder brand ownership registration from Kenya Industrial Property Institute (KIPI)/letter of authority from brand owner m) Weighing scale calibration certificate from Weights and Measures Department n) Valid calibration certificate (s) for the LPG tank (s) o) Valid report (s) on Examination of LPG tank (s) from DOSHS approved Inspector",,,,,,,,,,,,,,,,,,,
1415,Energy  Petroleum Statistics Report-2021.pdf,46,1,3,5. Transport of LPG in bulk - New Application,5. Transport of LPG in bulk - New Application,,,,,,,,,,,,,,,,,,,
1416,Energy  Petroleum Statistics Report-2021.pdf,46,1,4,a) CR 12 from Registrar of Companies (not older than 12 months) for Limited Companies; b) Legible copies of Identification documents for directors (IDs/passports) c) Certificate of incorporation/business registration certificate d) Work permits Class “G” for foreign directors as per the CR12 e) Valid tax compliance certificate from KRA; f) Single Business Permit for the office premises from the County Government g) A valid certificate of calibration for the tanker mounted on each vehicle h) Fire certificate for the vehicle from the County Government office by Chief Fire Officer i) A valid Motor Vehicle Inspection Certificate for each prime mover and trailer j) Logbooks for each prime mover and trailer (Attach lease agreement if not in the name of owner/ company) k) Valid report on examination for LPG tank mounted on each vehicle l) A list of vehicles; prime mover paired to trailer where necessary (In Microsoft Excel),a) CR 12 from Registrar of Companies (not older than 12 months) for Limited Companies; b) Legible copies of Identification documents for directors (IDs/passports) c) Certificate of incorporation/business registration certificate d) Work permits Class “G” for foreign directors as per the CR12 e) Valid tax compliance certificate from KRA; f) Single Business Permit for the office premises from the County Government g) A valid certificate of calibration for the tanker mounted on each vehicle h) Fire certificate for the vehicle from the County Government office by Chief Fire Officer i) A valid Motor Vehicle Inspection Certificate for each prime mover and trailer j) Logbooks for each prime mover and trailer (Attach lease agreement if not in the name of owner/ company) k) Valid report on examination for LPG tank mounted on each vehicle l) A list of vehicles; prime mover paired to trailer where necessary (In Microsoft Excel),,,,,,,,,,,,,,,,,,,
1417,Energy  Petroleum Statistics Report-2021.pdf,46,1,5,6. Retail of LPG in Cylinders - New Application,6. Retail of LPG in Cylinders - New Application,,,,,,,,,,,,,,,,,,,
1418,Energy  Petroleum Statistics Report-2021.pdf,46,1,6,a) CR12 from the Registrar of companies (Not older than one (1) year) for limited companies b) Certificate of Incorporation / Business Registration Certificate c) Valid Tax Compliance Certificate from Kenya Revenue Authority d) Legible Copies of Identification Documents i.e. IDs/Passports for all the Company directors e) Single Business Permit to operate business from the respective County Government f) Work Permits Class “G” for foreign directors as per CR12 g) Scanned copy of distributorship agreement from LPG Cylinder brand owner or licensed wholesaler h) Scanned original copy of a valid weighing scale calibration certificate from Weights and Measures department i) Scanned original copy of a valid fire certificate for the premises from the County Government,a) CR12 from the Registrar of companies (Not older than one (1) year) for limited companies b) Certificate of Incorporation / Business Registration Certificate c) Valid Tax Compliance Certificate from Kenya Revenue Authority d) Legible Copies of Identification Documents i.e. IDs/Passports for all the Company directors e) Single Business Permit to operate business from the respective County Government f) Work Permits Class “G” for foreign directors as per CR12 g) Scanned copy of distributorship agreement from LPG Cylinder brand owner or licensed wholesaler h) Scanned original copy of a valid weighing scale calibration certificate from Weights and Measures department i) Scanned original copy of a valid fire certificate for the premises from the County Government,,,,,,,,,,,,,,,,,,,
1419,Energy  Petroleum Statistics Report-2021.pdf,46,2,1,Page 46,Page 46,,,,,,,,,,,,,,,,,,,
1420,Energy  Petroleum Statistics Report-2021.pdf,47,1,1,7. Retail of LPG in Cylinders - Renewal Application,7. Retail of LPG in Cylinders - Renewal Application,,,,,,,,,,,,,,,,,,,
1421,Energy  Petroleum Statistics Report-2021.pdf,47,1,2,a) CR12 from the Registrar of companies (Not older than one (1) year) for limited companies b) Valid Tax Compliance Certificate from Kenya Revenue Authority c) Legible Copies of Identification Documents i.e. IDs/Passports for all the Company directors d) Single Business Permit to operate business from the respective County Government e) Work Permits Class “G” for foreign directors as per CR12 f) Scanned copy of distributorship agreement from LPG Cylinder brand owner or licensed wholesaler g) Scanned original copy of a valid weighing scale calibration certificate from Weights and Measures department h) Scanned original copy of a valid fire certificate for the premises from the County Government,a) CR12 from the Registrar of companies (Not older than one (1) year) for limited companies b) Valid Tax Compliance Certificate from Kenya Revenue Authority c) Legible Copies of Identification Documents i.e. IDs/Passports for all the Company directors d) Single Business Permit to operate business from the respective County Government e) Work Permits Class “G” for foreign directors as per CR12 f) Scanned copy of distributorship agreement from LPG Cylinder brand owner or licensed wholesaler g) Scanned original copy of a valid weighing scale calibration certificate from Weights and Measures department h) Scanned original copy of a valid fire certificate for the premises from the County Government,,,,,,,,,,,,,,,,,,,
1422,Energy  Petroleum Statistics Report-2021.pdf,47,1,3,"8. Import, Export and Wholesale of LPG in Bulk - Renewal Application","8. Import, Export and Wholesale of LPG in Bulk - Renewal Application",,,,,,,,,,,,,,,,,,,
1423,Energy  Petroleum Statistics Report-2021.pdf,47,1,4,a) CR 12 from Registrar of Companies (not older than 12 months) for Limited Companies; b) Identification documents (IDs or Passports) for all the directors; c) Work permits Class “G” for foreign directors as per the CR12 d) Valid tax compliance certificate from KRA; e) Single Business Permit to for the premises from the County Government f) Proof of annual data submission,a) CR 12 from Registrar of Companies (not older than 12 months) for Limited Companies; b) Identification documents (IDs or Passports) for all the directors; c) Work permits Class “G” for foreign directors as per the CR12 d) Valid tax compliance certificate from KRA; e) Single Business Permit to for the premises from the County Government f) Proof of annual data submission,,,,,,,,,,,,,,,,,,,
1424,Energy  Petroleum Statistics Report-2021.pdf,47,1,5,9. Export and Wholesale of LPG in Bulk - Renewal Application,9. Export and Wholesale of LPG in Bulk - Renewal Application,,,,,,,,,,,,,,,,,,,
1425,Energy  Petroleum Statistics Report-2021.pdf,47,1,6,a) CR 12 from Registrar of Companies (not older than 12 months old) for Limited Companies; b) Identification documents (IDs or Passports) for all the directors; c) Work permits Class “G” for foreign directors as per the CR12 d) Valid tax compliance certificate from KRA; e) Single Business Permit to for the premises from the County Government,a) CR 12 from Registrar of Companies (not older than 12 months old) for Limited Companies; b) Identification documents (IDs or Passports) for all the directors; c) Work permits Class “G” for foreign directors as per the CR12 d) Valid tax compliance certificate from KRA; e) Single Business Permit to for the premises from the County Government,,,,,,,,,,,,,,,,,,,
1426,Energy  Petroleum Statistics Report-2021.pdf,47,1,7,10. Wholesale of LPG in Cylinders - Renewal Application,10. Wholesale of LPG in Cylinders - Renewal Application,,,,,,,,,,,,,,,,,,,
1427,Energy  Petroleum Statistics Report-2021.pdf,47,1,8,a) CR 12 from Registrar of Companies (not older than 12 months) for Limited Companies; b) Identification documents (IDs or Passports) for all the directors; c) Work permits Class “G” for foreign directors as per the CR12 d) Valid tax compliance certificate from KRA; e) Single Business Permit to for the premises from the County Government f) Fire clearance certificate from the respective County Government,a) CR 12 from Registrar of Companies (not older than 12 months) for Limited Companies; b) Identification documents (IDs or Passports) for all the directors; c) Work permits Class “G” for foreign directors as per the CR12 d) Valid tax compliance certificate from KRA; e) Single Business Permit to for the premises from the County Government f) Fire clearance certificate from the respective County Government,,,,,,,,,,,,,,,,,,,
1428,Energy  Petroleum Statistics Report-2021.pdf,47,1,9,11. Storage & Filling of LPG in Bulk - Renewal,11. Storage & Filling of LPG in Bulk - Renewal,,,,,,,,,,,,,,,,,,,
1429,Energy  Petroleum Statistics Report-2021.pdf,47,1,10,"a) CR 12 from Registrar of Companies (not older than 12 months old) for Limited Companies; b) Valid Tax Compliance Certificate from Kenya Revenue Authority Single Business Permit for the premises from the County Government Legible copies of Identification documents for directors (IDs/passports) Work permits Class “G” for foreign directors as per the CR12 c) Proof of undertaking of annual Environmental Audit acknowledgement letter from NEMA d) Fire clearance certificate from the respective County Government Certificate of registration of workplace from DOSHS e) A valid certificate of weighing scale calibration from Weights and Measures Department Valid calibration certificate (s) for the LPG tank (s) f) Valid report (s) on Examination of LPG tank (s) from DOSH approved Inspector Proof of importation/ manufacture of 5,000 cylinders of either 1, 3, 6 or 13kgs (Attach cylinder count report from ERC)/ Authority for filling of cylinders from licensed LPG cylinder brand owners","a) CR 12 from Registrar of Companies (not older than 12 months old) for Limited Companies; b) Valid Tax Compliance Certificate from Kenya Revenue Authority Single Business Permit for the premises from the County Government Legible copies of Identification documents for directors (IDs/passports) Work permits Class “G” for foreign directors as per the CR12 c) Proof of undertaking of annual Environmental Audit acknowledgement letter from NEMA d) Fire clearance certificate from the respective County Government Certificate of registration of workplace from DOSHS e) A valid certificate of weighing scale calibration from Weights and Measures Department Valid calibration certificate (s) for the LPG tank (s) f) Valid report (s) on Examination of LPG tank (s) from DOSH approved Inspector Proof of importation/ manufacture of 5,000 cylinders of either 1, 3, 6 or 13kgs (Attach cylinder count report from ERC)/ Authority for filling of cylinders from licensed LPG cylinder brand owners",,,,,,,,,,,,,,,,,,,
1430,Energy  Petroleum Statistics Report-2021.pdf,47,2,1,Page 47,,Page 47,,,,,,,,,,,,,,,,,,
1431,Energy  Petroleum Statistics Report-2021.pdf,48,1,1,12. Transport of LPG in bulk - Renewal Application,12. Transport of LPG in bulk - Renewal Application,,,,,,,,,,,,,,,,,,,
1432,Energy  Petroleum Statistics Report-2021.pdf,48,1,2,a) CR 12 from Registrar of Companies (not older than 12 months old) for Limited Companies; b) Legible copies of Identification documents for directors (IDs/passports) Work permits Class “G” for foreign directors as per the CR12 c) Valid tax compliance certificate from KRA; d) Single Business Permit for the office premises from the County Government A valid certificate of calibration for the tanker mounted on each vehicle e) Fire certificate for the vehicle from the County Government office by Chief Fire Officer A Valid Motor Vehicle Inspection Certificate for each prime mover and trailer f) Logbooks for each prime mover and trailer (Attach lease agreement if not in the name of owner/ company) g) Valid report on examination for LPG tank mounted on each vehicle h) A list of vehicles; prime mover paired to trailer where necessary (In Microsoft Excel),a) CR 12 from Registrar of Companies (not older than 12 months old) for Limited Companies; b) Legible copies of Identification documents for directors (IDs/passports) Work permits Class “G” for foreign directors as per the CR12 c) Valid tax compliance certificate from KRA; d) Single Business Permit for the office premises from the County Government A valid certificate of calibration for the tanker mounted on each vehicle e) Fire certificate for the vehicle from the County Government office by Chief Fire Officer A Valid Motor Vehicle Inspection Certificate for each prime mover and trailer f) Logbooks for each prime mover and trailer (Attach lease agreement if not in the name of owner/ company) g) Valid report on examination for LPG tank mounted on each vehicle h) A list of vehicles; prime mover paired to trailer where necessary (In Microsoft Excel),,,,,,,,,,,,,,,,,,,
1433,Energy  Petroleum Statistics Report-2021.pdf,48,1,3,13. Driver Certification (Petroleum products including LPG),13. Driver Certification (Petroleum products including LPG),,,,,,,,,,,,,,,,,,,
1434,Energy  Petroleum Statistics Report-2021.pdf,48,1,4,a) Valid Tax Compliance Certificate from Kenya Revenue Authority b) Single Business Permit for the office premises from the County Government Legible copies of Identification documents for directors (IDs/passports) Work permits Class “G” for foreign directors as per the CR12 c) Proof of membership to a National Oil Spill Contingency Group d) Clearance letter from Kenya Maritime Authority (KMA) on Compliance with International Oil Pollution Compensation Fund,a) Valid Tax Compliance Certificate from Kenya Revenue Authority b) Single Business Permit for the office premises from the County Government Legible copies of Identification documents for directors (IDs/passports) Work permits Class “G” for foreign directors as per the CR12 c) Proof of membership to a National Oil Spill Contingency Group d) Clearance letter from Kenya Maritime Authority (KMA) on Compliance with International Oil Pollution Compensation Fund,,,,,,,,,,,,,,,,,,,
1435,Energy  Petroleum Statistics Report-2021.pdf,48,2,1,Page 48,Page 48,,,,,,,,,,,,,,,,,,,
1436,Energy  Petroleum Statistics Report-2021.pdf,49,1,1,Company | Installed Capacity | Effective Capacity,Company,Installed Capacity,Effective Capacity,,,,,,,,,,,,,,,,,
1437,Energy  Petroleum Statistics Report-2021.pdf,49,1,2,1. KenGen,1. KenGen,,,,,,,,,,,,,,,,,,,
1438,Energy  Petroleum Statistics Report-2021.pdf,49,1,3,a) Hydro Power Plants,a) Hydro Power Plants,,,,,,,,,,,,,,,,,,,
1439,Energy  Petroleum Statistics Report-2021.pdf,49,1,4,Tana | 20.0 | 20.0,Tana,20.0,20.0,,,,,,,,,,,,,,,,,
1440,Energy  Petroleum Statistics Report-2021.pdf,49,1,5,Kamburu | 94.2 | 90.0,Kamburu,94.2,90.0,,,,,,,,,,,,,,,,,
1441,Energy  Petroleum Statistics Report-2021.pdf,49,1,6,Gitaru | 225.0 | 216.0,Gitaru,225.0,216.0,,,,,,,,,,,,,,,,,
1442,Energy  Petroleum Statistics Report-2021.pdf,49,1,7,Kindaruma | 72.0 | 70.5,Kindaruma,72.0,70.5,,,,,,,,,,,,,,,,,
1443,Energy  Petroleum Statistics Report-2021.pdf,49,1,8,Masinga | 40.0 | 40.0,Masinga,40.0,40.0,,,,,,,,,,,,,,,,,
1444,Energy  Petroleum Statistics Report-2021.pdf,49,1,9,Kiambere | 168.0 | 164.0,Kiambere,168.0,164.0,,,,,,,,,,,,,,,,,
1445,Energy  Petroleum Statistics Report-2021.pdf,49,1,10,Turkwel | 106.0 | 105.0,Turkwel,106.0,105.0,,,,,,,,,,,,,,,,,
1446,Energy  Petroleum Statistics Report-2021.pdf,49,1,11,Sondu Miriu | 60.0 | 60.0,Sondu Miriu,60.0,60.0,,,,,,,,,,,,,,,,,
1447,Energy  Petroleum Statistics Report-2021.pdf,49,1,12,Sangoro | 21.0 | 20.0,Sangoro,21.0,20.0,,,,,,,,,,,,,,,,,
1448,Energy  Petroleum Statistics Report-2021.pdf,49,1,13,Small Hydros | 11.7 | 11.2,Small Hydros,11.7,11.2,,,,,,,,,,,,,,,,,
1449,Energy  Petroleum Statistics Report-2021.pdf,49,1,14,Hydro Total | 818 | 797,Hydro Total,818,797,,,,,,,,,,,,,,,,,
1450,Energy  Petroleum Statistics Report-2021.pdf,49,1,15,b) Thermal Power Plants,b) Thermal Power Plants,,,,,,,,,,,,,,,,,,,
1451,Energy  Petroleum Statistics Report-2021.pdf,49,1,16,Kipevu I Diesel | 73.5 | 60.0,Kipevu I Diesel,73.5,60.0,,,,,,,,,,,,,,,,,
1452,Energy  Petroleum Statistics Report-2021.pdf,49,1,17,Kipevu 3 Diesel | 120.0 | 115.0,Kipevu 3 Diesel,120.0,115.0,,,,,,,,,,,,,,,,,
1453,Energy  Petroleum Statistics Report-2021.pdf,49,1,18,Muhoroni GT | 60.0 | 56.0,Muhoroni GT,60.0,56.0,,,,,,,,,,,,,,,,,
1454,Energy  Petroleum Statistics Report-2021.pdf,49,1,19,Thermal Total | 254 | 231,Thermal Total,254,231,,,,,,,,,,,,,,,,,
1455,Energy  Petroleum Statistics Report-2021.pdf,49,1,20,c) Geothermal Power Plants,c) Geothermal Power Plants,,,,,,,,,,,,,,,,,,,
1456,Energy  Petroleum Statistics Report-2021.pdf,49,1,21,Olkaria I | 45 | 44,Olkaria I,45,44,,,,,,,,,,,,,,,,,
1457,Energy  Petroleum Statistics Report-2021.pdf,49,1,22,Olkaria II | 105 | 101,Olkaria II,105,101,,,,,,,,,,,,,,,,,
1458,Energy  Petroleum Statistics Report-2021.pdf,49,1,23,Eburru Hill | 2.44 | 2.4,Eburru Hill,2.44,2.4,,,,,,,,,,,,,,,,,
1459,Energy  Petroleum Statistics Report-2021.pdf,49,1,24,Olkaria Wellhead OW37 | 5.0 | 5.0,Olkaria Wellhead OW37,5.0,5.0,,,,,,,,,,,,,,,,,
1460,Energy  Petroleum Statistics Report-2021.pdf,49,1,25,Olkaria Wellhead OW37 kwg 12 | 5 | 5,Olkaria Wellhead OW37 kwg 12,5,5,,,,,,,,,,,,,,,,,
1461,Energy  Petroleum Statistics Report-2021.pdf,49,1,26,Olkaria Wellhead OW37 kwg 13 | 5 | 5,Olkaria Wellhead OW37 kwg 13,5,5,,,,,,,,,,,,,,,,,
1462,Energy  Petroleum Statistics Report-2021.pdf,49,1,27,Olkaria Wellhead OW43 | 12.8 | 12.8,Olkaria Wellhead OW43,12.8,12.8,,,,,,,,,,,,,,,,,
1463,Energy  Petroleum Statistics Report-2021.pdf,49,1,28,Olkaria Wellhead OW905 | 5 | 5,Olkaria Wellhead OW905,5,5,,,,,,,,,,,,,,,,,
1464,Energy  Petroleum Statistics Report-2021.pdf,49,1,29,Olkaria Wellhead OW914 & OW915 | 37.8 | 37.8,Olkaria Wellhead OW914 & OW915,37.8,37.8,,,,,,,,,,,,,,,,,
1465,Energy  Petroleum Statistics Report-2021.pdf,49,1,30,Olkaria Wellhead OW919 | 5 | 5,Olkaria Wellhead OW919,5,5,,,,,,,,,,,,,,,,,
1466,Energy  Petroleum Statistics Report-2021.pdf,49,1,31,Olkaria Wellhead OW39 | 5 | 5,Olkaria Wellhead OW39,5,5,,,,,,,,,,,,,,,,,
1467,Energy  Petroleum Statistics Report-2021.pdf,49,1,32,Olkaria IV | 140 | 140,Olkaria IV,140,140,,,,,,,,,,,,,,,,,
1468,Energy  Petroleum Statistics Report-2021.pdf,49,1,33,Olkaria I units 4 and 5 | 140 | 140,Olkaria I units 4 and 5,140,140,,,,,,,,,,,,,,,,,
1469,Energy  Petroleum Statistics Report-2021.pdf,49,1,34,Olkaria V | 165 | 158,Olkaria V,165,158,,,,,,,,,,,,,,,,,
1470,Energy  Petroleum Statistics Report-2021.pdf,49,1,35,Geothermal Total | 678 | 666,Geothermal Total,678,666,,,,,,,,,,,,,,,,,
1471,Energy  Petroleum Statistics Report-2021.pdf,49,1,36,d) Wind Power Plants,d) Wind Power Plants,,,,,,,,,,,,,,,,,,,
1472,Energy  Petroleum Statistics Report-2021.pdf,49,1,37,Ngong I | 11.9 | 11.9,Ngong I,11.9,11.9,,,,,,,,,,,,,,,,,
1473,Energy  Petroleum Statistics Report-2021.pdf,49,1,38,Ngong II | 13.6 | 13.6,Ngong II,13.6,13.6,,,,,,,,,,,,,,,,,
1474,Energy  Petroleum Statistics Report-2021.pdf,49,1,39,Wind Total | 25.5 | 25.5,Wind Total,25.5,25.5,,,,,,,,,,,,,,,,,
1475,Energy  Petroleum Statistics Report-2021.pdf,49,1,40,"KenGen Total | 1,775 | 1,719",KenGen Total,"1,775","1,719",,,,,,,,,,,,,,,,,
1476,Energy  Petroleum Statistics Report-2021.pdf,49,2,1,Company | Installed Capacity | Effective Capacity,Company,Installed Capacity,Effective Capacity,,,,,,,,,,,,,,,,,
1477,Energy  Petroleum Statistics Report-2021.pdf,49,2,2,1. Government of Kenya (Rural Electrification Programme),1. Government of Kenya (Rural Electrification Programme),,,,,,,,,,,,,,,,,,,
1478,Energy  Petroleum Statistics Report-2021.pdf,49,2,3,Off-grid Diesel | 28.9 | 19.5,Off-grid Diesel,28.9,19.5,,,,,,,,,,,,,,,,,
1479,Energy  Petroleum Statistics Report-2021.pdf,49,2,4,Off-grid Solar | 0.7 | 0.2,Off-grid Solar,0.7,0.2,,,,,,,,,,,,,,,,,
1480,Energy  Petroleum Statistics Report-2021.pdf,49,2,5,Off-gridWind | 0.6 | 0.0,Off-gridWind,0.6,0.0,,,,,,,,,,,,,,,,,
1481,Energy  Petroleum Statistics Report-2021.pdf,49,2,6,Total Offgrid | 30.2 | 19.7,Total Offgrid,30.2,19.7,,,,,,,,,,,,,,,,,
1482,Energy  Petroleum Statistics Report-2021.pdf,49,2,7,2. Independent Power Producers (IPP) - Thermal & Geothermal,2. Independent Power Producers (IPP) - Thermal & Geothermal,,,,,,,,,,,,,,,,,,,
1483,Energy  Petroleum Statistics Report-2021.pdf,49,2,8,Iberafrica Diesel | 52.5 | 52.5,Iberafrica Diesel,52.5,52.5,,,,,,,,,,,,,,,,,
1484,Energy  Petroleum Statistics Report-2021.pdf,49,2,9,Tsavo Diesel | 74.0 | 74.0,Tsavo Diesel,74.0,74.0,,,,,,,,,,,,,,,,,
1485,Energy  Petroleum Statistics Report-2021.pdf,49,2,10,Biojoule Kenya Limited | 2.0 | 2.0,Biojoule Kenya Limited,2.0,2.0,,,,,,,,,,,,,,,,,
1486,Energy  Petroleum Statistics Report-2021.pdf,49,2,11,Mumias - Cogeneration | 26.0 | 21.5,Mumias - Cogeneration,26.0,21.5,,,,,,,,,,,,,,,,,
1487,Energy  Petroleum Statistics Report-2021.pdf,49,2,12,OrPower 4 -Geothermal (1st plant) | 63.8 | 63.8,OrPower 4 -Geothermal (1st plant),63.8,63.8,,,,,,,,,,,,,,,,,
1488,Energy  Petroleum Statistics Report-2021.pdf,49,2,13,OrPower 4 -Geothermal (2nd plant) | 39.6 | 39.6,OrPower 4 -Geothermal (2nd plant),39.6,39.6,,,,,,,,,,,,,,,,,
1489,Energy  Petroleum Statistics Report-2021.pdf,49,2,14,OrPower 4 -Geothermal (3 rd plant) | 17.6 | 17.6,OrPower 4 -Geothermal (3 rd plant),17.6,17.6,,,,,,,,,,,,,,,,,
1490,Energy  Petroleum Statistics Report-2021.pdf,49,2,15,OrPower 4 -Geothermal (4th plant) | 29.0 | 29.0,OrPower 4 -Geothermal (4th plant),29.0,29.0,,,,,,,,,,,,,,,,,
1491,Energy  Petroleum Statistics Report-2021.pdf,49,2,16,Rabai Diesel | 90.0 | 88.6,Rabai Diesel,90.0,88.6,,,,,,,,,,,,,,,,,
1492,Energy  Petroleum Statistics Report-2021.pdf,49,2,17,Thika Diesel | 87.0 | 87.0,Thika Diesel,87.0,87.0,,,,,,,,,,,,,,,,,
1493,Energy  Petroleum Statistics Report-2021.pdf,49,2,18,Gulf Diesel | 80.32 | 80.32,Gulf Diesel,80.32,80.32,,,,,,,,,,,,,,,,,
1494,Energy  Petroleum Statistics Report-2021.pdf,49,2,19,Triumph Diesel | 83.0 | 83.0,Triumph Diesel,83.0,83.0,,,,,,,,,,,,,,,,,
1495,Energy  Petroleum Statistics Report-2021.pdf,49,2,20,Imenti FiT hydro | 0.283 | 0.283,Imenti FiT hydro,0.283,0.283,,,,,,,,,,,,,,,,,
1496,Energy  Petroleum Statistics Report-2021.pdf,49,2,21,Gikira FiT hydro | 0.514 | 0.514,Gikira FiT hydro,0.514,0.514,,,,,,,,,,,,,,,,,
1497,Energy  Petroleum Statistics Report-2021.pdf,49,2,22,Genpro Teremi Falls | 5.0 | 5.0,Genpro Teremi Falls,5.0,5.0,,,,,,,,,,,,,,,,,
1498,Energy  Petroleum Statistics Report-2021.pdf,49,2,23,KTDA Gura | 2.0 | 2.0,KTDA Gura,2.0,2.0,,,,,,,,,,,,,,,,,
1499,Energy  Petroleum Statistics Report-2021.pdf,49,2,24,KTDA Chania | 0.5 | 0.5,KTDA Chania,0.5,0.5,,,,,,,,,,,,,,,,,
1500,Energy  Petroleum Statistics Report-2021.pdf,49,2,25,Strathmore Solar | 0.25 | 0.25,Strathmore Solar,0.25,0.25,,,,,,,,,,,,,,,,,
1501,Energy  Petroleum Statistics Report-2021.pdf,49,2,26,Lake Turkana Wind Power | 310.0 | 300.0,Lake Turkana Wind Power,310.0,300.0,,,,,,,,,,,,,,,,,
1502,Energy  Petroleum Statistics Report-2021.pdf,49,2,27,Garissa Solar | 50.0 | 50.0,Garissa Solar,50.0,50.0,,,,,,,,,,,,,,,,,
1503,Energy  Petroleum Statistics Report-2021.pdf,49,2,28,Kipeto Wind Power | 100 | 59,Kipeto Wind Power,100,59,,,,,,,,,,,,,,,,,
1504,Energy  Petroleum Statistics Report-2021.pdf,49,2,29,Selenkei Solar | 40 | 40,Selenkei Solar,40,40,,,,,,,,,,,,,,,,,
1505,Energy  Petroleum Statistics Report-2021.pdf,49,2,30,Kianthumbi Hydro | 0.51 | 0.51,Kianthumbi Hydro,0.51,0.51,,,,,,,,,,,,,,,,,
1506,Energy  Petroleum Statistics Report-2021.pdf,49,2,31,"IPP Total | 1,153.51 | 1096.51",IPP Total,"1,153.51",1096.51,,,,,,,,,,,,,,,,,
1507,Energy  Petroleum Statistics Report-2021.pdf,49,2,32,3. Imports,3. Imports,,,,,,,,,,,,,,,,,,,
1508,Energy  Petroleum Statistics Report-2021.pdf,49,2,33,UETCL | 0 | 0,UETCL,0,0,,,,,,,,,,,,,,,,,
1509,Energy  Petroleum Statistics Report-2021.pdf,49,2,34,EEPCO | 0 | 0,EEPCO,0,0,,,,,,,,,,,,,,,,,
1510,Energy  Petroleum Statistics Report-2021.pdf,49,2,35,TANESCO | 0 | 0,TANESCO,0,0,,,,,,,,,,,,,,,,,
1511,Energy  Petroleum Statistics Report-2021.pdf,49,3,1,Page 49,,Page 49,,,,,,,,,,,,,,,,,,
1512,Energy  Petroleum Statistics Report-2021.pdf,50,1,1,Code | Customer Type (Code Name) | Energy Limit kWh/Month | Charge Method | Unit | Approved Charge Rates,Code,Customer Type (Code Name),Energy Limit kWh/Month,Charge Method,Unit,Approved Charge Rates,,,,,,,,,,,,,,
1513,Energy  Petroleum Statistics Report-2021.pdf,50,1,2,DC-L | Domestic-Lifeline | 0-100 | Energy | Ksh/kWh | 10,DC-L,Domestic-Lifeline,0-100,Energy,Ksh/kWh,10,,,,,,,,,,,,,,
1514,Energy  Petroleum Statistics Report-2021.pdf,50,1,3,DC-O | Domestic- Ordinary | > 100 | Energy | Ksh/kWh | 15.8,DC-O,Domestic- Ordinary,> 100,Energy,Ksh/kWh,15.8,,,,,,,,,,,,,,
1515,Energy  Petroleum Statistics Report-2021.pdf,50,1,5,"SC | Small Commercial | 0- 15,000 | Energy | Ksh/kWh | 15.6",SC,Small Commercial,"0- 15,000",Energy,Ksh/kWh,15.6,,,,,,,,,,,,,,
1516,Energy  Petroleum Statistics Report-2021.pdf,50,1,6,"CI1 | Commercial/ Industrial | > 15,000 | Energy | Ksh/kWh | 12",CI1,Commercial/ Industrial,"> 15,000",Energy,Ksh/kWh,12,,,,,,,,,,,,,,
1517,Energy  Petroleum Statistics Report-2021.pdf,50,1,7,Demand | Ksh/KVA | 800,,,,Demand,Ksh/KVA,800,,,,,,,,,,,,,,
1518,Energy  Petroleum Statistics Report-2021.pdf,50,1,8,CI2 | Commercial/ Industrial | No. Limit | Energy | Ksh/kWh | 10.9,CI2,Commercial/ Industrial,No. Limit,Energy,Ksh/kWh,10.9,,,,,,,,,,,,,,
1519,Energy  Petroleum Statistics Report-2021.pdf,50,1,9,Demand | Ksh/KVA | 520,,,,Demand,Ksh/KVA,520,,,,,,,,,,,,,,
1520,Energy  Petroleum Statistics Report-2021.pdf,50,1,10,CI3 | Commercial/ Industrial | No. Limit | Energy | Ksh/kWh | 10.5,CI3,Commercial/ Industrial,No. Limit,Energy,Ksh/kWh,10.5,,,,,,,,,,,,,,
1521,Energy  Petroleum Statistics Report-2021.pdf,50,1,11,Demand | Ksh/KVA | 270,,,,Demand,Ksh/KVA,270,,,,,,,,,,,,,,
1522,Energy  Petroleum Statistics Report-2021.pdf,50,1,12,CI4 | Commercial/ Industrial | No. Limit | Energy | Ksh/kWh | 10.3,CI4,Commercial/ Industrial,No. Limit,Energy,Ksh/kWh,10.3,,,,,,,,,,,,,,
1523,Energy  Petroleum Statistics Report-2021.pdf,50,1,13,Demand | Ksh/KVA | 220,,,,Demand,Ksh/KVA,220,,,,,,,,,,,,,,
1524,Energy  Petroleum Statistics Report-2021.pdf,50,1,14,CI5 | Commercial/ Industrial | No Limit | Energy | Ksh/kWh | 10.1,CI5,Commercial/ Industrial,No Limit,Energy,Ksh/kWh,10.1,,,,,,,,,,,,,,
1525,Energy  Petroleum Statistics Report-2021.pdf,50,1,15,Demand | Ksh/KVA | 220,,,,Demand,Ksh/KVA,220,,,,,,,,,,,,,,
1526,Energy  Petroleum Statistics Report-2021.pdf,50,1,16,SL | Street Lighting | No Limit | Energy | Ksh/kWh | 7.5,SL,Street Lighting,No Limit,Energy,Ksh/kWh,7.5,,,,,,,,,,,,,,
1527,Energy  Petroleum Statistics Report-2021.pdf,50,2,1,Load curve 2500.00 2000.00 )WM( 1500.00 daoL 1000.00 500.00 0.00 01.00 02.00 03.00 04.00 05.00 06.00 07.00 08.00 09.00 10.00 11.00 12.00 13.00 14.00 15.00 16.00 17.00 18.00 19.00 20.00 21.00 22.00 23.00 24.00 Time National Gen Demand Nairobi Region Coast Region West Region Mt. Kenya Region,Load curve 2500.00 2000.00 )WM( 1500.00 daoL 1000.00 500.00 0.00 01.00 02.00 03.00 04.00 05.00 06.00 07.00 08.00 09.00 10.00 11.00 12.00 13.00 14.00 15.00 16.00 17.00 18.00 19.00 20.00 21.00 22.00 23.00 24.00 Time National Gen Demand Nairobi Region Coast Region West Region Mt. Kenya Region,,,,,,,,,,,,,,,,,,,
1528,Energy  Petroleum Statistics Report-2021.pdf,50,3,1,Page 50,Page 50,,,,,,,,,,,,,,,,,,,
1529,Energy  Petroleum Statistics Report-2021.pdf,51,1,1,Ref No | Licensee | Technology | Location of Power Plant(s) | Capacity (MW) | Date Granted | Duration (Years) | Supply To,,Ref No,Licensee,Technology,Location of Power Plant(s),Capacity (MW),Date Granted,Duration (Years),Supply To,,,,,,,,,,,
1530,Energy  Petroleum Statistics Report-2021.pdf,51,1,2,1 | G1.03.20 | Nithi Hydro Power Limited | Hydro | Tharaka Nithi | 5.6 | 13/05/2020 | 25 | Grid,1,G1.03.20,Nithi Hydro Power Limited,Hydro,Tharaka Nithi,5.6,13/05/2020,25,Grid,,,,,,,,,,,
1531,Energy  Petroleum Statistics Report-2021.pdf,51,1,3,2 | G1.01.00 | Tsavo Power | Thermal | Mombasa | 74 | 21/03/2000 | 23 | Grid,2,G1.01.00,Tsavo Power,Thermal,Mombasa,74,21/03/2000,23,Grid,,,,,,,,,,,
1532,Energy  Petroleum Statistics Report-2021.pdf,51,1,4,3 | G1.01.15 | OrPower4 | Geothermal | Naivasha | 150 | 24/11/2000 | 25 | Grid,3,G1.01.15,OrPower4,Geothermal,Naivasha,150,24/11/2000,25,Grid,,,,,,,,,,,
1533,Energy  Petroleum Statistics Report-2021.pdf,51,1,5,4 | G1.01.05 | Iberafrica | Thermal | Nairobi | 108.8 | 20/07/2005 | 27 | Grid,4,G1.01.05,Iberafrica,Thermal,Nairobi,108.8,20/07/2005,27,Grid,,,,,,,,,,,
1534,Energy  Petroleum Statistics Report-2021.pdf,51,1,6,5 | G1.06.12 | KenGen | Hydro | Kindaruma | 72 | 02/04/2008 | 25 | Grid,5,G1.06.12,KenGen,Hydro,Kindaruma,72,02/04/2008,25,Grid,,,,,,,,,,,
1535,Energy  Petroleum Statistics Report-2021.pdf,51,1,7,6 | G1.14.08 | Mumias Sugar | Cogeneration (Bagasse) | Mumias | 38 | 24/04/2008 | 25 | Grid,6,G1.14.08,Mumias Sugar,Cogeneration (Bagasse),Mumias,38,24/04/2008,25,Grid,,,,,,,,,,,
1536,Energy  Petroleum Statistics Report-2021.pdf,51,1,8,7 | G1.15.08 | Rabai Power | Thermal | Mombasa | 90 | 15/07/2008 | 15 | Grid,7,G1.15.08,Rabai Power,Thermal,Mombasa,90,15/07/2008,15,Grid,,,,,,,,,,,
1537,Energy  Petroleum Statistics Report-2021.pdf,51,1,9,8 | G1.02.09 | KenGen | Geothermal | Olkaria II | 105 | 02/10/2008 | 25 | Grid,8,G1.02.09,KenGen,Geothermal,Olkaria II,105,02/10/2008,25,Grid,,,,,,,,,,,
1538,Energy  Petroleum Statistics Report-2021.pdf,51,1,10,9 | G1.03.08 | KenGen | Hydro | Turkwel | 106 | 02/10/2008 | 25 | Grid,9,G1.03.08,KenGen,Hydro,Turkwel,106,02/10/2008,25,Grid,,,,,,,,,,,
1539,Energy  Petroleum Statistics Report-2021.pdf,51,1,11,10 | G1.03.12 | KenGen | Hydro | Gitaru | 225 | 02/10/2008 | 25 | Grid,10,G1.03.12,KenGen,Hydro,Gitaru,225,02/10/2008,25,Grid,,,,,,,,,,,
1540,Energy  Petroleum Statistics Report-2021.pdf,51,1,12,11 | G1.04.08 | KenGen | Hydro | SonduMiriu | 60 | 02/10/2008 | 25 | Grid,11,G1.04.08,KenGen,Hydro,SonduMiriu,60,02/10/2008,25,Grid,,,,,,,,,,,
1541,Energy  Petroleum Statistics Report-2021.pdf,51,1,13,12 | G1.04.12 | KenGen | Hydro | Kamburu | 94.2 | 02/10/2008 | 25 | Grid,12,G1.04.12,KenGen,Hydro,Kamburu,94.2,02/10/2008,25,Grid,,,,,,,,,,,
1542,Energy  Petroleum Statistics Report-2021.pdf,51,1,14,13 | G1.05.12 | KenGen | Hydro | Kiambere | 164 | 02/10/2008 | 25 | Grid,13,G1.05.12,KenGen,Hydro,Kiambere,164,02/10/2008,25,Grid,,,,,,,,,,,
1543,Energy  Petroleum Statistics Report-2021.pdf,51,1,15,14 | G1.09.12 | KenGen | Hydro | Wanjii | 7.4 | 02/10/2008 | 15 | Grid,14,G1.09.12,KenGen,Hydro,Wanjii,7.4,02/10/2008,15,Grid,,,,,,,,,,,
1544,Energy  Petroleum Statistics Report-2021.pdf,51,1,16,15 | G1.11.12 | KenGen | Hydro | Sagana | 1.5 | 02/10/2008 | 18 | Grid,15,G1.11.12,KenGen,Hydro,Sagana,1.5,02/10/2008,18,Grid,,,,,,,,,,,
1545,Energy  Petroleum Statistics Report-2021.pdf,51,1,17,16 | G1.14.12 | KenGen | Geothermal | Olkaria IV | 140 | 02/10/2008 | 25 | Grid,16,G1.14.12,KenGen,Geothermal,Olkaria IV,140,02/10/2008,25,Grid,,,,,,,,,,,
1546,Energy  Petroleum Statistics Report-2021.pdf,51,1,18,17 | G1.14.12 | KenGen | Hydro | Masinga | 40 | 02/10/2008 | 25 | Grid,17,G1.14.12,KenGen,Hydro,Masinga,40,02/10/2008,25,Grid,,,,,,,,,,,
1547,Energy  Petroleum Statistics Report-2021.pdf,51,1,19,18 | G1.15.12 | KenGen | Geothermal | Olkaria I | 185 | 02/10/2008 | 25 | Grid,18,G1.15.12,KenGen,Geothermal,Olkaria I,185,02/10/2008,25,Grid,,,,,,,,,,,
1548,Energy  Petroleum Statistics Report-2021.pdf,51,1,20,19 | G1.01.11 | Lake Turkana | Wind | Marsabit | 300 | 16/12/2010 | 20 | Grid,19,G1.01.11,Lake Turkana,Wind,Marsabit,300,16/12/2010,20,Grid,,,,,,,,,,,
1549,Energy  Petroleum Statistics Report-2021.pdf,51,1,21,20 | G1.02.11 | KPRL | MSD | Mombasa | 8.5 | 24/02/2011 | 20 | Captive,20,G1.02.11,KPRL,MSD,Mombasa,8.5,24/02/2011,20,Captive,,,,,,,,,,,
1550,Energy  Petroleum Statistics Report-2021.pdf,51,1,22,"21 | G1.04.11 | KenGen | Thermal, MSD | Kipevu I | 60 | 27/04/2011 | 20 | Grid",21,G1.04.11,KenGen,"Thermal, MSD",Kipevu I,60,27/04/2011,20,Grid,,,,,,,,,,,
1551,Energy  Petroleum Statistics Report-2021.pdf,51,1,23,"22 | G1.05.11 | KenGen | Thermal, MSD | Kipevu III | 120 | 27/04/2011 | 20 | Grid",22,G1.05.11,KenGen,"Thermal, MSD",Kipevu III,120,27/04/2011,20,Grid,,,,,,,,,,,
1552,Energy  Petroleum Statistics Report-2021.pdf,51,1,24,23 | G1.06.11 | KenGen | Gas Turbine | Embakasi | 60 | 27/04/2011 | 20 | Grid,23,G1.06.11,KenGen,Gas Turbine,Embakasi,60,27/04/2011,20,Grid,,,,,,,,,,,
1553,Energy  Petroleum Statistics Report-2021.pdf,51,1,25,24 | G2.01.11 | Bidco | Biothermal | Thika | 2.125 | 18/08/2011 | 20 | Grid,24,G2.01.11,Bidco,Biothermal,Thika,2.125,18/08/2011,20,Grid,,,,,,,,,,,
1554,Energy  Petroleum Statistics Report-2021.pdf,51,1,26,25 | G1.07.11 | Triumph | Thermal | Athi River | 83 | 14/09/2011 | 20 | Grid,25,G1.07.11,Triumph,Thermal,Athi River,83,14/09/2011,20,Grid,,,,,,,,,,,
1555,Energy  Petroleum Statistics Report-2021.pdf,51,1,27,26 | G1.08.11 | GulfPower Ltd | Thermal | Athi River | 80 | 14/09/2011 | 20 | Grid,26,G1.08.11,GulfPower Ltd,Thermal,Athi River,80,14/09/2011,20,Grid,,,,,,,,,,,
1556,Energy  Petroleum Statistics Report-2021.pdf,51,1,28,27 | G1.01.12 | Thika Power | MSD | Mang’u Area | 87 | 09/02/2012 | 20 | Grid,27,G1.01.12,Thika Power,MSD,Mang’u Area,87,09/02/2012,20,Grid,,,,,,,,,,,
1557,Energy  Petroleum Statistics Report-2021.pdf,51,1,29,28 | G1.12.12 | KenGen | Wind | Ngong I Phase I | 5.1 | 06/12/2012 | 20 | Grid,28,G1.12.12,KenGen,Wind,Ngong I Phase I,5.1,06/12/2012,20,Grid,,,,,,,,,,,
1558,Energy  Petroleum Statistics Report-2021.pdf,51,1,30,29 | G1.16.12 | KenGen | Geothermal | Mobile well- head | 5 | 06/12/2012 | 15 | Grid,29,G1.16.12,KenGen,Geothermal,Mobile well- head,5,06/12/2012,15,Grid,,,,,,,,,,,
1559,Energy  Petroleum Statistics Report-2021.pdf,51,1,31,30 | G1.17.12 | KenGen | Geothermal | Mobile well- heads | 70 | 06/12/2012 | 15 | Grid,30,G1.17.12,KenGen,Geothermal,Mobile well- heads,70,06/12/2012,15,Grid,,,,,,,,,,,
1560,Energy  Petroleum Statistics Report-2021.pdf,51,1,32,31 | G1.01.14 | Cummins | Biomass | Marigat | 8.4 | 29/01/2014 | 20 | Grid,31,G1.01.14,Cummins,Biomass,Marigat,8.4,29/01/2014,20,Grid,,,,,,,,,,,
1561,Energy  Petroleum Statistics Report-2021.pdf,51,1,33,32 | G1.02.14 | RegenTerem | Hydro | Mt. Elgon | 5.2 | 27/02/2014 | 20 | Grid,32,G1.02.14,RegenTerem,Hydro,Mt. Elgon,5.2,27/02/2014,20,Grid,,,,,,,,,,,
1562,Energy  Petroleum Statistics Report-2021.pdf,51,1,34,33 | G1.03.14 | QPEA Menen- gai | Geothermal | Nakuru | 35 | 04/12/2014 | 25 | Grid,33,G1.03.14,QPEA Menen- gai,Geothermal,Nakuru,35,04/12/2014,25,Grid,,,,,,,,,,,
1563,Energy  Petroleum Statistics Report-2021.pdf,51,1,35,34 | G1.04.14 | Sosian-Menen- gai | Geothermal | Nakuru | 35 | 04/12/2014 | 25 | Grid,34,G1.04.14,Sosian-Menen- gai,Geothermal,Nakuru,35,04/12/2014,25,Grid,,,,,,,,,,,
1564,Energy  Petroleum Statistics Report-2021.pdf,51,1,36,35 | G1.05.14 | Tindinyo Falls Resort Limited | Hydro | Nandi | 1.5 | 04/12/2014 | 25 | Grid,35,G1.05.14,Tindinyo Falls Resort Limited,Hydro,Nandi,1.5,04/12/2014,25,Grid,,,,,,,,,,,
1565,Energy  Petroleum Statistics Report-2021.pdf,51,1,37,36 | G1.06.14 | Mt Kenya Power | Hydro | Meru | 0.6 | 04/12/2014 | 25 | Grid,36,G1.06.14,Mt Kenya Power,Hydro,Meru,0.6,04/12/2014,25,Grid,,,,,,,,,,,
1566,Energy  Petroleum Statistics Report-2021.pdf,51,1,38,37 | G1.02.15 | Orpower 22 | Geothermal | Naivasha | 35 | 16/07/2015 | 25 | Grid,37,G1.02.15,Orpower 22,Geothermal,Naivasha,35,16/07/2015,25,Grid,,,,,,,,,,,
1567,Energy  Petroleum Statistics Report-2021.pdf,51,1,39,38 | G1.03.15 | CemtechLtd | Coal | West Pokot | 30 | 16/07/2015 | 30 | Captive,38,G1.03.15,CemtechLtd,Coal,West Pokot,30,16/07/2015,30,Captive,,,,,,,,,,,
1568,Energy  Petroleum Statistics Report-2021.pdf,51,2,1,Page 51,,Page 51,,,,,,,,,,,,,,,,,,
1569,Energy  Petroleum Statistics Report-2021.pdf,52,1,1,39 | G1.04.15 | Kleen Energy | Hydro | Embu | 6 | 16/07/2015 | 25 | Grid,39,G1.04.15,Kleen Energy,Hydro,Embu,6,16/07/2015,25,Grid,,,,,,,,,,,
1570,Energy  Petroleum Statistics Report-2021.pdf,52,1,2,40 | G1.05.15 | Kipeto Energy Limited | Wind | Kajiado | 100 | 16/09/2015 | 20 | Grid,40,G1.05.15,Kipeto Energy Limited,Wind,Kajiado,100,16/09/2015,20,Grid,,,,,,,,,,,
1571,Energy  Petroleum Statistics Report-2021.pdf,52,1,3,41 | G1.06.15 | Ol-ndanyat Power Ltd | Wind | Kona Baridi | 30 | 03/12/2015 | 25 | Grid,41,G1.06.15,Ol-ndanyat Power Ltd,Wind,Kona Baridi,30,03/12/2015,25,Grid,,,,,,,,,,,
1572,Energy  Petroleum Statistics Report-2021.pdf,52,1,4,42 | G1.01.16 | Kwale International Sugar Co Ltd | Cogen | Kwale | 18 | 25/02/2016 | 20 | Grid and Captive,42,G1.01.16,Kwale International Sugar Co Ltd,Cogen,Kwale,18,25/02/2016,20,Grid and Captive,,,,,,,,,,,
1573,Energy  Petroleum Statistics Report-2021.pdf,52,1,5,43 | G1.02.16 | Chania Power Co Ltd | Hydro | Murang’a | 1 | 30/03/2016 | 25 | Grid,43,G1.02.16,Chania Power Co Ltd,Hydro,Murang’a,1,30/03/2016,25,Grid,,,,,,,,,,,
1574,Energy  Petroleum Statistics Report-2021.pdf,52,1,6,44 | G1.03.16 | Kirinyaga Pow- er Co Ltd | Hydro | Kirinyaga | 1.8 | 30/03/2016 | 25 | Grid,44,G1.03.16,Kirinyaga Pow- er Co Ltd,Hydro,Kirinyaga,1.8,30/03/2016,25,Grid,,,,,,,,,,,
1575,Energy  Petroleum Statistics Report-2021.pdf,52,1,7,45 | G1.04.16 | Greater Meru Tea Power Co Ltd | Hydro | Meru | 1.5 | 30/03/2016 | 25 | Grid,45,G1.04.16,Greater Meru Tea Power Co Ltd,Hydro,Meru,1.5,30/03/2016,25,Grid,,,,,,,,,,,
1576,Energy  Petroleum Statistics Report-2021.pdf,52,1,8,46 | G1.05.16 | Greater Meru Power Co Ltd | Hydro | Meru | 2 | 30/03/2016 | 25 | Grid,46,G1.05.16,Greater Meru Power Co Ltd,Hydro,Meru,2,30/03/2016,25,Grid,,,,,,,,,,,
1577,Energy  Petroleum Statistics Report-2021.pdf,52,1,9,47 | G1.06.16 | Devki Energy Co Ltd | Coal | Merrueshi | 15 | 25/05/2016 | 20 | Captive,47,G1.06.16,Devki Energy Co Ltd,Coal,Merrueshi,15,25/05/2016,20,Captive,,,,,,,,,,,
1578,Energy  Petroleum Statistics Report-2021.pdf,52,1,10,48 | G1.07.16 | Chemelil Sugar Co Limited | Cogen | Chemelil | 3 | 01/12/2016 | 25 | Captive,48,G1.07.16,Chemelil Sugar Co Limited,Cogen,Chemelil,3,01/12/2016,25,Captive,,,,,,,,,,,
1579,Energy  Petroleum Statistics Report-2021.pdf,52,1,11,49 | G1.08.16 | Butali Sugar Mills Limited | Cogen | Kakamega | 11 | 01/12/2016 | 25 | Captive,49,G1.08.16,Butali Sugar Mills Limited,Cogen,Kakamega,11,01/12/2016,25,Captive,,,,,,,,,,,
1580,Energy  Petroleum Statistics Report-2021.pdf,52,1,12,50 | G1.01.17 | Amu power | Coal | Lamu | 1050 | 03/03/2017 | 20 | Grid,50,G1.01.17,Amu power,Coal,Lamu,1050,03/03/2017,20,Grid,,,,,,,,,,,
1581,Energy  Petroleum Statistics Report-2021.pdf,52,1,13,51 | G1.02.17 | Alten Energy | Solar | Kesses | 40 | 03/03/2017 | 25 | Grid,51,G1.02.17,Alten Energy,Solar,Kesses,40,03/03/2017,25,Grid,,,,,,,,,,,
1582,Energy  Petroleum Statistics Report-2021.pdf,52,1,14,52 | G1.03.17 | Radiant Energy | Solar | Kesses | 40 | 03/03/2017 | 25 | Grid,52,G1.03.17,Radiant Energy,Solar,Kesses,40,03/03/2017,25,Grid,,,,,,,,,,,
1583,Energy  Petroleum Statistics Report-2021.pdf,52,1,15,53 | G1.04.17 | Eldosol Energy | Solar | Kesses | 40 | 03/03/2017 | 25 | Grid,53,G1.04.17,Eldosol Energy,Solar,Kesses,40,03/03/2017,25,Grid,,,,,,,,,,,
1584,Energy  Petroleum Statistics Report-2021.pdf,52,1,16,54 | G1.05.17 | SONY Co. Ltd | Bagasse | Migori | 8.7 | 26/04/2017 | 20 | Captive,54,G1.05.17,SONY Co. Ltd,Bagasse,Migori,8.7,26/04/2017,20,Captive,,,,,,,,,,,
1585,Energy  Petroleum Statistics Report-2021.pdf,52,1,17,55 | G1.06.17 | Ofgen Power Ltd | Solar | Nairobi & Taita Taveta Counties | 0.455 | 26/04/2017 | 20 | Captive,55,G1.06.17,Ofgen Power Ltd,Solar,Nairobi & Taita Taveta Counties,0.455,26/04/2017,20,Captive,,,,,,,,,,,
1586,Energy  Petroleum Statistics Report-2021.pdf,52,1,18,56 | G1.07.17 | Strathmore University | Solar | Nairobi | 0.6 | 26/04/2017 | 20 | Grid,56,G1.07.17,Strathmore University,Solar,Nairobi,0.6,26/04/2017,20,Grid,,,,,,,,,,,
1587,Energy  Petroleum Statistics Report-2021.pdf,52,1,19,57 | G1.09.17 | Malindi solar | Solar | Malindi | 40 | 26/07/2017 | 20 | Grid,57,G1.09.17,Malindi solar,Solar,Malindi,40,26/07/2017,20,Grid,,,,,,,,,,,
1588,Energy  Petroleum Statistics Report-2021.pdf,52,1,20,58 | G1.10.17 | Kengen | hydro | Kisumu | 21 | 26/07/2017 | 25 | Grid,58,G1.10.17,Kengen,hydro,Kisumu,21,26/07/2017,25,Grid,,,,,,,,,,,
1589,Energy  Petroleum Statistics Report-2021.pdf,52,1,21,59 | G1.11.17 | Kengen | GT | Kisumu | 30 | 26/07/2017 | 20 | Grid,59,G1.11.17,Kengen,GT,Kisumu,30,26/07/2017,20,Grid,,,,,,,,,,,
1590,Energy  Petroleum Statistics Report-2021.pdf,52,1,22,60 | G1.12.17 | Kengen | wind | Ngong | 6.8 | 26/07/2017 | 25 | Grid,60,G1.12.17,Kengen,wind,Ngong,6.8,26/07/2017,25,Grid,,,,,,,,,,,
1591,Energy  Petroleum Statistics Report-2021.pdf,52,1,23,61 | G1.13.17 | Kengen | wind | Ngong | 13.6 | 26/07/2017 | 25 | Grid,61,G1.13.17,Kengen,wind,Ngong,13.6,26/07/2017,25,Grid,,,,,,,,,,,
1592,Energy  Petroleum Statistics Report-2021.pdf,52,1,24,62 | G1.01.18 | Pwani oil prod- ucts limited | Biomass | Kilifi | 1.5 | 24/01/2018 | 20 | Captive,62,G1.01.18,Pwani oil prod- ucts limited,Biomass,Kilifi,1.5,24/01/2018,20,Captive,,,,,,,,,,,
1593,Energy  Petroleum Statistics Report-2021.pdf,52,1,25,63 | G1.02.18 | Nzoia Sugar Co. Ltd | Bagasse | Nzoia | 7 | 11/04/2018 | 20 | Captive,63,G1.02.18,Nzoia Sugar Co. Ltd,Bagasse,Nzoia,7,11/04/2018,20,Captive,,,,,,,,,,,
1594,Energy  Petroleum Statistics Report-2021.pdf,52,1,26,64 | G1.03.18 | Homabay Bio- gas One | Biogas | Homabay | 8 | 11/04/2018 | 20 | Grid,64,G1.03.18,Homabay Bio- gas One,Biogas,Homabay,8,11/04/2018,20,Grid,,,,,,,,,,,
1595,Energy  Petroleum Statistics Report-2021.pdf,52,1,27,65 | G1.04.18 | Hydro project services peters Ltd | Hydro | Meru | 0.51 | 11/04/2018 | 20 | Grid,65,G1.04.18,Hydro project services peters Ltd,Hydro,Meru,0.51,11/04/2018,20,Grid,,,,,,,,,,,
1596,Energy  Petroleum Statistics Report-2021.pdf,52,1,28,66 | G1.05.18 | Chania Green Generation Ltd | Wind | Kajiado | 50 | 11/04/2018 | 20 | Grid,66,G1.05.18,Chania Green Generation Ltd,Wind,Kajiado,50,11/04/2018,20,Grid,,,,,,,,,,,
1597,Energy  Petroleum Statistics Report-2021.pdf,52,1,29,67 | G1.05.18 | Oserian Devel- opment Co.ltd | Solar | Naivasha | 1 | 22/08/2018 | 20 | Captive,67,G1.05.18,Oserian Devel- opment Co.ltd,Solar,Naivasha,1,22/08/2018,20,Captive,,,,,,,,,,,
1598,Energy  Petroleum Statistics Report-2021.pdf,52,1,30,68 | G1.01.19 | Kopere Solar Park Limited | Solar | Nandi | 40 | 30/01/2019 | 20 | Grid,68,G1.01.19,Kopere Solar Park Limited,Solar,Nandi,40,30/01/2019,20,Grid,,,,,,,,,,,
1599,Energy  Petroleum Statistics Report-2021.pdf,52,2,1,Page 52,Page 52,,,,,,,,,,,,,,,,,,,
1600,Energy  Petroleum Statistics Report-2021.pdf,53,1,1,69 | G1.02.19 | Hannan Arya Energy (K) Limited | Solar | Kajiado | 10 | 27/03/2019 | 20 | Grid,69,G1.02.19,Hannan Arya Energy (K) Limited,Solar,Kajiado,10,27/03/2019,20,Grid,,,,,,,,,,,
1601,Energy  Petroleum Statistics Report-2021.pdf,53,1,2,70 | G1.01.20 | DWA Estate Limited | Biomass | Makueni | 1.44 | 25/03/2020 | 20 | Grid,70,G1.01.20,DWA Estate Limited,Biomass,Makueni,1.44,25/03/2020,20,Grid,,,,,,,,,,,
1602,Energy  Petroleum Statistics Report-2021.pdf,53,1,3,71 | G1.04.20 | Kudura Power East Africa Ltd | Solar | Busia | 0.03 | 25/03/2020 | 10 | Mini Grid,71,G1.04.20,Kudura Power East Africa Ltd,Solar,Busia,0.03,25/03/2020,10,Mini Grid,,,,,,,,,,,
1603,Energy  Petroleum Statistics Report-2021.pdf,53,1,4,72 | G1.05.20 | Kudura Power East Africa Ltd | Solar | Busia | 0.03 | 25/03/2020 | 10 | Mini Grid,72,G1.05.20,Kudura Power East Africa Ltd,Solar,Busia,0.03,25/03/2020,10,Mini Grid,,,,,,,,,,,
1604,Energy  Petroleum Statistics Report-2021.pdf,53,1,5,73 | G1.06.20 | Kudura Power East Africa Ltd | Solar | Busia | 0.018 | 25/03/2020 | 10 | Mini Grid,73,G1.06.20,Kudura Power East Africa Ltd,Solar,Busia,0.018,25/03/2020,10,Mini Grid,,,,,,,,,,,
1605,Energy  Petroleum Statistics Report-2021.pdf,53,1,6,74 | G1.07.20 | Kudura Power East Africa Ltd | Solar | Busia | 0.03 | 25/03/2020 | 10 | Mini Grid,74,G1.07.20,Kudura Power East Africa Ltd,Solar,Busia,0.03,25/03/2020,10,Mini Grid,,,,,,,,,,,
1606,Energy  Petroleum Statistics Report-2021.pdf,53,1,7,75 | G1.08.20 | Kudura Power East Africa Ltd | Solar | Busia | 0.03 | 25/03/2020 | 10 | Mini Grid,75,G1.08.20,Kudura Power East Africa Ltd,Solar,Busia,0.03,25/03/2020,10,Mini Grid,,,,,,,,,,,
1607,Energy  Petroleum Statistics Report-2021.pdf,53,1,8,76 | G1.09.20 | Kudura Power East Africa Ltd | Solar | Busia | 0.018 | 25/03/2020 | 10 | Mini Grid,76,G1.09.20,Kudura Power East Africa Ltd,Solar,Busia,0.018,25/03/2020,10,Mini Grid,,,,,,,,,,,
1608,Energy  Petroleum Statistics Report-2021.pdf,53,1,9,77 | G1.10.20 | Kudura Power East Africa Ltd | Solar | Busia | 0.06 | 25/03/2020 | 10 | Mini Grid,77,G1.10.20,Kudura Power East Africa Ltd,Solar,Busia,0.06,25/03/2020,10,Mini Grid,,,,,,,,,,,
1609,Energy  Petroleum Statistics Report-2021.pdf,53,1,10,78 | G1.11.20 | Kudura Power East Africa Ltd | Solar | Busia | 0.03 | 25/03/2020 | 10 | Mini Grid,78,G1.11.20,Kudura Power East Africa Ltd,Solar,Busia,0.03,25/03/2020,10,Mini Grid,,,,,,,,,,,
1610,Energy  Petroleum Statistics Report-2021.pdf,53,1,11,79 | G1.02.20 | Marco Borero Company Ltd | Solar | Nyeri | 1.5 | 27/05/2020 | 20 | Grid,79,G1.02.20,Marco Borero Company Ltd,Solar,Nyeri,1.5,27/05/2020,20,Grid,,,,,,,,,,,
1611,Energy  Petroleum Statistics Report-2021.pdf,53,1,12,80 | G1.14.20 | Kaimosi Tea Estates Ltd | Solar | Nandi | 1.5 | 29/07/2020 | 20 | Captive,80,G1.14.20,Kaimosi Tea Estates Ltd,Solar,Nandi,1.5,29/07/2020,20,Captive,,,,,,,,,,,
1612,Energy  Petroleum Statistics Report-2021.pdf,53,1,13,81 | G1.15.20 | Tatu city power company sez limited | Solar | Kiambu | 30 | 02/09/2020 | 20 | Captive,81,G1.15.20,Tatu city power company sez limited,Solar,Kiambu,30,02/09/2020,20,Captive,,,,,,,,,,,
1613,Energy  Petroleum Statistics Report-2021.pdf,53,1,14,82 | G1.16.20 | Rareh icon solar limited | Solar | Makueni | 30 | 02/09/2020 | 20 | Grid,82,G1.16.20,Rareh icon solar limited,Solar,Makueni,30,02/09/2020,20,Grid,,,,,,,,,,,
1614,Energy  Petroleum Statistics Report-2021.pdf,53,1,15,83 | G1.01.21 | Rumuruti Solar Generation Limited | Solar | Laikipia | 40 | 27/01/2021 | 20 | Grid,83,G1.01.21,Rumuruti Solar Generation Limited,Solar,Laikipia,40,27/01/2021,20,Grid,,,,,,,,,,,
1615,Energy  Petroleum Statistics Report-2021.pdf,53,1,16,84 | G1.02.21 | National Ce- ment Company Limited | Waste Heat Recovery | Merueshi | 13.5 | 15/02/2021 | 20 | Captive,84,G1.02.21,National Ce- ment Company Limited,Waste Heat Recovery,Merueshi,13.5,15/02/2021,20,Captive,,,,,,,,,,,
1616,Energy  Petroleum Statistics Report-2021.pdf,53,1,17,85 | G1.03.21 | Aperture Green Power Company Limited | Wind | Kiambu | 50 | 31/03/2021 | 20 | Grid,85,G1.03.21,Aperture Green Power Company Limited,Wind,Kiambu,50,31/03/2021,20,Grid,,,,,,,,,,,
1617,Energy  Petroleum Statistics Report-2021.pdf,53,1,18,86 | G1.05.21 | Isiolo Project Limited | Solar PV | Meru | 40 | 31/03/2021 | 20 | Grid,86,G1.05.21,Isiolo Project Limited,Solar PV,Meru,40,31/03/2021,20,Grid,,,,,,,,,,,
1618,Energy  Petroleum Statistics Report-2021.pdf,53,1,19,87 | G1.08.21 | Renewvia Energy Kenya Limited | Solar PV | Kalobeyei Resident Town | 0.02 | 12/04/2021 | 20 | Mini Grid,87,G1.08.21,Renewvia Energy Kenya Limited,Solar PV,Kalobeyei Resident Town,0.02,12/04/2021,20,Mini Grid,,,,,,,,,,,
1619,Energy  Petroleum Statistics Report-2021.pdf,53,1,20,88 | G1.09.21 | Renewvia Energy Kenya Limited | Solar PV | Kalobeyei Settlement Village I | 0.06 | 12/04/2021 | 20 | Mini Grid,88,G1.09.21,Renewvia Energy Kenya Limited,Solar PV,Kalobeyei Settlement Village I,0.06,12/04/2021,20,Mini Grid,,,,,,,,,,,
1620,Energy  Petroleum Statistics Report-2021.pdf,53,1,21,89 | G1.10.21 | Ses Microgrids Kenya Limited | Solar PV | Hurri Hills | 0.02 | 12/04/2021 | 20 | Mini Grid,89,G1.10.21,Ses Microgrids Kenya Limited,Solar PV,Hurri Hills,0.02,12/04/2021,20,Mini Grid,,,,,,,,,,,
1621,Energy  Petroleum Statistics Report-2021.pdf,53,1,22,90 | G1.11.21 | Nal Offgrid Limited | Solar PV | Lolupe | 0.022 | 12/04/2021 | 20 | Mini Grid,90,G1.11.21,Nal Offgrid Limited,Solar PV,Lolupe,0.022,12/04/2021,20,Mini Grid,,,,,,,,,,,
1622,Energy  Petroleum Statistics Report-2021.pdf,53,2,1,Page 53,,Page 53,,,,,,,,,,,,,,,,,,
1623,Energy  Petroleum Statistics Report-2021.pdf,54,1,1,Ref No | Name of Licensee | Description of the Undertaking | Date Granted | Duration (Years),,Ref No,Name of Licensee,Description of the Undertaking,Date Granted,Duration (Years),,,,,,,,,,,,,,
1624,Energy  Petroleum Statistics Report-2021.pdf,54,1,2,"1 | TN.01.09 | KPLC | Transmission of electrical energy in bulk over the Kenya Nation- al Grid, comprising 1,323 km of 220 kV lines and 993 km of 132 kV lines, from the major sources of generation to the transmis- sion substations, together with the interconnection with Ugan- dan Grid. The sources of generation comprise the Seven Forks hydro power plants, vizMasinga` Kamburu, Kindaruma, Gitaru and Kiambere, Turkwel and SonduMiriu hydro power plants op- erated by KenGen, the geothermal power plants at Olkaria op- erated by KenGen and Orpower4 and the thermal power plants at Mombasa operated by KenGen, Tsavo and Rabai Power. | 24th Sep 2009 | 50",1,TN.01.09,KPLC,"Transmission of electrical energy in bulk over the Kenya Nation- al Grid, comprising 1,323 km of 220 kV lines and 993 km of 132 kV lines, from the major sources of generation to the transmis- sion substations, together with the interconnection with Ugan- dan Grid. The sources of generation comprise the Seven Forks hydro power plants, vizMasinga` Kamburu, Kindaruma, Gitaru and Kiambere, Turkwel and SonduMiriu hydro power plants op- erated by KenGen, the geothermal power plants at Olkaria op- erated by KenGen and Orpower4 and the thermal power plants at Mombasa operated by KenGen, Tsavo and Rabai Power.",24th Sep 2009,50,,,,,,,,,,,,,,
1625,Energy  Petroleum Statistics Report-2021.pdf,54,1,3,"2 | TN.01.13 | KETRACO | Transmission of electrical energy in bulk over the 132 kV, 220 kV, 400kV ac and 500kV HVDC network in Kenya and intercon- nections with all neighbouring countries | 18thJuly 2013 | 50",2,TN.01.13,KETRACO,"Transmission of electrical energy in bulk over the 132 kV, 220 kV, 400kV ac and 500kV HVDC network in Kenya and intercon- nections with all neighbouring countries",18thJuly 2013,50,,,,,,,,,,,,,,
1626,Energy  Petroleum Statistics Report-2021.pdf,54,1,4,"3 | DS.01.09 | KPLC | Distribution in the KPLC Nairobi Region including Nairobi, Kiam- bu, Limuru, Ruiru, Machakos, Athi River, Kajiado and environs as shown on KPLC drawing Sheet 6 of SK No 10005. Sources of supply comprise generation by MSD at Nairobi South and trans- mission substations including Juja Road 132/66 kV, Embakasi 220/66 kV, Ruaraka 132/66 kV and Nairobi North 220/66 kV. | 24th Sep 2009 | 50",3,DS.01.09,KPLC,"Distribution in the KPLC Nairobi Region including Nairobi, Kiam- bu, Limuru, Ruiru, Machakos, Athi River, Kajiado and environs as shown on KPLC drawing Sheet 6 of SK No 10005. Sources of supply comprise generation by MSD at Nairobi South and trans- mission substations including Juja Road 132/66 kV, Embakasi 220/66 kV, Ruaraka 132/66 kV and Nairobi North 220/66 kV.",24th Sep 2009,50,,,,,,,,,,,,,,
1627,Energy  Petroleum Statistics Report-2021.pdf,54,1,5,"4 | DS.02.09 | KPLC | Distribution in the KPLC Mt Kenya Region including Nyeri, Thi- ka, Embu, Meru, Murang’a, Maragua, Kirinyaga, Mbeere, Kitui, Mwingi, Tharaka, Isiolo, Laikipia, and evirons as shown on KPLC drawing Sheet 6 of SK No 10008. Sources of supply comprise embedded hydro generation at Tana, Wanjii, Sagana, Ndula and Mesco, as well as transmission substations at Kiganjo 132/33 kV, Nanyuki 132/33 kV | 24th Sep 2009 | 50",4,DS.02.09,KPLC,"Distribution in the KPLC Mt Kenya Region including Nyeri, Thi- ka, Embu, Meru, Murang’a, Maragua, Kirinyaga, Mbeere, Kitui, Mwingi, Tharaka, Isiolo, Laikipia, and evirons as shown on KPLC drawing Sheet 6 of SK No 10008. Sources of supply comprise embedded hydro generation at Tana, Wanjii, Sagana, Ndula and Mesco, as well as transmission substations at Kiganjo 132/33 kV, Nanyuki 132/33 kV",24th Sep 2009,50,,,,,,,,,,,,,,
1628,Energy  Petroleum Statistics Report-2021.pdf,54,1,6,"5 | DS.03.09 | KPLC | Distribution in the KPLC West Region including Nakuru, Kisumu, Eldoret, Kakamega, Baringo, Bomet, Bungoma, Bureti, Busia, Butere, Gucha, Homa Bay, Keiyo, Kericho, Kisii, Kuria, Laikipia, Lugari, Marakwet, Migori, Mt. Elgon, Nandi, Narok, Nyamira, Nyandarua, Nyando, Rachuonyo, Samburu, Siaya, Suba, Trans Mara, Trans Nzoia, Turkana, UasinGishu, Vihiga, West Pokot and evirons as shown on KPLC drawing Sheet 6 of SK No 10005. Sources of supply comprise transmission substations at Nai- vasha 132/33 kV, Lanet 132/33 kV, Lessos 132/33 kV, Eldoret 132/33 kV, Kisumu 132/33 kV, Muhoroni 132/33 kV, Chemosit 132/33 kV, Musaga 132/33 kV, Webuye 132/33 kV as well em- bedded hydro generation at Gogo and Sosiani. | 24th Sep 2009 | 50",5,DS.03.09,KPLC,"Distribution in the KPLC West Region including Nakuru, Kisumu, Eldoret, Kakamega, Baringo, Bomet, Bungoma, Bureti, Busia, Butere, Gucha, Homa Bay, Keiyo, Kericho, Kisii, Kuria, Laikipia, Lugari, Marakwet, Migori, Mt. Elgon, Nandi, Narok, Nyamira, Nyandarua, Nyando, Rachuonyo, Samburu, Siaya, Suba, Trans Mara, Trans Nzoia, Turkana, UasinGishu, Vihiga, West Pokot and evirons as shown on KPLC drawing Sheet 6 of SK No 10005. Sources of supply comprise transmission substations at Nai- vasha 132/33 kV, Lanet 132/33 kV, Lessos 132/33 kV, Eldoret 132/33 kV, Kisumu 132/33 kV, Muhoroni 132/33 kV, Chemosit 132/33 kV, Musaga 132/33 kV, Webuye 132/33 kV as well em- bedded hydro generation at Gogo and Sosiani.",24th Sep 2009,50,,,,,,,,,,,,,,
1629,Energy  Petroleum Statistics Report-2021.pdf,54,1,7,"6 | DS.04.09 | KPLC | Distribution in the KPLC Coast Region including Mombasa, Ma- lindi, Kilifi, Kwale, Msambweni, Lamu, Voi, TaitaTaveta, Loito- totok, MtitoAndei, LungaLunga, Vanga and evirons as shown on KPLC drawing Sheet 7 of SK No 10007. Sources of supply comprise transmission substations at Rabai 132/33 kV, Kipevu 132/33 kV, Bamburi 132/33 kV, Kilifi 132/33 kV, Voi 132/33 kV and MtitoAndei 132/33 kV, as well HSD thermal generation at Lamu and Mpeketoni. | 24th Sep 2009 | 50",6,DS.04.09,KPLC,"Distribution in the KPLC Coast Region including Mombasa, Ma- lindi, Kilifi, Kwale, Msambweni, Lamu, Voi, TaitaTaveta, Loito- totok, MtitoAndei, LungaLunga, Vanga and evirons as shown on KPLC drawing Sheet 7 of SK No 10007. Sources of supply comprise transmission substations at Rabai 132/33 kV, Kipevu 132/33 kV, Bamburi 132/33 kV, Kilifi 132/33 kV, Voi 132/33 kV and MtitoAndei 132/33 kV, as well HSD thermal generation at Lamu and Mpeketoni.",24th Sep 2009,50,,,,,,,,,,,,,,
1630,Energy  Petroleum Statistics Report-2021.pdf,54,1,8,7 | DS.05.09 | KPLC | Distribution in Garissa Town and environs as shown KPLC draw- ing SK No 04800/A. Source of supply is the Garissa HSD and MSD thermal generation operated by the KenGen. | 24th Sep 2009 | 50,7,DS.05.09,KPLC,Distribution in Garissa Town and environs as shown KPLC draw- ing SK No 04800/A. Source of supply is the Garissa HSD and MSD thermal generation operated by the KenGen.,24th Sep 2009,50,,,,,,,,,,,,,,
1631,Energy  Petroleum Statistics Report-2021.pdf,54,1,9,8 | DS.06.09 | KPLC | Distribution in Lamu Town and environs as shown on KPLC drawing SK No 10007. Source of supply is the Lamu MSD ther- mal generation operated by the KenGen. | 24th Sep 2009 | 50,8,DS.06.09,KPLC,Distribution in Lamu Town and environs as shown on KPLC drawing SK No 10007. Source of supply is the Lamu MSD ther- mal generation operated by the KenGen.,24th Sep 2009,50,,,,,,,,,,,,,,
1632,Energy  Petroleum Statistics Report-2021.pdf,54,2,1,Page 54,Page 54,,,,,,,,,,,,,,,,,,,
1633,Energy  Petroleum Statistics Report-2021.pdf,55,1,1,Ref No | Name of Licensee | Technology | Location of Undertaking | Capacity (MW) | Date Granted | Duration (Years) | Supply to,,Ref No,Name of Licensee,Technology,Location of Undertaking,Capacity (MW),Date Granted,Duration (Years),Supply to,,,,,,,,,,,
1634,Energy  Petroleum Statistics Report-2021.pdf,55,1,2,1 | GD.01.08 | Unilever | Hydro and Thermal | Kericho | 4.66 | 11/12/2008 | 25 | Self,1,GD.01.08,Unilever,Hydro and Thermal,Kericho,4.66,11/12/2008,25,Self,,,,,,,,,,,
1635,Energy  Petroleum Statistics Report-2021.pdf,55,1,3,2 | GD.01.10 | Imenti | Hydro | Imenti Tea Factory | 0.92 | 29/04/2010 | 25 | Self and Grid,2,GD.01.10,Imenti,Hydro,Imenti Tea Factory,0.92,29/04/2010,25,Self and Grid,,,,,,,,,,,
1636,Energy  Petroleum Statistics Report-2021.pdf,55,1,4,3 | GD.01.15 | Powerhive | Solar PV | Kisii and Nyamira Counties | 3 | 16/02/2015 | 25 | Public,3,GD.01.15,Powerhive,Solar PV,Kisii and Nyamira Counties,3,16/02/2015,25,Public,,,,,,,,,,,
1637,Energy  Petroleum Statistics Report-2021.pdf,55,1,5,4 | GD.02.15 | Talek Power Company Ltd | Solar PV- Diesel Hybrid | Talek | 0.05 | 16/09/2015 | 25 | Public,4,GD.02.15,Talek Power Company Ltd,Solar PV- Diesel Hybrid,Talek,0.05,16/09/2015,25,Public,,,,,,,,,,,
1638,Energy  Petroleum Statistics Report-2021.pdf,55,1,6,"5 | GD.03.15 | Two Rivers Power Company Ltd | Solar, Diesel & Purchase from KPLC | Nairobi | 35 MW purchase from KPLC&2 MW Solar, 10 MW Diesel | 16/09/2015 | 25 | Self & Public",5,GD.03.15,Two Rivers Power Company Ltd,"Solar, Diesel & Purchase from KPLC",Nairobi,"35 MW purchase from KPLC&2 MW Solar, 10 MW Diesel",16/09/2015,25,Self & Public,,,,,,,,,,,
1639,Energy  Petroleum Statistics Report-2021.pdf,55,1,7,"6 | GD.03.15 | Biojoule Kenya Ltd | Biogas | Naivasha, off Moi South Lake Road, Nakuru County | 2.6 | 03/12/2015 | 25 | Self and Grid",6,GD.03.15,Biojoule Kenya Ltd,Biogas,"Naivasha, off Moi South Lake Road, Nakuru County",2.6,03/12/2015,25,Self and Grid,,,,,,,,,,,
1640,Energy  Petroleum Statistics Report-2021.pdf,55,1,8,7 | GD.01.16 | Metumi Power Co Ltd | Hydro | Murang’a County | 5.6 | 30/03/2016 | 25 | Self and Grid,7,GD.01.16,Metumi Power Co Ltd,Hydro,Murang’a County,5.6,30/03/2016,25,Self and Grid,,,,,,,,,,,
1641,Energy  Petroleum Statistics Report-2021.pdf,55,1,9,8 | GD.01.17 | Oserian Development Company | Geothermal | Naivasha | 3.7 | 26/04/2017 | 20 | Captive,8,GD.01.17,Oserian Development Company,Geothermal,Naivasha,3.7,26/04/2017,20,Captive,,,,,,,,,,,
1642,Energy  Petroleum Statistics Report-2021.pdf,55,1,10,9 | GD.02.17 | Nyakwana Power Company ltd | Hydro | Kisii | 2 | 28/06/2017 | 25 | Self and Grid,9,GD.02.17,Nyakwana Power Company ltd,Hydro,Kisii,2,28/06/2017,25,Self and Grid,,,,,,,,,,,
1643,Energy  Petroleum Statistics Report-2021.pdf,55,1,11,10 | GD.03.17 | Gura Power Company Ltd | Hydro | Nyeri | 5.8 | 28/06/2017 | 25 | Self and Grid,10,GD.03.17,Gura Power Company Ltd,Hydro,Nyeri,5.8,28/06/2017,25,Self and Grid,,,,,,,,,,,
1644,Energy  Petroleum Statistics Report-2021.pdf,55,1,12,11 | GD.01.18 | Tatu City Power Co. ltd | Grid power | Kiambu | 135 | 26/09/2018 | 25 | Import of Grid power,11,GD.01.18,Tatu City Power Co. ltd,Grid power,Kiambu,135,26/09/2018,25,Import of Grid power,,,,,,,,,,,
1645,Energy  Petroleum Statistics Report-2021.pdf,55,1,13,12 | GD.01.20 | Kudura Power East Africa Ltd | Solar PV | Busia | 0.03 | 25/03/2020 | 10 | Mini Grid,12,GD.01.20,Kudura Power East Africa Ltd,Solar PV,Busia,0.03,25/03/2020,10,Mini Grid,,,,,,,,,,,
1646,Energy  Petroleum Statistics Report-2021.pdf,55,1,14,13 | GD.02.20 | Kudura Power East Africa Ltd | Solar PV | Busia | 0.03 | 25/03/2020 | 10 | Mini Grid,13,GD.02.20,Kudura Power East Africa Ltd,Solar PV,Busia,0.03,25/03/2020,10,Mini Grid,,,,,,,,,,,
1647,Energy  Petroleum Statistics Report-2021.pdf,55,1,15,14 | GD.03.20 | Kudura Power East Africa Ltd | Solar PV | Busia | 0.018 | 25/03/2020 | 10 | Mini Grid,14,GD.03.20,Kudura Power East Africa Ltd,Solar PV,Busia,0.018,25/03/2020,10,Mini Grid,,,,,,,,,,,
1648,Energy  Petroleum Statistics Report-2021.pdf,55,1,16,15 | GD.04.20 | Kudura Power East Africa Ltd | Solar PV | Busia | 0.03 | 25/03/2020 | 10 | Mini Grid,15,GD.04.20,Kudura Power East Africa Ltd,Solar PV,Busia,0.03,25/03/2020,10,Mini Grid,,,,,,,,,,,
1649,Energy  Petroleum Statistics Report-2021.pdf,55,1,17,16 | GD.05.20 | Kudura Power East Africa Ltd | Solar PV | Busia | 0.03 | 25/03/2020 | 10 | Mini Grid,16,GD.05.20,Kudura Power East Africa Ltd,Solar PV,Busia,0.03,25/03/2020,10,Mini Grid,,,,,,,,,,,
1650,Energy  Petroleum Statistics Report-2021.pdf,55,1,18,17 | GD.06.20 | Kudura Power East Africa Ltd | Solar PV | Busia | 0.018 | 25/03/2020 | 10 | Mini Grid,17,GD.06.20,Kudura Power East Africa Ltd,Solar PV,Busia,0.018,25/03/2020,10,Mini Grid,,,,,,,,,,,
1651,Energy  Petroleum Statistics Report-2021.pdf,55,1,19,18 | GD.07.20 | Kudura Power East Africa Ltd | Solar PV | Busia | 0.06 | 25/03/2020 | 10 | Mini Grid,18,GD.07.20,Kudura Power East Africa Ltd,Solar PV,Busia,0.06,25/03/2020,10,Mini Grid,,,,,,,,,,,
1652,Energy  Petroleum Statistics Report-2021.pdf,55,1,20,19 | GD.08.20 | Kudura Power East Africa Ltd | Solar PV | Busia | 0.03 | 25/03/2020 | 10 | Mini Grid,19,GD.08.20,Kudura Power East Africa Ltd,Solar PV,Busia,0.03,25/03/2020,10,Mini Grid,,,,,,,,,,,
1653,Energy  Petroleum Statistics Report-2021.pdf,55,1,21,20 | GD.09.20 | Kudura Power East Africa Ltd | Solar PV | Busia | 0.03 | 25/03/2020 | 10 | Mini Grid,20,GD.09.20,Kudura Power East Africa Ltd,Solar PV,Busia,0.03,25/03/2020,10,Mini Grid,,,,,,,,,,,
1654,Energy  Petroleum Statistics Report-2021.pdf,55,1,22,21 | GD.10.20 | Kudura Power East Africa Ltd | Solar PV | Busia | 0.018 | 25/03/2020 | 10 | Mini Grid,21,GD.10.20,Kudura Power East Africa Ltd,Solar PV,Busia,0.018,25/03/2020,10,Mini Grid,,,,,,,,,,,
1655,Energy  Petroleum Statistics Report-2021.pdf,55,1,23,22 | DS.01.21 | Renewvia Energy Kenya Limited | Solar PV | Kalobeyei Resident Town | 0.02 | 12/04/2021 | 20 | Mini Grid,22,DS.01.21,Renewvia Energy Kenya Limited,Solar PV,Kalobeyei Resident Town,0.02,12/04/2021,20,Mini Grid,,,,,,,,,,,
1656,Energy  Petroleum Statistics Report-2021.pdf,55,1,24,23 | DS.02.21 | Renewvia Energy Kenya Limited | Solar PV | Kalobeyei Settlement Village I | 0.06 | 12/04/2021 | 20 | Mini Grid,23,DS.02.21,Renewvia Energy Kenya Limited,Solar PV,Kalobeyei Settlement Village I,0.06,12/04/2021,20,Mini Grid,,,,,,,,,,,
1657,Energy  Petroleum Statistics Report-2021.pdf,55,1,25,24 | DS.03.21 | SES Microgrids Kenya Limited | Solar PV | Hurri Hills | 0.02 | 12/04/2021 | 10 | Mini Grid,24,DS.03.21,SES Microgrids Kenya Limited,Solar PV,Hurri Hills,0.02,12/04/2021,10,Mini Grid,,,,,,,,,,,
1658,Energy  Petroleum Statistics Report-2021.pdf,55,2,1,Page 55,,Page 55,,,,,,,,,,,,,,,,,,
1659,Energy  Petroleum Statistics Report-2021.pdf,56,1,1,Ref No | Licensee | Customer | Technol- ogy | Location | County | Capacity (kW) | Date Grant- ed | Duration (Years),,Ref No,Licensee,Customer,Technol- ogy,Location,County,Capacity (kW),Date Grant- ed,Duration (Years),,,,,,,,,,
1660,Energy  Petroleum Statistics Report-2021.pdf,56,1,2,1 | CI.004.2021 | Cross Bound- ary Energy Holdings | Xpressions Flora Limited | Solar | Nakuru | Nakuru | 0.1392 | 08/02/2021 | 20,1,CI.004.2021,Cross Bound- ary Energy Holdings,Xpressions Flora Limited,Solar,Nakuru,Nakuru,0.1392,08/02/2021,20,,,,,,,,,,
1661,Energy  Petroleum Statistics Report-2021.pdf,56,1,3,2 | CI.001.2021 | Cross Bound- ary Energy Holdings | Sojanmi Springfield Limited | Solar | Nakuru | Nakuru | 0.0939 | 08/02/2021 | 20,2,CI.001.2021,Cross Bound- ary Energy Holdings,Sojanmi Springfield Limited,Solar,Nakuru,Nakuru,0.0939,08/02/2021,20,,,,,,,,,,
1662,Energy  Petroleum Statistics Report-2021.pdf,56,1,4,3 | CI.002.2021 | Cross Bound- ary Energy Holdings | Bloom Valley Limited | Solar | Nakuru | Nakuru | 0.0496 | 08/02/2021 | 20,3,CI.002.2021,Cross Bound- ary Energy Holdings,Bloom Valley Limited,Solar,Nakuru,Nakuru,0.0496,08/02/2021,20,,,,,,,,,,
1663,Energy  Petroleum Statistics Report-2021.pdf,56,1,5,4 | CI.003.2021 | Cross Bound- ary Energy Holdings | Africa Blooms Limited | Solar | Nakuru | Nakuru | 0.1415 | 08/02/2021 | 20,4,CI.003.2021,Cross Bound- ary Energy Holdings,Africa Blooms Limited,Solar,Nakuru,Nakuru,0.1415,08/02/2021,20,,,,,,,,,,
1664,Energy  Petroleum Statistics Report-2021.pdf,56,1,6,5 | CI.005.2021 | Ecoligo Lim- ited | Mutana Hold- ings Limited | Solar | Vision Plaza off Mombasa Road | Nairobi | 0.15 | 08/02/2021 | 20,5,CI.005.2021,Ecoligo Lim- ited,Mutana Hold- ings Limited,Solar,Vision Plaza off Mombasa Road,Nairobi,0.15,08/02/2021,20,,,,,,,,,,
1665,Energy  Petroleum Statistics Report-2021.pdf,56,1,7,6 | CI.006.2021 | Ariya Finer- gy Holdings Limited | Highlands Drink Limited | Solar | Nyeri | Nyeri | 0.39 | 08/03/2021 | 20,6,CI.006.2021,Ariya Finer- gy Holdings Limited,Highlands Drink Limited,Solar,Nyeri,Nyeri,0.39,08/03/2021,20,,,,,,,,,,
1666,Energy  Petroleum Statistics Report-2021.pdf,56,1,8,7 | CI.007.2021 | Enkai Limited | Kiambu Road Investments Limited | Solar | Kiambu | Kiambu | 0.25 | 18/05/2021 | 10,7,CI.007.2021,Enkai Limited,Kiambu Road Investments Limited,Solar,Kiambu,Kiambu,0.25,18/05/2021,10,,,,,,,,,,
1667,Energy  Petroleum Statistics Report-2021.pdf,56,1,9,8 | CI.008.2021 | Ofgen Limited | New Kenya Cooperative Creameries | Solar | Sotik | Bomet | 500 | 13/08/2021 | 20,8,CI.008.2021,Ofgen Limited,New Kenya Cooperative Creameries,Solar,Sotik,Bomet,500,13/08/2021,20,,,,,,,,,,
1668,Energy  Petroleum Statistics Report-2021.pdf,56,1,10,9 | CI.009.2021 | Lean Energy Solutions Ltd | Lauren International Flowers Ltd | Solar | Murang’a | Murang’a | 120 | 13/08/2021 | 10,9,CI.009.2021,Lean Energy Solutions Ltd,Lauren International Flowers Ltd,Solar,Murang’a,Murang’a,120,13/08/2021,10,,,,,,,,,,
1669,Energy  Petroleum Statistics Report-2021.pdf,56,2,1,Page 56,Page 56,,,,,,,,,,,,,,,,,,,
1670,Energy  Petroleum Statistics Report-2021.pdf,57,1,1,"Supply&Consumption in (ktoe) | Coal&Coke ('000 tonnes) | Crude oil('000 tonnes) | Petroleum Products ('000 tonnes) | Gas('000 tonnes) | Nuclear | Hydro ('000 tonnes of oil equivalent ) | Geothermal, solar, wind etc ('000 tonnes of oil equivalent ) | Combustible Renewables and waste (Ktoe) | Electricity( ktoe) | Heat | Total*",Supply&Consumption in (ktoe),Coal&Coke ('000 tonnes),Crude oil('000 tonnes),Petroleum Products ('000 tonnes),Gas('000 tonnes),Nuclear,Hydro ('000 tonnes of oil equivalent ),"Geothermal, solar, wind etc ('000 tonnes of oil equivalent )",Combustible Renewables and waste (Ktoe),Electricity( ktoe),Heat,Total*,,,,,,,,
1671,Energy  Petroleum Statistics Report-2021.pdf,57,1,2,"Indegenous Production | - | 0.00 | 0.00 | - | 0.00 | 358.27 | 549.35 | 16,959.69 | - | - | 17,867.31",Indegenous Production,-,0.00,0.00,-,0.00,358.27,549.35,"16,959.69",-,-,"17,867.31",,,,,,,,
1672,Energy  Petroleum Statistics Report-2021.pdf,57,1,3,"Imports | 837.50 | 0.00 | 6,045.57 | - | 0.00 | 0.00 | - | - | 117.60 | - | 7,000.67",Imports,837.50,0.00,"6,045.57",-,0.00,0.00,-,-,117.60,-,"7,000.67",,,,,,,,
1673,Energy  Petroleum Statistics Report-2021.pdf,57,1,4,Exports | 1.01 | - | -879.00 | - | 0.00 | - | - | 14.21 | - | -863.78,Exports,1.01,-,-879.00,-,0.00,,-,-,14.21,-,-863.78,,,,,,,,
1674,Energy  Petroleum Statistics Report-2021.pdf,57,1,5,International Marine Bunkers** | - | - | 1.14 | - | 0.00 | - | - | - | 1.14,International Marine Bunkers**,-,-,1.14,-,0.00,,-,-,,-,1.14,,,,,,,,
1675,Energy  Petroleum Statistics Report-2021.pdf,57,1,6,International Aviation Bunkers** | - | - | -420.19 | - | 0.00 | - | - | - | - | - | -420.19,International Aviation Bunkers**,-,-,-420.19,-,0.00,-,-,-,-,-,-420.19,,,,,,,,
1676,Energy  Petroleum Statistics Report-2021.pdf,57,1,7,Stock Changes | - | - | 0.00 | - | 0.00 | - | - | - | - | - | 0.00,Stock Changes,-,-,0.00,-,0.00,-,-,-,-,-,0.00,,,,,,,,
1677,Energy  Petroleum Statistics Report-2021.pdf,57,1,8,"Total Primary Energy Supply(TPES) | 836.49 | 0.00 | 4,747.52 | 0.00 | 358.27 | 549.35 | 16,959.69 | 131.81 | 23,583.13",Total Primary Energy Supply(TPES),836.49,0.00,"4,747.52",,0.00,358.27,549.35,"16,959.69",131.81,,"23,583.13",,,,,,,,
1678,Energy  Petroleum Statistics Report-2021.pdf,57,1,9,0.00,,,,,,0.00,,,,,,,,,,,,,,
1679,Energy  Petroleum Statistics Report-2021.pdf,57,1,10,Transfers | - | - | - | - | 0.00 | - | - | - | - | -,Transfers,-,-,-,-,0.00,-,-,-,-,-,,,,,,,,,
1680,Energy  Petroleum Statistics Report-2021.pdf,57,1,11,"Statistical differences | 281.85 | 0.00 | -3,459.34 | 0.00 | 0.00 | - | - | 0.00 | -239.95 | - | -3,417.44",Statistical differences,281.85,0.00,"-3,459.34",0.00,0.00,-,-,0.00,-239.95,-,"-3,417.44",,,,,,,,
1681,Energy  Petroleum Statistics Report-2021.pdf,57,1,12,- | - | - | 0.00 | 0.00 | - | - | - | - | - | 0.00,,-,-,-,0.00,0.00,-,-,-,-,-,0.00,,,,,,,,
1682,Energy  Petroleum Statistics Report-2021.pdf,57,1,13,Electricity Plants | - | -64.89 | 0.00 | 0.00 | -364.01 | -557.26 | 0.00 | 997.91 | - | 11.75,Electricity Plants,-,,-64.89,0.00,0.00,-364.01,-557.26,0.00,997.91,-,11.75,,,,,,,,
1683,Energy  Petroleum Statistics Report-2021.pdf,57,1,14,CHP Plants | - | - | - | - | 0.00 | - | - | - | - | - | 0.00,CHP Plants,-,-,-,-,0.00,-,-,-,-,-,0.00,,,,,,,,
1684,Energy  Petroleum Statistics Report-2021.pdf,57,1,15,Heat Plants | - | - | - | - | 0.00 | - | - | - | - | - | 0.00,Heat Plants,-,-,-,-,0.00,-,-,-,-,-,0.00,,,,,,,,
1685,Energy  Petroleum Statistics Report-2021.pdf,57,1,16,Heat pumps | - | - | - | - | 0.00 | - | - | - | - | - | 0.00,Heat pumps,-,-,-,-,0.00,-,-,-,-,-,0.00,,,,,,,,
1686,Energy  Petroleum Statistics Report-2021.pdf,57,1,17,Gas Works | - | - | - | - | 0.00 | - | - | - | - | - | 0.00,Gas Works,-,-,-,-,0.00,-,-,-,-,-,0.00,,,,,,,,
1687,Energy  Petroleum Statistics Report-2021.pdf,57,1,18,Petroleum Refineries | - | 0.00 | 0.00 | - | 0.00 | - | - | - | - | - | 0.00,Petroleum Refineries,-,0.00,0.00,-,0.00,-,-,-,-,-,0.00,,,,,,,,
1688,Energy  Petroleum Statistics Report-2021.pdf,57,1,19,Coal Transformation | - | - | - | - | 0.00 | - | - | - | - | - | 0.00,Coal Transformation,-,-,-,-,0.00,-,-,-,-,-,0.00,,,,,,,,
1689,Energy  Petroleum Statistics Report-2021.pdf,57,1,20,Liquefaction Plants | - | - | - | - | 0.00 | - | - | - | - | - | 0.00,Liquefaction Plants,-,-,-,-,0.00,-,-,-,-,-,0.00,,,,,,,,
1690,Energy  Petroleum Statistics Report-2021.pdf,57,1,21,"Other Transformation | - | - | - | - | 0.00 | - | - | -5,678.23 | - | - | -5,678.23",Other Transformation,-,-,-,-,0.00,-,-,"-5,678.23",-,-,"-5,678.23",,,,,,,,
1691,Energy  Petroleum Statistics Report-2021.pdf,57,1,22,Own Use | - | 0.00 | 0.00 | - | 0.00 | - | - | - | -21.95 | - | -21.95,Own Use,-,0.00,0.00,-,0.00,-,-,-,-21.95,-,-21.95,,,,,,,,
1692,Energy  Petroleum Statistics Report-2021.pdf,57,1,23,Distribution Losses | - | - | - | - | 0.00 | - | - | - | -240.00 | - | -240.00,Distribution Losses,-,-,-,-,0.00,-,-,-,-240.00,-,-240.00,,,,,,,,
1693,Energy  Petroleum Statistics Report-2021.pdf,57,1,24,"Total Final Consumption(TFC) | 1,118.34 | 0.00 | 1,223.30 | 0.00 | 0.00 | -5.74 | -7.92 | 11,281.46 | 627.81 | - | 14,237.25",Total Final Consumption(TFC),"1,118.34",0.00,"1,223.30",0.00,0.00,-5.74,-7.92,"11,281.46",627.81,-,"14,237.25",,,,,,,,
1694,Energy  Petroleum Statistics Report-2021.pdf,57,1,25,0.00,,,,,,0.00,,,,,,,,,,,,,,
1695,Energy  Petroleum Statistics Report-2021.pdf,57,1,26,"Industry& commercial sector | 1,118.34 | 0.00 | 129.27 | 0.00 | 0.00 | 0.00 | 0.00 | 0.00 | 305.54 | 0.00 | 1,553.16",Industry& commercial sector,"1,118.34",0.00,129.27,0.00,0.00,0.00,0.00,0.00,305.54,0.00,"1,553.16",,,,,,,,
1696,Energy  Petroleum Statistics Report-2021.pdf,57,1,27,Iron and Steel | - | - | - | - | 0.00 | - | - | - | - | - | 0.00,Iron and Steel,-,-,-,-,0.00,-,-,-,-,-,0.00,,,,,,,,
1697,Energy  Petroleum Statistics Report-2021.pdf,57,1,28,Chemical and Petrochemical | - | - | - | - | 0.00 | - | - | - | - | - | 0.00,Chemical and Petrochemical,-,-,-,-,0.00,-,-,-,-,-,0.00,,,,,,,,
1698,Energy  Petroleum Statistics Report-2021.pdf,57,1,29,Non-Ferrous Metals | - | - | - | - | 0.00 | - | - | - | - | - | 0.00,Non-Ferrous Metals,-,-,-,-,0.00,-,-,-,-,-,0.00,,,,,,,,
1699,Energy  Petroleum Statistics Report-2021.pdf,57,1,30,Non-Metallic Minerals | - | - | - | - | 0.00 | - | - | - | - | - | 0.00,Non-Metallic Minerals,-,-,-,-,0.00,-,-,-,-,-,0.00,,,,,,,,
1700,Energy  Petroleum Statistics Report-2021.pdf,57,1,31,Transport Equipment | - | - | - | - | 0.00 | - | - | - | - | - | 0.00,Transport Equipment,-,-,-,-,0.00,-,-,-,-,-,0.00,,,,,,,,
1701,Energy  Petroleum Statistics Report-2021.pdf,57,1,32,Machinery | - | - | - | - | 0.00 | - | - | - | - | - | 0.00,Machinery,-,-,-,-,0.00,-,-,-,-,-,0.00,,,,,,,,
1702,Energy  Petroleum Statistics Report-2021.pdf,57,1,33,Mining and Quarrying | - | - | - | - | 0.00 | - | - | - | - | - | 0.00,Mining and Quarrying,-,-,-,-,0.00,-,-,-,-,-,0.00,,,,,,,,
1703,Energy  Petroleum Statistics Report-2021.pdf,57,1,34,Food and Tobacco | - | - | - | - | 0.00 | - | - | - | - | - | 0.00,Food and Tobacco,-,-,-,-,0.00,-,-,-,-,-,0.00,,,,,,,,
1704,Energy  Petroleum Statistics Report-2021.pdf,57,1,35,Paper Pulp and Print | - | - | - | - | 0.00 | - | - | - | - | - | 0.00,Paper Pulp and Print,-,-,-,-,0.00,-,-,-,-,-,0.00,,,,,,,,
1705,Energy  Petroleum Statistics Report-2021.pdf,57,1,36,Wood and Wood Products | - | - | - | - | 0.00 | - | - | - | - | - | 0.00,Wood and Wood Products,-,-,-,-,0.00,-,-,-,-,-,0.00,,,,,,,,
1706,Energy  Petroleum Statistics Report-2021.pdf,57,1,37,Construction | - | - | - | - | 0.00 | - | - | - | - | - | 0.00,Construction,-,-,-,-,0.00,-,-,-,-,-,0.00,,,,,,,,
1707,Energy  Petroleum Statistics Report-2021.pdf,57,1,38,Textile and Leather | - | - | - | - | 0.00 | - | - | - | - | - | 0.00,Textile and Leather,-,-,-,-,0.00,-,-,-,-,-,0.00,,,,,,,,
1708,Energy  Petroleum Statistics Report-2021.pdf,57,1,39,Non-specified (Industry) | - | - | - | - | 0.00 | - | - | - | - | - | 0.00,Non-specified (Industry),-,-,-,-,0.00,-,-,-,-,-,0.00,,,,,,,,
1709,Energy  Petroleum Statistics Report-2021.pdf,57,1,40,0.00 | 0.00,,,,,,0.00,,,,,,0.00,,,,,,,,
1710,Energy  Petroleum Statistics Report-2021.pdf,57,1,41,"Transport sector | 0.00 | 0.00 | 1,060.45 | 0.00 | 0.00 | 0.00 | 0.00 | 0.00 | 0.00 | 0.00 | 1,060.45",Transport sector,0.00,0.00,"1,060.45",0.00,0.00,0.00,0.00,0.00,0.00,0.00,"1,060.45",,,,,,,,
1711,Energy  Petroleum Statistics Report-2021.pdf,57,1,42,International Civil Aviation | - | - | - | - | 0.00 | - | - | - | - | - | 0.00,International Civil Aviation,-,-,-,-,0.00,-,-,-,-,-,0.00,,,,,,,,
1712,Energy  Petroleum Statistics Report-2021.pdf,57,1,43,Domestic Air Transport(excl. govt) | - | - | 102.68 | - | 0.00 | - | - | - | - | - | 102.68,Domestic Air Transport(excl. govt),-,-,102.68,-,0.00,-,-,-,-,-,102.68,,,,,,,,
1713,Energy  Petroleum Statistics Report-2021.pdf,57,1,44,Road transport &retail pump outlets | - | - | 954.50 | - | 0.00 | - | - | - | - | - | 954.50,Road transport &retail pump outlets,-,-,954.50,-,0.00,-,-,-,-,-,954.50,,,,,,,,
1714,Energy  Petroleum Statistics Report-2021.pdf,57,1,45,Rail transport | - | - | 2.98 | - | 0.00 | - | - | - | - | - | 2.98,Rail transport,-,-,2.98,-,0.00,-,-,-,-,-,2.98,,,,,,,,
1715,Energy  Petroleum Statistics Report-2021.pdf,57,1,46,Pipeline Transport | - | - | 0.00 | - | 0.00 | - | - | - | - | - | 0.00,Pipeline Transport,-,-,0.00,-,0.00,-,-,-,-,-,0.00,,,,,,,,
1716,Energy  Petroleum Statistics Report-2021.pdf,57,1,47,Marine(excl. Naval forces) | - | - | 0.29 | - | 0.00 | - | - | - | - | - | 0.29,Marine(excl. Naval forces),-,-,0.29,-,0.00,-,-,-,-,-,0.29,,,,,,,,
1717,Energy  Petroleum Statistics Report-2021.pdf,57,1,48,Non-specified (Transport) | - | - | 0.00 | - | 0.00 | - | - | - | - | - | 0.00,Non-specified (Transport),-,-,0.00,-,0.00,-,-,-,-,-,0.00,,,,,,,,
1718,Energy  Petroleum Statistics Report-2021.pdf,57,1,49,0.00 | 0.00,,,,,,0.00,,,,,,0.00,,,,,,,,
1719,Energy  Petroleum Statistics Report-2021.pdf,57,1,50,"Other sectors | 0.00 | 0.00 | 33.63 | 0.00 | 0.00 | 0.00 | 0.00 | 11,281.46 | 278.61 | 0.00 | 11,593.69",Other sectors,0.00,0.00,33.63,0.00,0.00,0.00,0.00,"11,281.46",278.61,0.00,"11,593.69",,,,,,,,
1720,Energy  Petroleum Statistics Report-2021.pdf,57,1,51,"Residential | - | - | 0.00 | - | 0.00 | - | - | 11,281.46 | 273.29 | - | 11,554.75",Residential,-,-,0.00,-,0.00,-,-,"11,281.46",273.29,-,"11,554.75",,,,,,,,
1721,Energy  Petroleum Statistics Report-2021.pdf,57,1,52,Government | - | - | 5.62 | - | 0.00 | - | - | - | - | - | 5.62,Government,-,-,5.62,-,0.00,-,-,-,-,-,5.62,,,,,,,,
1722,Energy  Petroleum Statistics Report-2021.pdf,57,1,53,Agriculture/ Forestry | - | - | 6.48 | - | 0.00 | - | - | - | - | - | 6.48,Agriculture/ Forestry,-,-,6.48,-,0.00,-,-,-,-,-,6.48,,,,,,,,
1723,Energy  Petroleum Statistics Report-2021.pdf,57,1,54,Tourism | - | - | 1.70 | - | 0.00 | - | - | - | - | - | 1.70,Tourism,-,-,1.70,-,0.00,-,-,-,-,-,1.70,,,,,,,,
1724,Energy  Petroleum Statistics Report-2021.pdf,57,1,55,Power generation | - | - | 19.82 | - | 0.00 | - | - | - | - | 19.82,Power generation,-,-,19.82,-,0.00,-,,-,-,-,19.82,,,,,,,,
1725,Energy  Petroleum Statistics Report-2021.pdf,57,1,56,Fishing | - | - | - | 0.00 | - | - | - | - | - | 0.00,Fishing,-,-,,-,0.00,-,-,-,-,-,0.00,,,,,,,,
1726,Energy  Petroleum Statistics Report-2021.pdf,57,1,57,Non-specified other | - | - | 0.00 | - | 0.00 | - | - | - | 5.32 | - | 5.32,Non-specified other,-,-,0.00,-,0.00,-,-,-,5.32,-,5.32,,,,,,,,
1727,Energy  Petroleum Statistics Report-2021.pdf,57,1,58,- | 0.00 | - | - | - | - | - | 0.00,,,,,-,0.00,-,-,-,-,-,0.00,,,,,,,,
1728,Energy  Petroleum Statistics Report-2021.pdf,57,1,59,Non-Energy Use | 0.00 | 0.00 | 0.00 | 0.00 | 0.00 | 0.00 | 0.00 | 0.00 | 0.00 | 0.00 | 0.00,Non-Energy Use,0.00,0.00,0.00,0.00,0.00,0.00,0.00,0.00,0.00,0.00,0.00,,,,,,,,
1729,Energy  Petroleum Statistics Report-2021.pdf,57,1,60,_of which petrochemical feedstocks | - | - | - | - | 0.00 | - | - | - | - | - | 0.00,_of which petrochemical feedstocks,-,-,-,-,0.00,-,-,-,-,-,0.00,,,,,,,,
1730,Energy  Petroleum Statistics Report-2021.pdf,57,1,61,Non-Energy Use Ind/Transf/Ener | - | - | - | - | 0.00 | - | - | - | - | - | 0.00,Non-Energy Use Ind/Transf/Ener,-,-,-,-,0.00,-,-,-,-,-,0.00,,,,,,,,
1731,Energy  Petroleum Statistics Report-2021.pdf,57,1,62,Non-Energy Use in Transport | - | - | - | - | 0.00 | - | - | - | - | - | 0.00,Non-Energy Use in Transport,-,-,-,-,0.00,-,-,-,-,-,0.00,,,,,,,,
1732,Energy  Petroleum Statistics Report-2021.pdf,57,1,63,Non-Energy Use in Oth. Sect | - | - | - | - | 0.00 | - | - | - | - | - | 0.00,Non-Energy Use in Oth. Sect,-,-,-,-,0.00,-,-,-,-,-,0.00,,,,,,,,
1733,Energy  Petroleum Statistics Report-2021.pdf,57,2,1,Page 57,,Page 57,,,,,,,,,,,,,,,,,,
1734,Energy  Petroleum Statistics Report-2021.pdf,58,1,1,"CONTACT US Energy and Petroleum Regulatory Authority, Eagle Africa Center, Longonot Rd, Upperhill P.O Box 42681-00100 GPO, Nairobi – Kenya Tel: +254-20-2847000/200/2717675 Cell: +254-722 200947/734414333 Hotline: +254 709 336 000/708 444 000 Fax: +254 20 2717603 Email: info@epra.go.ke Website: www.epra.go.ke",,"CONTACT US Energy and Petroleum Regulatory Authority, Eagle Africa Center, Longonot Rd, Upperhill P.O Box 42681-00100 GPO, Nairobi – Kenya Tel: +254-20-2847000/200/2717675 Cell: +254-722 200947/734414333 Hotline: +254 709 336 000/708 444 000 Fax: +254 20 2717603 Email: info@epra.go.ke Website: www.epra.go.ke",,,,,,,,,,,,,,,,,,
1735,Energy  Petroleum Statistics Report-2021.pdf,58,1,2,Page 58 | Page 58,Page 58,Page 58,,,,,,,,,,,,,,,,,,
1736,Energy Statistics Report 2020.pdf,1,1,1,ENERGY & PETROLEUM STATISTICS REPORT 2020,,ENERGY & PETROLEUM STATISTICS REPORT 2020,,,,,,,,,,,,,,,,,,
1737,Energy Statistics Report 2020.pdf,1,1,2,Page 1,,Page 1,,,,,,,,,,,,,,,,,,
1738,Energy Statistics Report 2020.pdf,2,1,1,FOREWORD,FOREWORD,,,,,,,,,,,,,,,,,,,
1739,Energy Statistics Report 2020.pdf,2,2,1,Page 2,Page 2,,,,,,,,,,,,,,,,,,,
1740,Energy Statistics Report 2020.pdf,3,1,1,Page 3,,Page 3,,,,,,,,,,,,,,,,,,
1741,Energy Statistics Report 2020.pdf,4,1,1,Page 4,Page 4,,,,,,,,,,,,,,,,,,,
1742,Energy Statistics Report 2020.pdf,5,1,1,Page 5,,Page 5,,,,,,,,,,,,,,,,,,
1743,Energy Statistics Report 2020.pdf,6,1,1,Page 6,Page 6,,,,,,,,,,,,,,,,,,,
1744,Energy Statistics Report 2020.pdf,7,1,1,Page 7,,Page 7,,,,,,,,,,,,,,,,,,
1745,Energy Statistics Report 2020.pdf,8,1,1,Page 8,Page 8,,,,,,,,,,,,,,,,,,,
1746,Energy Statistics Report 2020.pdf,9,1,1,Page 9,,Page 9,,,,,,,,,,,,,,,,,,
1747,Energy Statistics Report 2020.pdf,10,1,1,Installed Capacity | Effective Installed Capacity,,Installed Capacity,,,,,,Effective Installed Capacity,,,,,,,,,,,,
1748,Energy Statistics Report 2020.pdf,10,1,2,Year | Hydro | Thermal Oil | Geo- thermal | Wind | Co - genera- tion | Solar | Total | Hydro | Thermal Oil | Geo- thermal | Wind | Co - generation | Solar | Total,Year,Hydro,Thermal Oil,Geo- thermal,Wind,Co - genera- tion,Solar,Total,Hydro,Thermal Oil,Geo- thermal,Wind,Co - generation,Solar,Total,,,,,
1749,Energy Statistics Report 2020.pdf,10,1,3,"2013 | 812.3 | 714.4 | 241.8 | 26.3 | 26 | 1820.8 | 766.6 | 693.2 | 236.5 | 5.3 | 21.5 | 1,723.1",2013,812.3,714.4,241.8,26.3,26,,1820.8,766.6,693.2,236.5,5.3,21.5,,"1,723.1",,,,,
1750,Energy Statistics Report 2020.pdf,10,1,4,"2014 | 818.3 | 751.3 | 573.4 | 26.3 | 26.0 | - | 2195.3 | 797.5 | 712.6 | 558.0 | 5.3 | 21.5 | 2,094.9",2014,818.3,751.3,573.4,26.3,26.0,-,2195.3,797.5,712.6,558.0,5.3,21.5,,"2,094.9",,,,,
1751,Energy Statistics Report 2020.pdf,10,1,5,"2015 | 820.4 | 833.6 | 627.0 | 26.1 | 26.0 | 0.6 | 2333.7 | 799.5 | 799.2 | 619.0 | 26.1 | 21.5 | 0.2 | 2,263.3",2015,820.4,833.6,627.0,26.1,26.0,0.6,2333.7,799.5,799.2,619.0,26.1,21.5,0.2,"2,263.3",,,,,
1752,Energy Statistics Report 2020.pdf,10,1,6,"2016 | 818.7 | 801.6 | 652.0 | 26.1 | 28.0 | 0.6 | 2327.0 | 797.5 | 762.9 | 644.0 | 26.0 | 23.5 | 0.2 | 2,254.1",2016,818.7,801.6,652.0,26.1,28.0,0.6,2327.0,797.5,762.9,644.0,26.0,23.5,0.2,"2,254.1",,,,,
1753,Energy Statistics Report 2020.pdf,10,1,7,"2017 | 826.2 | 806.9 | 652.0 | 26.1 | 28.0 | 0.7 | 2339.9 | 805.0 | 765.8 | 644.0 | 25.5 | 23.5 | 0.6 | 2,264.4",2017,826.2,806.9,652.0,26.1,28.0,0.7,2339.9,805.0,765.8,644.0,25.5,23.5,0.6,"2,264.4",,,,,
1754,Energy Statistics Report 2020.pdf,10,1,8,"2018 | 826.2 | 807.7 | 663 | 336.1 | 28 | 50.7 | 2711.7 | 805.0 | 768.2 | 655.0 | 335.5 | 23.5 | 50.6 | 2,637.8",2018,826.2,807.7,663,336.1,28,50.7,2711.7,805.0,768.2,655.0,335.5,23.5,50.6,"2,637.8",,,,,
1755,Energy Statistics Report 2020.pdf,10,1,9,"2019 | 826 | 749 | 828 | 336 | 28 | 51 | 2819 | 805 | 716 | 816 | 326 | 24 | 50 | 2,736",2019,826,749,828,336,28,51,2819,805,716,816,326,24,50,"2,736",,,,,
1756,Energy Statistics Report 2020.pdf,10,2,1,Page 10,Page 10,,,,,,,,,,,,,,,,,,,
1757,Energy Statistics Report 2020.pdf,11,1,1,Page 11,,Page 11,,,,,,,,,,,,,,,,,,
1758,Energy Statistics Report 2020.pdf,12,1,1,Page 12,Page 12,,,,,,,,,,,,,,,,,,,
1759,Energy Statistics Report 2020.pdf,13,1,1,Page 13,,Page 13,,,,,,,,,,,,,,,,,,
1760,Energy Statistics Report 2020.pdf,14,1,1,Page 14,Page 14,,,,,,,,,,,,,,,,,,,
1761,Energy Statistics Report 2020.pdf,15,1,1,Page 15,,Page 15,,,,,,,,,,,,,,,,,,
1762,Energy Statistics Report 2020.pdf,16,1,1,Page 16,Page 16,,,,,,,,,,,,,,,,,,,
1763,Energy Statistics Report 2020.pdf,17,1,1,TARRIF | TYPES OF CUSTOMERS COVERED BY THIS TARIFF | SALES IN GWH,TARRIF,TYPES OF CUSTOMERS COVERED BY THIS TARIFF,SALES IN GWH,,,,,,,,,,,,,,,,,
1764,Energy Statistics Report 2020.pdf,17,1,2,2014/15 | 2015/16 | 2016/17 | 2017/18 | 2018/19,,,2014/15,2015/16,2016/17,2017/18,2018/19,,,,,,,,,,,,,
1765,Energy Statistics Report 2020.pdf,17,1,3,"DC | Domestic | 1,866 | 2,007 | 2,138 | 2,335 | 2,366",DC,Domestic,"1,866","2,007","2,138","2,335","2,366",,,,,,,,,,,,,
1766,Energy Statistics Report 2020.pdf,17,1,4,"SC | Small Commercial | 1,143 | 1,153 | 1,201 | 1,222 | 1,250",SC,Small Commercial,"1,143","1,153","1,201","1,222","1,250",,,,,,,,,,,,,
1767,Energy Statistics Report 2020.pdf,17,1,5,"CI | Commercial and Industrial | 4,030 | 4,104 | 4,266 | 4,225 | 4,462",CI,Commercial and Industrial,"4,030","4,104","4,266","4,225","4,462",,,,,,,,,,,,,
1768,Energy Statistics Report 2020.pdf,17,1,6,IT | Off-Peak | 15 | 26 | 41 | 33 | N/A,IT,Off-Peak,15,26,41,33,N/A,,,,,,,,,,,,,
1769,Energy Statistics Report 2020.pdf,17,1,7,SL | Street lighting | 35 | 40 | 55 | 66 | 68,SL,Street lighting,35,40,55,66,68,,,,,,,,,,,,,
1770,Energy Statistics Report 2020.pdf,17,1,8,"REP System (DC(*((D- C,SC,SL) | 525 | 537 | 549 | 554 | 595",,"REP System (DC(*((D- C,SC,SL)",525,537,549,554,595,,,,,,,,,,,,,
1771,Energy Statistics Report 2020.pdf,17,1,9,Export to Uganda | 38 | 43 | 20 | 22 | 27,,Export to Uganda,38,43,20,22,27,,,,,,,,,,,,,
1772,Energy Statistics Report 2020.pdf,17,1,10,Export to Tanesco | 2 | 2 | 2 | 1 | 0.01,,Export to Tanesco,2,2,2,1,0.01,,,,,,,,,,,,,
1773,Energy Statistics Report 2020.pdf,17,1,11,"TOTAL | 7,655 | 7,912 | 8,272 | 8,459 | 8,769",,TOTAL,"7,655","7,912","8,272","8,459","8,769",,,,,,,,,,,,,
1774,Energy Statistics Report 2020.pdf,17,1,12,% INCREASE P.A. | 5.70% | 3.40% | 4.50% | 2.30% | 3.70%,,% INCREASE P.A.,5.70%,3.40%,4.50%,2.30%,3.70%,,,,,,,,,,,,,
1775,Energy Statistics Report 2020.pdf,17,2,1,VOLTAGE (kV) | 2014/15 | 2015/16 | 2016/17 | 2017/18 | 2018/19,VOLTAGE (kV),2014/15,2015/16,2016/17,2017/18,2018/19,,,,,,,,,,,,,,
1776,Energy Statistics Report 2020.pdf,17,2,2,"400 kV | 96.8 | 1,244.4 | 2,116.4",400 kV,,,96.8,"1,244.4","2,116.4",,,,,,,,,,,,,,
1777,Energy Statistics Report 2020.pdf,17,2,3,"220 kV | 1,352 | 1,452 | 1,555 | 1,686 | 1,686",220 kV,"1,352","1,452","1,555","1,686","1,686",,,,,,,,,,,,,,
1778,Energy Statistics Report 2020.pdf,17,2,4,"132 kV | 2,824 | 3,087 | 3,208 | 3,322 | 3,372",132 kV,"2,824","3,087","3,208","3,322","3,372",,,,,,,,,,,,,,
1779,Energy Statistics Report 2020.pdf,17,2,5,"66 kV | 952 | 977 | 1,000 | 1,168 | 1,187",66 kV,952,977,"1,000","1,168","1,187",,,,,,,,,,,,,,
1780,Energy Statistics Report 2020.pdf,17,2,6,"33 kV | 21,370 | 27,497 | 30,846 | 34,508 | 35,177",33 kV,"21,370","27,497","30,846","34,508","35,177",,,,,,,,,,,,,,
1781,Energy Statistics Report 2020.pdf,17,2,7,"11 kV | 32,823 | 35,383 | 37,234 | 38,968 | 39,797",11 kV,"32,823","35,383","37,234","38,968","39,797",,,,,,,,,,,,,,
1782,Energy Statistics Report 2020.pdf,17,2,8,"Total HV and MV | 59,322 | 68,396 | 73,940 | 80,897 | 83,335",Total HV and MV,"59,322","68,396","73,940","80,897","83,335",,,,,,,,,,,,,,
1783,Energy Statistics Report 2020.pdf,17,2,9,"415/240V or 433/250V | 110,778 | 139,642 | 143,331 | 152,799",415/240V or 433/250V,,"110,778","139,642","143,331","152,799",,,,,,,,,,,,,,
1784,Energy Statistics Report 2020.pdf,17,2,10,"TOTAL | 59,322 | 179,174 | 213,582 | 224,228 | 236,134",TOTAL,"59,322","179,174","213,582","224,228","236,134",,,,,,,,,,,,,,
1785,Energy Statistics Report 2020.pdf,17,2,11,% INCREASE P.A. | 4.8% | 15.3% | 19.2% | 5% | 5%,% INCREASE P.A.,4.8%,15.3%,19.2%,5%,5%,,,,,,,,,,,,,,
1786,Energy Statistics Report 2020.pdf,17,3,1,Page 17,,Page 17,,,,,,,,,,,,,,,,,,
1787,Energy Statistics Report 2020.pdf,18,1,1,Page 18,Page 18,,,,,,,,,,,,,,,,,,,
1788,Energy Statistics Report 2020.pdf,19,1,1,SN | Name of Plant | Location (County) | Licensed Capacity Energy Source (MW) | Licensed Capacity by Source (MW),SN,Name of Plant,Location (County),Licensed Capacity Energy Source (MW),Licensed Capacity by Source (MW),,,,,,,,,,,,,,,
1789,Energy Statistics Report 2020.pdf,19,1,2,FY 2018/2019,FY 2018/2019,,,,,,,,,,,,,,,,,,,
1790,Energy Statistics Report 2020.pdf,19,1,3,1 | Mumias Sugar | Kakamega | 26 | Cogeneration | 26,1,Mumias Sugar,Kakamega,26,Cogeneration,26,,,,,,,,,,,,,,
1791,Energy Statistics Report 2020.pdf,19,1,4,2 | Nithi Hydro Power Limited | Tharaka Nithi | 5.6 | Hydro | 5.6,2,Nithi Hydro Power Limited,Tharaka Nithi,5.6,Hydro,5.6,,,,,,,,,,,,,,
1792,Energy Statistics Report 2020.pdf,19,1,5,3 | Isiolo Project Limited | 40 | Solar | 40,3,Isiolo Project Limited,,40,Solar,40,,,,,,,,,,,,,,
1793,Energy Statistics Report 2020.pdf,19,1,6,4 | UETCL | - | Energy Exchange | -,4,UETCL,,-,Energy Exchange,-,,,,,,,,,,,,,,
1794,Energy Statistics Report 2020.pdf,19,1,7,5 | Aperture Green | Kiambu | 50 | Wind | 140,5,Aperture Green,Kiambu,50,Wind,140,,,,,,,,,,,,,,
1795,Energy Statistics Report 2020.pdf,19,1,8,6 | Bahari Wind Limited | Lamu | 90,6,Bahari Wind Limited,Lamu,90,,,,,,,,,,,,,,,,
1796,Energy Statistics Report 2020.pdf,19,1,9,7 | AGIL | Nakuru | 140 | Geothermal | 180,7,AGIL,Nakuru,140,Geothermal,180,,,,,,,,,,,,,,
1797,Energy Statistics Report 2020.pdf,19,1,10,8 | Sosian Menengai Limited | 40,8,Sosian Menengai Limited,,40,,,,,,,,,,,,,,,,
1798,Energy Statistics Report 2020.pdf,19,1,11,Total Licensed Capacity (MW) | 391.6,Total Licensed Capacity (MW),,,,,391.6,,,,,,,,,,,,,,
1799,Energy Statistics Report 2020.pdf,19,2,1,Category | Number of Licenses,Category,Number of Licenses,,,,,,,,,,,,,,,,,,
1800,Energy Statistics Report 2020.pdf,19,2,2,Solar P V Contractors/Vendors (SPVC) | 43,Solar P V Contractors/Vendors (SPVC),43,,,,,,,,,,,,,,,,,,
1801,Energy Statistics Report 2020.pdf,19,2,3,Solar PV System Manufacturers/Importers (SPVM) | 22,Solar PV System Manufacturers/Importers (SPVM),22,,,,,,,,,,,,,,,,,,
1802,Energy Statistics Report 2020.pdf,19,2,4,Solar PV Technicians (SPVT) | 54,Solar PV Technicians (SPVT),54,,,,,,,,,,,,,,,,,,
1803,Energy Statistics Report 2020.pdf,19,3,1,Electrical Licenses/Registrations,Electrical Licenses/Registrations,,,,,,,,,,,,,,,,,,,
1804,Energy Statistics Report 2020.pdf,19,3,2,License Class | Electrical Licenses | Electrical Contractor Registrations,License Class,Electrical Licenses,Electrical Contractor Registrations,,,,,,,,,,,,,,,,,
1805,Energy Statistics Report 2020.pdf,19,3,3,C2 | 175 | 192,C2,175,192,,,,,,,,,,,,,,,,,
1806,Energy Statistics Report 2020.pdf,19,3,4,C1 | 114 | 81,C1,114,81,,,,,,,,,,,,,,,,,
1807,Energy Statistics Report 2020.pdf,19,3,5,B | 27 | 18,B,27,18,,,,,,,,,,,,,,,,,
1808,Energy Statistics Report 2020.pdf,19,3,6,A1 | 33 | 51,A1,33,51,,,,,,,,,,,,,,,,,
1809,Energy Statistics Report 2020.pdf,19,3,7,A2 | 6 | 4,A2,6,4,,,,,,,,,,,,,,,,,
1810,Energy Statistics Report 2020.pdf,19,3,8,Total | 355 | 346,Total,355,346,,,,,,,,,,,,,,,,,
1811,Energy Statistics Report 2020.pdf,19,3,9,Cumulative Total as at June 2018 | 4788 | 1782,Cumulative Total as at June 2018,4788,1782,,,,,,,,,,,,,,,,,
1812,Energy Statistics Report 2020.pdf,19,4,1,Category | Number of Licenses,Category,Number of Licenses,,,,,,,,,,,,,,,,,,
1813,Energy Statistics Report 2020.pdf,19,4,2,Energy Audit Firms (EAF) | 4,Energy Audit Firms (EAF),4,,,,,,,,,,,,,,,,,,
1814,Energy Statistics Report 2020.pdf,19,4,3,Energy Auditors (EA) | 1,Energy Auditors (EA),1,,,,,,,,,,,,,,,,,,
1815,Energy Statistics Report 2020.pdf,19,5,1,Page 19,,Page 19,,,,,,,,,,,,,,,,,,
1816,Energy Statistics Report 2020.pdf,20,1,1,Page 20,Page 20,,,,,,,,,,,,,,,,,,,
1817,Energy Statistics Report 2020.pdf,21,1,1,Basin | Area (Sq. KM) | Wells Drilled | Average Sediment Thickness,Basin,Area (Sq. KM),Wells Drilled,Average Sediment Thickness,,,,,,,,,,,,,,,,
1818,Energy Statistics Report 2020.pdf,21,1,2,"Lamu | 26,1000 | 19 | 12,000",Lamu,"26,1000",19,"12,000",,,,,,,,,,,,,,,,
1819,Energy Statistics Report 2020.pdf,21,1,3,"Mandera | 43,404 | 2 | 10,000",Mandera,"43,404",2,"10,000",,,,,,,,,,,,,,,,
1820,Energy Statistics Report 2020.pdf,21,1,4,"Anza | 81,319 | 15 | 10,000",Anza,"81,319",15,"10,000",,,,,,,,,,,,,,,,
1821,Energy Statistics Report 2020.pdf,21,1,5,"Tertiary Rift | 105,673 | 34 | 40,000",Tertiary Rift,"105,673",34,"40,000",,,,,,,,,,,,,,,,
1822,Energy Statistics Report 2020.pdf,21,2,1,Year | Crude petroleum | Petroleum fuels | Lubricating oils | Lubricating greases | TOTAL | % change P.A,Year,Crude petroleum,Petroleum fuels,Lubricating oils,Lubricating greases,TOTAL,% change P.A,,,,,,,,,,,,,
1823,Energy Statistics Report 2020.pdf,21,2,2,"2007 | 1598.7 | 1999.9 | 93.2 | 3,691.8",2007,1598.7,1999.9,,93.2,"3,691.8",,,,,,,,,,,,,,
1824,Energy Statistics Report 2020.pdf,21,2,3,"2008 | 1687.7 | 1704.5 | 12.4 | 118.6 | 3,523.2 | (4.5%)",2008,1687.7,1704.5,12.4,118.6,"3,523.2",(4.5%),,,,,,,,,,,,,
1825,Energy Statistics Report 2020.pdf,21,2,4,"2009 | 1610.1 | 2559 | 17 | 265 | 4,151.1 | 17.8%",2009,1610.1,2559,17,265,"4,151.1",17.8%,,,,,,,,,,,,,
1826,Energy Statistics Report 2020.pdf,21,2,5,"2010 | 1551.5 | 2071.9 | 3 | 218.2 | 3,844.6 | (7.4%)",2010,1551.5,2071.9,3,218.2,"3,844.6",(7.4%),,,,,,,,,,,,,
1827,Energy Statistics Report 2020.pdf,21,2,6,"2011 | 1772.1 | 2235.6 | 0 | 278 | 4,285.7 | 11.5%",2011,1772.1,2235.6,0,278,"4,285.7",11.5%,,,,,,,,,,,,,
1828,Energy Statistics Report 2020.pdf,21,2,7,"2012 | 997 | 2803.4 | 7.1 | 1.8 | 3,809.3 | (11.1%_",2012,997,2803.4,7.1,1.8,"3,809.3",(11.1%_,,,,,,,,,,,,,
1829,Energy Statistics Report 2020.pdf,21,2,8,"2013 | 567.4 | 2985.9 | 6.9 | 2.3 | 3,562.5 | (6.5%)",2013,567.4,2985.9,6.9,2.3,"3,562.5",(6.5%),,,,,,,,,,,,,
1830,Energy Statistics Report 2020.pdf,21,2,9,"2014 | 4400.2 | 6.8 | 2.4 | 4,409.4 | 23.8%",2014,,4400.2,6.8,2.4,"4,409.4",23.8%,,,,,,,,,,,,,
1831,Energy Statistics Report 2020.pdf,21,2,10,"2015 | 4418.1 | 10.8 | 2.8 | 4,431.7 | 0.5%",2015,,4418.1,10.8,2.8,"4,431.7",0.5%,,,,,,,,,,,,,
1832,Energy Statistics Report 2020.pdf,21,2,11,"2016 | 5978.3 | 9.1 | 2.6 | 5,990 | 35.2%",2016,,5978.3,9.1,2.6,"5,990",35.2%,,,,,,,,,,,,,
1833,Energy Statistics Report 2020.pdf,21,2,12,"2017 | 6334 | 11.2 | 2.5 | 6,347.7 | 6%",2017,,6334,11.2,2.5,"6,347.7",6%,,,,,,,,,,,,,
1834,Energy Statistics Report 2020.pdf,21,2,13,"2018 | 6101.1 | 10.0 | 2.6 | 6,114.4 | (3.7%)",2018,,6101.1,10.0,2.6,"6,114.4",(3.7%),,,,,,,,,,,,,
1835,Energy Statistics Report 2020.pdf,21,2,14,2019 | 6425.4 | 10.9 | 2.6 | 6438.9 | 5.3%,2019,,6425.4,10.9,2.6,6438.9,5.3%,,,,,,,,,,,,,
1836,Energy Statistics Report 2020.pdf,21,3,1,Page 21,,Page 21,,,,,,,,,,,,,,,,,,
1837,Energy Statistics Report 2020.pdf,22,1,1,Oil Marketing Company | Market share,Oil Marketing Company,Market share,,,,,,,,,,,,,,,,,,
1838,Energy Statistics Report 2020.pdf,22,1,2,KENNOL KOBIL (now RUBIS) | 14.1%,KENNOL KOBIL (now RUBIS),14.1%,,,,,,,,,,,,,,,,,,
1839,Energy Statistics Report 2020.pdf,22,1,3,TOTAL | 12.6%,TOTAL,12.6%,,,,,,,,,,,,,,,,,,
1840,Energy Statistics Report 2020.pdf,22,1,4,VIVO ENERGY | 12.5%,VIVO ENERGY,12.5%,,,,,,,,,,,,,,,,,,
1841,Energy Statistics Report 2020.pdf,22,1,5,OLA ENERGY | 6.0%,OLA ENERGY,6.0%,,,,,,,,,,,,,,,,,,
1842,Energy Statistics Report 2020.pdf,22,1,6,GULF ENERGY | 4.6%,GULF ENERGY,4.6%,,,,,,,,,,,,,,,,,,
1843,Energy Statistics Report 2020.pdf,22,1,7,NOCK | 2.8%,NOCK,2.8%,,,,,,,,,,,,,,,,,,
1844,Energy Statistics Report 2020.pdf,22,1,8,BE ENERGY | 2.7%,BE ENERGY,2.7%,,,,,,,,,,,,,,,,,,
1845,Energy Statistics Report 2020.pdf,22,1,9,PETRO | 2.5%,PETRO,2.5%,,,,,,,,,,,,,,,,,,
1846,Energy Statistics Report 2020.pdf,22,1,10,GALANA | 2.5%,GALANA,2.5%,,,,,,,,,,,,,,,,,,
1847,Energy Statistics Report 2020.pdf,22,1,11,ROYAL | 2.3%,ROYAL,2.3%,,,,,,,,,,,,,,,,,,
1848,Energy Statistics Report 2020.pdf,22,1,12,OTHERS | 37.4%,OTHERS,37.4%,,,,,,,,,,,,,,,,,,
1849,Energy Statistics Report 2020.pdf,22,1,13,TOTAL | 100.00%,TOTAL,100.00%,,,,,,,,,,,,,,,,,,
1850,Energy Statistics Report 2020.pdf,22,2,1,Page 22,Page 22,,,,,,,,,,,,,,,,,,,
1851,Energy Statistics Report 2020.pdf,23,1,1,Page 23,,Page 23,,,,,,,,,,,,,,,,,,
1852,Energy Statistics Report 2020.pdf,24,1,1,Petroleum Fuels | 2015 | 2016 | 2017 | 2018 | 2019,Petroleum Fuels,2015,2016,2017,2018,2019,,,,,,,,,,,,,,
1853,Energy Statistics Report 2020.pdf,24,1,2,LPG | 148.6 | 151.7 | 189.3 | 222.3 | 312.1,LPG,148.6,151.7,189.3,222.3,312.1,,,,,,,,,,,,,,
1854,Energy Statistics Report 2020.pdf,24,1,3,Motor Gasoline | 1107 | 1227.2 | 1267.4 | 1359 | 1434.3,Motor Gasoline,1107,1227.2,1267.4,1359,1434.3,,,,,,,,,,,,,,
1855,Energy Statistics Report 2020.pdf,24,1,4,Aviation Spirit | 18.7 | 4.8 | 3.8 | 18.8 | 10.2,Aviation Spirit,18.7,4.8,3.8,18.8,10.2,,,,,,,,,,,,,,
1856,Energy Statistics Report 2020.pdf,24,1,5,Jet/Turbo fuel | 635.3 | 619.2 | 649.7 | 674.4 | 699.4,Jet/Turbo fuel,635.3,619.2,649.7,674.4,699.4,,,,,,,,,,,,,,
1857,Energy Statistics Report 2020.pdf,24,1,6,Illuminating Kerosene | 390.1 | 371.7 | 448 | 339.4 | 168.3,Illuminating Kerosene,390.1,371.7,448,339.4,168.3,,,,,,,,,,,,,,
1858,Energy Statistics Report 2020.pdf,24,1,7,Light Diesel Oil | 2080.9 | 2318.3 | 2086.2 | 2173.1 | 2198.7,Light Diesel Oil,2080.9,2318.3,2086.2,2173.1,2198.7,,,,,,,,,,,,,,
1859,Energy Statistics Report 2020.pdf,24,1,8,Heavy Diesel Oil | 0.1 | 0.5 | 1.2 | 0.2 | 1.3,Heavy Diesel Oil,0.1,0.5,1.2,0.2,1.3,,,,,,,,,,,,,,
1860,Energy Statistics Report 2020.pdf,24,1,9,Fuel Oil | 357.8 | 350.9 | 525 | 402 | 382.8,Fuel Oil,357.8,350.9,525,402,382.8,,,,,,,,,,,,,,
1861,Energy Statistics Report 2020.pdf,24,1,10,Total Domestic Demand | 4738.5 | 5044.3 | 5170.6 | 5189.2 | 5207.1,Total Domestic Demand,4738.5,5044.3,5170.6,5189.2,5207.1,,,,,,,,,,,,,,
1862,Energy Statistics Report 2020.pdf,24,1,11,Exports of Petroleum Fuels | 4.8 | 12.5 | 6.4 | 8.4 | 17,Exports of Petroleum Fuels,4.8,12.5,6.4,8.4,17,,,,,,,,,,,,,,
1863,Energy Statistics Report 2020.pdf,24,1,12,Total Demand | 4743.2 | 5056.7 | 5177 | 5197.6 | 5214.1,Total Demand,4743.2,5056.7,5177,5197.6,5214.1,,,,,,,,,,,,,,
1864,Energy Statistics Report 2020.pdf,24,2,1,Page 24,Page 24,,,,,,,,,,,,,,,,,,,
1865,Energy Statistics Report 2020.pdf,25,1,1,Page 25,,Page 25,,,,,,,,,,,,,,,,,,
1866,Energy Statistics Report 2020.pdf,26,1,1,Station | MSP | AGO | IK | Jet A-1 | Total,Station,MSP,AGO,IK,Jet A-1,Total,,,,,,,,,,,,,,
1867,Energy Statistics Report 2020.pdf,26,1,2,"Moi Airport | - | - | - | 7,349 | 7,349",Moi Airport,-,-,-,"7,349","7,349",,,,,,,,,,,,,,
1868,Energy Statistics Report 2020.pdf,26,1,3,"Nairobi Terminal | 71,726 | 66,551 | 57,187 | 37,116 | 232,580",Nairobi Terminal,"71,726","66,551","57,187","37,116","232,580",,,,,,,,,,,,,,
1869,Energy Statistics Report 2020.pdf,26,1,4,"Jomo Kenyatta Airport | - | - | - | 54,141 | 54,141",Jomo Kenyatta Airport,-,-,-,"54,141","54,141",,,,,,,,,,,,,,
1870,Energy Statistics Report 2020.pdf,26,1,5,"Nakuru Depot | 12,163 | 15,702 | 2,668 | - | 30,533",Nakuru Depot,"12,163","15,702","2,668",-,"30,533",,,,,,,,,,,,,,
1871,Energy Statistics Report 2020.pdf,26,1,6,"Kisumu Depot | 14,371 | 19,388 | 5,013 | 6,516 | 45,288",Kisumu Depot,"14,371","19,388","5,013","6,516","45,288",,,,,,,,,,,,,,
1872,Energy Statistics Report 2020.pdf,26,1,7,"Eldoret Depot | 15,471 | 21,922 | 4,413 | 6,283 | 48,089",Eldoret Depot,"15,471","21,922","4,413","6,283","48,089",,,,,,,,,,,,,,
1873,Energy Statistics Report 2020.pdf,26,1,8,"Sub-Total | 113,731 | 123,563 | 69,281 | 111,405 | 417,980",Sub-Total,"113,731","123,563","69,281","111,405","417,980",,,,,,,,,,,,,,
1874,Energy Statistics Report 2020.pdf,26,1,9,"Kipevu Oil Storage Facility (KOSF) | 69,535 | 131,725 | 124,973 | - | 326,233",Kipevu Oil Storage Facility (KOSF),"69,535","131,725","124,973",-,"326,233",,,,,,,,,,,,,,
1875,Energy Statistics Report 2020.pdf,26,1,10,"KPRL (Changamwe) | 61,269 | 81,745 | - | - | 143,014",KPRL (Changamwe),"61,269","81,745",-,-,"143,014",,,,,,,,,,,,,,
1876,Energy Statistics Report 2020.pdf,26,1,11,"Grand Total | 244,535 | 337,033 | 194,254 | 111,405 | 887,227",Grand Total,"244,535","337,033","194,254","111,405","887,227",,,,,,,,,,,,,,
1877,Energy Statistics Report 2020.pdf,26,2,1,Page 26,Page 26,,,,,,,,,,,,,,,,,,,
1878,Energy Statistics Report 2020.pdf,27,1,1,Pipeline Segments | Diameter (Inches) | Flow Rate (m3/hr),Pipeline Segments,Diameter (Inches),Flow Rate (m3/hr),,,,,,,,,,,,,,,,,
1879,Energy Statistics Report 2020.pdf,27,1,2,Mombasa - Nairobi (Line 1) | 14 | 830*,Mombasa - Nairobi (Line 1),14,830*,,,,,,,,,,,,,,,,,
1880,Energy Statistics Report 2020.pdf,27,1,3,"Mombasa - Nairobi (Line 5) | 20 | 1,000",Mombasa - Nairobi (Line 5),20,"1,000",,,,,,,,,,,,,,,,,
1881,Energy Statistics Report 2020.pdf,27,1,4,Nairobi - Nakuru - Eldoret (Line 2) | 8 & 6 | 220,Nairobi - Nakuru - Eldoret (Line 2),8 & 6,220,,,,,,,,,,,,,,,,,
1882,Energy Statistics Report 2020.pdf,27,1,5,Sinendet - Kisumu (Line 3) | 6 | 110,Sinendet - Kisumu (Line 3),6,110,,,,,,,,,,,,,,,,,
1883,Energy Statistics Report 2020.pdf,27,1,6,Nairobi - Eldoret (Line 4) | 14 | 311,Nairobi - Eldoret (Line 4),14,311,,,,,,,,,,,,,,,,,
1884,Energy Statistics Report 2020.pdf,27,1,7,Sinendet-Kisumu (Line 6) | 10 | 290,Sinendet-Kisumu (Line 6),10,290,,,,,,,,,,,,,,,,,
1885,Energy Statistics Report 2020.pdf,27,1,8,Total,Total,,,,,,,,,,,,,,,,,,,
1886,Energy Statistics Report 2020.pdf,27,1,9,* Due its condition Line-1 can achieve 800m3/hr,* Due its condition Line-1 can achieve 800m3/hr,,,,,,,,,,,,,,,,,,,
1887,Energy Statistics Report 2020.pdf,27,2,1,Page 27,,Page 27,,,,,,,,,,,,,,,,,,
1888,Energy Statistics Report 2020.pdf,28,1,1,Page 28,Page 28,,,,,,,,,,,,,,,,,,,
1889,Energy Statistics Report 2020.pdf,29,1,1,Licensee | Number,Licensee,Number,,,,,,,,,,,,,,,,,,
1890,Energy Statistics Report 2020.pdf,29,1,2,Importers of petroleum products | 115,Importers of petroleum products,115,,,,,,,,,,,,,,,,,,
1891,Energy Statistics Report 2020.pdf,29,1,3,Storage depots | 26,Storage depots,26,,,,,,,,,,,,,,,,,,
1892,Energy Statistics Report 2020.pdf,29,1,4,LPG storage and filling stations | 64,LPG storage and filling stations,64,,,,,,,,,,,,,,,,,,
1893,Energy Statistics Report 2020.pdf,29,1,5,Pipeline transportation | 1,Pipeline transportation,1,,,,,,,,,,,,,,,,,,
1894,Energy Statistics Report 2020.pdf,29,1,6,Wholesalers and Exporters | 540,Wholesalers and Exporters,540,,,,,,,,,,,,,,,,,,
1895,Energy Statistics Report 2020.pdf,29,1,7,Transportation by Road | 100,Transportation by Road,100,,,,,,,,,,,,,,,,,,
1896,Energy Statistics Report 2020.pdf,29,1,8,Retailers | 1800,Retailers,1800,,,,,,,,,,,,,,,,,,
1897,Energy Statistics Report 2020.pdf,29,1,9,Petroleum Tankers | 640,Petroleum Tankers,640,,,,,,,,,,,,,,,,,,
1898,Energy Statistics Report 2020.pdf,29,1,10,Petroleum Drivers | 600,Petroleum Drivers,600,,,,,,,,,,,,,,,,,,
1899,Energy Statistics Report 2020.pdf,29,2,1,Page 29,,Page 29,,,,,,,,,,,,,,,,,,
1900,Energy Statistics Report 2020.pdf,30,1,1,Page 30,Page 30,,,,,,,,,,,,,,,,,,,
1901,Energy Statistics Report 2020.pdf,31,1,1,Page 31,,Page 31,,,,,,,,,,,,,,,,,,
1902,Energy Statistics Report 2020.pdf,32,1,1,No. | License Number | Company Name | Expiry Date,No.,License Number,Company Name,Expiry Date,,,,,,,,,,,,,,,,
1903,Energy Statistics Report 2020.pdf,32,1,2,1 | ERC/PET/3973 | ALBA PETROLEUM LIMITED | 12/01/2019,1,ERC/PET/3973,ALBA PETROLEUM LIMITED,12/01/2019,,,,,,,,,,,,,,,,
1904,Energy Statistics Report 2020.pdf,32,1,3,2 | ERC/PET/3964 | DALBIT PETROLEUM LIMITED | 12/01/2019,2,ERC/PET/3964,DALBIT PETROLEUM LIMITED,12/01/2019,,,,,,,,,,,,,,,,
1905,Energy Statistics Report 2020.pdf,32,1,4,3 | ERC/PET/3972 | FOSSIL FUELS LIMITED | 12/01/2019,3,ERC/PET/3972,FOSSIL FUELS LIMITED,12/01/2019,,,,,,,,,,,,,,,,
1906,Energy Statistics Report 2020.pdf,32,1,5,4 | ERC/PET/3956 | HASS PETROLEUM KENYA LIMITED | 12/01/2019,4,ERC/PET/3956,HASS PETROLEUM KENYA LIMITED,12/01/2019,,,,,,,,,,,,,,,,
1907,Energy Statistics Report 2020.pdf,32,1,6,5 | ERC/PET/3970 | OLYMPIC PETROLEUM LIMITED | 12/01/2019,5,ERC/PET/3970,OLYMPIC PETROLEUM LIMITED,12/01/2019,,,,,,,,,,,,,,,,
1908,Energy Statistics Report 2020.pdf,32,1,7,6 | ERC/PET/3955 | PETRO OIL KENYA LIMITED | 12/01/2019,6,ERC/PET/3955,PETRO OIL KENYA LIMITED,12/01/2019,,,,,,,,,,,,,,,,
1909,Energy Statistics Report 2020.pdf,32,1,8,7 | ERC/PET/3983 | TOTAL KENYA LIMITED | 12/01/2019,7,ERC/PET/3983,TOTAL KENYA LIMITED,12/01/2019,,,,,,,,,,,,,,,,
1910,Energy Statistics Report 2020.pdf,32,1,9,8 | ERC/PET/4015 | BANODA OIL LIMITED | 23/01/2019,8,ERC/PET/4015,BANODA OIL LIMITED,23/01/2019,,,,,,,,,,,,,,,,
1911,Energy Statistics Report 2020.pdf,32,1,10,9 | ERC/PET/3988 | CITY OIL (K) LIMITED | 23/01/2019,9,ERC/PET/3988,CITY OIL (K) LIMITED,23/01/2019,,,,,,,,,,,,,,,,
1912,Energy Statistics Report 2020.pdf,32,1,11,10 | ERC/PET/4026 | HASMACK COMPANY LIMITED | 07/02/2019,10,ERC/PET/4026,HASMACK COMPANY LIMITED,07/02/2019,,,,,,,,,,,,,,,,
1913,Energy Statistics Report 2020.pdf,32,1,12,11 | ERC/PET/4025 | TEXAS ENERGY LTD | 07/02/2019,11,ERC/PET/4025,TEXAS ENERGY LTD,07/02/2019,,,,,,,,,,,,,,,,
1914,Energy Statistics Report 2020.pdf,32,1,13,12 | ERC/PET/4034 | ELIORA ENERGY LIMITED | 08/02/2019,12,ERC/PET/4034,ELIORA ENERGY LIMITED,08/02/2019,,,,,,,,,,,,,,,,
1915,Energy Statistics Report 2020.pdf,32,1,14,13 | ERC/PET/4040 | ROYAL ENERGY (K) LIMITED | 08/02/2019,13,ERC/PET/4040,ROYAL ENERGY (K) LIMITED,08/02/2019,,,,,,,,,,,,,,,,
1916,Energy Statistics Report 2020.pdf,32,1,15,14 | ERC/PET/4072 | SOCIETE PETROLIERE KENYA LIMITED | 20/02/2019,14,ERC/PET/4072,SOCIETE PETROLIERE KENYA LIMITED,20/02/2019,,,,,,,,,,,,,,,,
1917,Energy Statistics Report 2020.pdf,32,1,16,15 | ERC/PET/4073 | AWALI GROUP LIMITED | 21/02/2019,15,ERC/PET/4073,AWALI GROUP LIMITED,21/02/2019,,,,,,,,,,,,,,,,
1918,Energy Statistics Report 2020.pdf,32,1,17,16 | ERC/PET/4075 | ILADE OIL CO. LIMITED | 22/02/2019,16,ERC/PET/4075,ILADE OIL CO. LIMITED,22/02/2019,,,,,,,,,,,,,,,,
1919,Energy Statistics Report 2020.pdf,32,1,18,17 | ERC/PET/4102 | MS OIL LIMITED | 05/03/2019,17,ERC/PET/4102,MS OIL LIMITED,05/03/2019,,,,,,,,,,,,,,,,
1920,Energy Statistics Report 2020.pdf,32,1,19,18 | ERC/PET/4084 | NATIONAL OIL CORPORATION OF KENYA | 05/03/2019,18,ERC/PET/4084,NATIONAL OIL CORPORATION OF KENYA,05/03/2019,,,,,,,,,,,,,,,,
1921,Energy Statistics Report 2020.pdf,32,1,20,19 | ERC/PET/4090 | SAVANNA ENERGY KENYA LIMITED | 05/03/2019,19,ERC/PET/4090,SAVANNA ENERGY KENYA LIMITED,05/03/2019,,,,,,,,,,,,,,,,
1922,Energy Statistics Report 2020.pdf,32,1,21,20 | ERC/PET/4115 | NETGAS AND ENERGY LIMITED | 12/03/2019,20,ERC/PET/4115,NETGAS AND ENERGY LIMITED,12/03/2019,,,,,,,,,,,,,,,,
1923,Energy Statistics Report 2020.pdf,32,1,22,21 | ERC/PET/4107 | ORYX ENERGIES KENYA LIMITED | 12/03/2019,21,ERC/PET/4107,ORYX ENERGIES KENYA LIMITED,12/03/2019,,,,,,,,,,,,,,,,
1924,Energy Statistics Report 2020.pdf,32,1,23,22 | ERC/PET/4131 | JAK LINE COMPANY LTD | 21/03/2019,22,ERC/PET/4131,JAK LINE COMPANY LTD,21/03/2019,,,,,,,,,,,,,,,,
1925,Energy Statistics Report 2020.pdf,32,1,24,23 | ERC/PET/4136 | ONE PETROLEUM LIMITED | 21/03/2019,23,ERC/PET/4136,ONE PETROLEUM LIMITED,21/03/2019,,,,,,,,,,,,,,,,
1926,Energy Statistics Report 2020.pdf,32,1,25,24 | ERC/PET/4135 | TECAFLEX LIMITED | 21/03/2019,24,ERC/PET/4135,TECAFLEX LIMITED,21/03/2019,,,,,,,,,,,,,,,,
1927,Energy Statistics Report 2020.pdf,32,1,26,25 | ERC/PET/4182 | EMKAY INTERNATIONAL LIMITED | 05/04/2019,25,ERC/PET/4182,EMKAY INTERNATIONAL LIMITED,05/04/2019,,,,,,,,,,,,,,,,
1928,Energy Statistics Report 2020.pdf,32,1,27,26 | ERC/PET/4155 | MOIL KENYA LIMITED | 05/04/2019,26,ERC/PET/4155,MOIL KENYA LIMITED,05/04/2019,,,,,,,,,,,,,,,,
1929,Energy Statistics Report 2020.pdf,32,1,28,27 | ERC/PET/4161 | ZACOSIA TRADING LIMITED | 05/04/2019,27,ERC/PET/4161,ZACOSIA TRADING LIMITED,05/04/2019,,,,,,,,,,,,,,,,
1930,Energy Statistics Report 2020.pdf,32,1,29,28 | ERC/PET/4194 | MERIDIAN ENERGY LIMITED | 06/04/2019,28,ERC/PET/4194,MERIDIAN ENERGY LIMITED,06/04/2019,,,,,,,,,,,,,,,,
1931,Energy Statistics Report 2020.pdf,32,1,30,29 | ERC/PET/4193 | TESLOR CORPORATION LIMITED | 06/04/2019,29,ERC/PET/4193,TESLOR CORPORATION LIMITED,06/04/2019,,,,,,,,,,,,,,,,
1932,Energy Statistics Report 2020.pdf,32,1,31,30 | ERC/PET/4188 | TOSHA PETROLEUM (KENYA) LIMITED | 06/04/2019,30,ERC/PET/4188,TOSHA PETROLEUM (KENYA) LIMITED,06/04/2019,,,,,,,,,,,,,,,,
1933,Energy Statistics Report 2020.pdf,32,1,32,31 | ERC/PET/4208 | BACHULAL POPATLAL (KENYA) LIMITED | 13/04/2019,31,ERC/PET/4208,BACHULAL POPATLAL (KENYA) LIMITED,13/04/2019,,,,,,,,,,,,,,,,
1934,Energy Statistics Report 2020.pdf,32,1,33,32 | ERC/PET/4210 | RED STAR PETROLEUM LIMITED | 13/04/2019,32,ERC/PET/4210,RED STAR PETROLEUM LIMITED,13/04/2019,,,,,,,,,,,,,,,,
1935,Energy Statistics Report 2020.pdf,32,1,34,33 | ERC/PET/4211 | ENGEN KENYA LIMITED | 16/04/2019,33,ERC/PET/4211,ENGEN KENYA LIMITED,16/04/2019,,,,,,,,,,,,,,,,
1936,Energy Statistics Report 2020.pdf,32,1,35,34 | ERC/PET/4218 | AFRO PETROLEUM LTD | 19/04/2019,34,ERC/PET/4218,AFRO PETROLEUM LTD,19/04/2019,,,,,,,,,,,,,,,,
1937,Energy Statistics Report 2020.pdf,32,1,36,35 | ERC/PET/4236 | BUZEKI ENTERPRISES LIMITED | 19/04/2019,35,ERC/PET/4236,BUZEKI ENTERPRISES LIMITED,19/04/2019,,,,,,,,,,,,,,,,
1938,Energy Statistics Report 2020.pdf,32,2,1,Page 32,Page 32,,,,,,,,,,,,,,,,,,,
1939,Energy Statistics Report 2020.pdf,33,1,1,No. | License Number | Company Name | Expiry Date,No.,License Number,Company Name,Expiry Date,,,,,,,,,,,,,,,,
1940,Energy Statistics Report 2020.pdf,33,1,2,36 | ERC/PET/4232 | MENA ENERGY LIMITED | 19/04/2019,36,ERC/PET/4232,MENA ENERGY LIMITED,19/04/2019,,,,,,,,,,,,,,,,
1941,Energy Statistics Report 2020.pdf,33,1,3,37 | ERC/PET/4241 | ASHARAMI SYNERGY LIMITED | 30/04/2019,37,ERC/PET/4241,ASHARAMI SYNERGY LIMITED,30/04/2019,,,,,,,,,,,,,,,,
1942,Energy Statistics Report 2020.pdf,33,1,4,38 | ERC/PET/4240 | ASTROL PETROLEUM COMPANY LIMITED | 30/04/2019,38,ERC/PET/4240,ASTROL PETROLEUM COMPANY LIMITED,30/04/2019,,,,,,,,,,,,,,,,
1943,Energy Statistics Report 2020.pdf,33,1,5,39 | ERC/PET/4253 | HARED ENERGY LIMITED | 30/04/2019,39,ERC/PET/4253,HARED ENERGY LIMITED,30/04/2019,,,,,,,,,,,,,,,,
1944,Energy Statistics Report 2020.pdf,33,1,6,40 | ERC/PET/4276 | TAAM PETROLEUM LIMITED | 30/04/2019,40,ERC/PET/4276,TAAM PETROLEUM LIMITED,30/04/2019,,,,,,,,,,,,,,,,
1945,Energy Statistics Report 2020.pdf,33,1,7,41 | ERC/PET/4291 | BULK PETROLEUM LIMITED | 18/05/2019,41,ERC/PET/4291,BULK PETROLEUM LIMITED,18/05/2019,,,,,,,,,,,,,,,,
1946,Energy Statistics Report 2020.pdf,33,1,8,42 | ERC/PET/4307 | EPPIC OIL (K) LIMITED | 18/05/2019,42,ERC/PET/4307,EPPIC OIL (K) LIMITED,18/05/2019,,,,,,,,,,,,,,,,
1947,Energy Statistics Report 2020.pdf,33,1,9,43 | ERC/PET/4342 | DESERT STAR OIL CO.LIMITED | 25/05/2019,43,ERC/PET/4342,DESERT STAR OIL CO.LIMITED,25/05/2019,,,,,,,,,,,,,,,,
1948,Energy Statistics Report 2020.pdf,33,1,10,44 | ERC/PET/4376 | BRAIN FIELD OIL AND GAS LIMITED | 30/05/2019,44,ERC/PET/4376,BRAIN FIELD OIL AND GAS LIMITED,30/05/2019,,,,,,,,,,,,,,,,
1949,Energy Statistics Report 2020.pdf,33,1,11,45 | ERC/PET/4385 | GLOBAL PETROLEUM PRODUCTS KENYA LIMITED | 30/05/2019,45,ERC/PET/4385,GLOBAL PETROLEUM PRODUCTS KENYA LIMITED,30/05/2019,,,,,,,,,,,,,,,,
1950,Energy Statistics Report 2020.pdf,33,1,12,46 | ERC/PET/4404 | MOGAS KENYA LIMITED | 30/05/2019,46,ERC/PET/4404,MOGAS KENYA LIMITED,30/05/2019,,,,,,,,,,,,,,,,
1951,Energy Statistics Report 2020.pdf,33,1,13,47 | ERC/PET/4280 | RIVA PETROLEUM DEALERS LIMITED | 30/05/2019,47,ERC/PET/4280,RIVA PETROLEUM DEALERS LIMITED,30/05/2019,,,,,,,,,,,,,,,,
1952,Energy Statistics Report 2020.pdf,33,1,14,48 | ERC/PET/4458 | BUSHRA ENERGY LIMITED | 26/06/2019,48,ERC/PET/4458,BUSHRA ENERGY LIMITED,26/06/2019,,,,,,,,,,,,,,,,
1953,Energy Statistics Report 2020.pdf,33,1,15,49 | ERC/PET/4552 | LUQMAN PETROLEUM LIMITED | 06/07/2019,49,ERC/PET/4552,LUQMAN PETROLEUM LIMITED,06/07/2019,,,,,,,,,,,,,,,,
1954,Energy Statistics Report 2020.pdf,33,1,16,50 | ERC/PET/4531 | OILCOM (K) LIMITED | 06/07/2019,50,ERC/PET/4531,OILCOM (K) LIMITED,06/07/2019,,,,,,,,,,,,,,,,
1955,Energy Statistics Report 2020.pdf,33,1,17,51 | ERC/PET/4579 | TOWBA PETROLEUM COMPANY LIMITED | 13/07/2019,51,ERC/PET/4579,TOWBA PETROLEUM COMPANY LIMITED,13/07/2019,,,,,,,,,,,,,,,,
1956,Energy Statistics Report 2020.pdf,33,1,18,License Number | Company Name | Expiry Date,,License Number,Company Name,Expiry Date,,,,,,,,,,,,,,,,
1957,Energy Statistics Report 2020.pdf,33,1,19,52 | ERC/PET/4609 | EVON INTERNATIONAL ENERGY LIMITED | 17/07/2019,52,ERC/PET/4609,EVON INTERNATIONAL ENERGY LIMITED,17/07/2019,,,,,,,,,,,,,,,,
1958,Energy Statistics Report 2020.pdf,33,1,20,53 | ERC/PET/4636 | LINK OIL LTD | 17/07/2019,53,ERC/PET/4636,LINK OIL LTD,17/07/2019,,,,,,,,,,,,,,,,
1959,Energy Statistics Report 2020.pdf,33,1,21,54 | ERC/PET/4607 | OILPRO LIMITED | 17/07/2019,54,ERC/PET/4607,OILPRO LIMITED,17/07/2019,,,,,,,,,,,,,,,,
1960,Energy Statistics Report 2020.pdf,33,1,22,55 | ERC/PET/4604 | PERFORMANCE PARTS LIMITED | 17/07/2019,55,ERC/PET/4604,PERFORMANCE PARTS LIMITED,17/07/2019,,,,,,,,,,,,,,,,
1961,Energy Statistics Report 2020.pdf,33,1,23,56 | ERC/PET/4615 | RANWAY TRADERS LIMITED | 17/07/2019,56,ERC/PET/4615,RANWAY TRADERS LIMITED,17/07/2019,,,,,,,,,,,,,,,,
1962,Energy Statistics Report 2020.pdf,33,1,24,57 | ERC/PET/4622 | VIVO ENERGY KENYA LIMITED | 17/07/2019,57,ERC/PET/4622,VIVO ENERGY KENYA LIMITED,17/07/2019,,,,,,,,,,,,,,,,
1963,Energy Statistics Report 2020.pdf,33,1,25,58 | ERC/PET/4639 | KOSMOIL PETROLEUM (EA) LIMITED | 25/07/2019,58,ERC/PET/4639,KOSMOIL PETROLEUM (EA) LIMITED,25/07/2019,,,,,,,,,,,,,,,,
1964,Energy Statistics Report 2020.pdf,33,1,26,59 | ERC/PET/4703 | RAMJI HARIBHAI DEVANI LIMITED | 25/07/2019,59,ERC/PET/4703,RAMJI HARIBHAI DEVANI LIMITED,25/07/2019,,,,,,,,,,,,,,,,
1965,Energy Statistics Report 2020.pdf,33,1,27,60 | ERC/PET/4723 | AFTAH PETROLEUM(K)LTD | 27/07/2019,60,ERC/PET/4723,AFTAH PETROLEUM(K)LTD,27/07/2019,,,,,,,,,,,,,,,,
1966,Energy Statistics Report 2020.pdf,33,1,28,61 | ERC/PET/4767 | GAPCO KENYA LIMITED | 02/08/2019,61,ERC/PET/4767,GAPCO KENYA LIMITED,02/08/2019,,,,,,,,,,,,,,,,
1967,Energy Statistics Report 2020.pdf,33,1,29,62 | ERC/PET/4746 | OIL ENERGY KENYA LIMITED | 02/08/2019,62,ERC/PET/4746,OIL ENERGY KENYA LIMITED,02/08/2019,,,,,,,,,,,,,,,,
1968,Energy Statistics Report 2020.pdf,33,1,30,63 | ERC/PET/4744 | PETROCAM KENYA LTD | 02/08/2019,63,ERC/PET/4744,PETROCAM KENYA LTD,02/08/2019,,,,,,,,,,,,,,,,
1969,Energy Statistics Report 2020.pdf,33,1,31,64 | ERC/PET/4819 | AXON ENERGY LIMITED | 16/08/2019,64,ERC/PET/4819,AXON ENERGY LIMITED,16/08/2019,,,,,,,,,,,,,,,,
1970,Energy Statistics Report 2020.pdf,33,1,32,65 | ERC/PET/4832 | JOJES OIL DEALERS LIMITED | 16/08/2019,65,ERC/PET/4832,JOJES OIL DEALERS LIMITED,16/08/2019,,,,,,,,,,,,,,,,
1971,Energy Statistics Report 2020.pdf,33,1,33,66 | ERC/PET/4842 | GASLINE PETROLEUM LIMITED-Conditional License | 24/11/2018,66,ERC/PET/4842,GASLINE PETROLEUM LIMITED-Conditional License,24/11/2018,,,,,,,,,,,,,,,,
1972,Energy Statistics Report 2020.pdf,33,1,34,67 | ERC/PET/4897 | OCEAN ENERGY LIMITED | 31/08/2019,67,ERC/PET/4897,OCEAN ENERGY LIMITED,31/08/2019,,,,,,,,,,,,,,,,
1973,Energy Statistics Report 2020.pdf,33,1,35,68 | ERC/PET/4895 | REGNOL OIL (K) LIMITED | 31/08/2019,68,ERC/PET/4895,REGNOL OIL (K) LIMITED,31/08/2019,,,,,,,,,,,,,,,,
1974,Energy Statistics Report 2020.pdf,33,1,36,69 | ERC/PET/4967 | EAST AFRICAN GASOIL LIMITED | 12/09/2019,69,ERC/PET/4967,EAST AFRICAN GASOIL LIMITED,12/09/2019,,,,,,,,,,,,,,,,
1975,Energy Statistics Report 2020.pdf,33,1,37,70 | ERC/PET/5037 | KAYMAN ENERGY LIMITED | 28/09/2019,70,ERC/PET/5037,KAYMAN ENERGY LIMITED,28/09/2019,,,,,,,,,,,,,,,,
1976,Energy Statistics Report 2020.pdf,33,1,38,71 | ERC/PET/5039 | TORCH ENERGY LTD | 28/09/2019,71,ERC/PET/5039,TORCH ENERGY LTD,28/09/2019,,,,,,,,,,,,,,,,
1977,Energy Statistics Report 2020.pdf,33,1,39,72 | ERC/PET/5068 | KENCOR PETROLEUM LIMITED | 05/10/2019,72,ERC/PET/5068,KENCOR PETROLEUM LIMITED,05/10/2019,,,,,,,,,,,,,,,,
1978,Energy Statistics Report 2020.pdf,33,2,1,Page 33,,Page 33,,,,,,,,,,,,,,,,,,
1979,Energy Statistics Report 2020.pdf,34,1,1,Page 34,Page 34,,,,,,,,,,,,,,,,,,,
1980,Energy Statistics Report 2020.pdf,35,1,1,Category of License | 2013/14 | 2014/15 | 2015/16 | 2016/17 | 2017/18 | 2018/19 | TOTAL,Category of License,2013/14,2014/15,2015/16,2016/17,2017/18,2018/19,TOTAL,,,,,,,,,,,,
1981,Energy Statistics Report 2020.pdf,35,1,2,Solar Water Heating Contractors (SWHC) | 2 | 14 | 42 | 31 | 49 | 0 | 138,Solar Water Heating Contractors (SWHC),2,14,42,31,49,0,138,,,,,,,,,,,,
1982,Energy Statistics Report 2020.pdf,35,1,3,Solar Water Heating Technicians (SWHT) | 8 | 83 | 59 | 41 | 54 | 0 | 245,Solar Water Heating Technicians (SWHT),8,83,59,41,54,0,245,,,,,,,,,,,,
1983,Energy Statistics Report 2020.pdf,35,2,1,Page 35,,Page 35,,,,,,,,,,,,,,,,,,
1984,Energy Statistics Report 2020.pdf,36,1,1,Type of facility | No. of compliant facilities in category | Projected annual energy savings (GWh) | Projected annual energy cost savings (Billion Ksh.) | Projected annual avoided CO2 emissions (Ton),Type of facility,No. of compliant facilities in category,Projected annual energy savings (GWh),Projected annual energy cost savings (Billion Ksh.),Projected annual avoided CO2 emissions (Ton),,,,,,,,,,,,,,,
1985,Energy Statistics Report 2020.pdf,36,1,2,"Industrial | 634 | 924 | 16.4 | 107,199",Industrial,634,924,16.4,"107,199",,,,,,,,,,,,,,,
1986,Energy Statistics Report 2020.pdf,36,1,3,"Commercial | 679 | 178 | 2.8 | 20,667",Commercial,679,178,2.8,"20,667",,,,,,,,,,,,,,,
1987,Energy Statistics Report 2020.pdf,36,1,4,"TOTAL | 1,313 | 1,102 | 19.2 | 127,866",TOTAL,"1,313","1,102",19.2,"127,866",,,,,,,,,,,,,,,
1988,Energy Statistics Report 2020.pdf,36,2,1,Page 36,Page 36,,,,,,,,,,,,,,,,,,,
1989,Energy Statistics Report 2020.pdf,37,1,1,Page 37,,Page 37,,,,,,,,,,,,,,,,,,
1990,Energy Statistics Report 2020.pdf,38,1,1,Page 38,Page 38,,,,,,,,,,,,,,,,,,,
1991,Energy Statistics Report 2020.pdf,39,1,1,Page 39,,Page 39,,,,,,,,,,,,,,,,,,
1992,Energy Statistics Report 2020.pdf,40,1,1,Page 40,Page 40,,,,,,,,,,,,,,,,,,,
1993,Energy Statistics Report 2020.pdf,41,1,1,Page 41,,Page 41,,,,,,,,,,,,,,,,,,
1994,Energy Statistics Report 2020.pdf,42,1,1,Year | 2009 | 2010 | 2011 | 2012 | 2013 | 2014 | 2015 | 2016 | 2017 | 2018 | 2019,Year,2009,2010,2011,2012,2013,2014,2015,2016,2017,2018,2019,,,,,,,,
1995,Energy Statistics Report 2020.pdf,42,1,2,"Production | 14,236 | 14,634 | 15,017 | 15,485 | 15,953 | 16,920 | 17,151 | 17,285 | 17,306 | 17,575 | 24,124",Production,"14,236","14,634","15,017","15,485","15,953","16,920","17,151","17,285","17,306","17,575","24,124",,,,,,,,
1996,Energy Statistics Report 2020.pdf,42,1,3,"Total Primary Energy Supply | 17,357 | 17,909 | 18,424 | 18,640 | 19,279 | 20,290 | 21,029 | 21,429 | 23,277 | 33,220.96 | 33,089",Total Primary Energy Supply,"17,357","17,909","18,424","18,640","19,279","20,290","21,029","21,429","23,277","33,220.96","33,089",,,,,,,,
1997,Energy Statistics Report 2020.pdf,42,1,4,"Total Primary Energy Consumption | 13,971 | 14,293 | 14,690 | 15,136 | 15,659 | 16,671 | 16,762 | 16,972 | 16,868 | 17,324 | 29,022",Total Primary Energy Consumption,"13,971","14,293","14,690","15,136","15,659","16,671","16,762","16,972","16,868","17,324","29,022",,,,,,,,
1998,Energy Statistics Report 2020.pdf,42,2,1,Page 42,Page 42,,,,,,,,,,,,,,,,,,,
1999,Energy Statistics Report 2020.pdf,43,1,1,Page 43,,Page 43,,,,,,,,,,,,,,,,,,
2000,Energy Statistics Report 2020.pdf,44,1,1,Rank | Country | Factor KgCO e per kWh 2,Rank,Country,Factor KgCO e per kWh 2,,,,,,,,,,,,,,,,,
2001,Energy Statistics Report 2020.pdf,44,1,2,1 | Iceland | 0,1,Iceland,0,,,,,,,,,,,,,,,,,
2002,Energy Statistics Report 2020.pdf,44,1,3,2 | Norway | 0.011,2,Norway,0.011,,,,,,,,,,,,,,,,,
2003,Energy Statistics Report 2020.pdf,44,1,4,3 | Sweden | 0.012,3,Sweden,0.012,,,,,,,,,,,,,,,,,
2004,Energy Statistics Report 2020.pdf,44,1,5,4 | Switzerland | 0.014,4,Switzerland,0.014,,,,,,,,,,,,,,,,,
2005,Energy Statistics Report 2020.pdf,44,1,6,5 | France | 0.047,5,France,0.047,,,,,,,,,,,,,,,,,
2006,Energy Statistics Report 2020.pdf,44,1,7,6 | Brazil | 0.0927,6,Brazil,0.0927,,,,,,,,,,,,,,,,,
2007,Energy Statistics Report 2020.pdf,44,1,8,7 | Austria | 0.142,7,Austria,0.142,,,,,,,,,,,,,,,,,
2008,Energy Statistics Report 2020.pdf,44,1,9,8 | Finland | 0.143,8,Finland,0.143,,,,,,,,,,,,,,,,,
2009,Energy Statistics Report 2020.pdf,44,1,10,9 | Belgium | 0.167,9,Belgium,0.167,,,,,,,,,,,,,,,,,
2010,Energy Statistics Report 2020.pdf,44,1,11,10 | Slovakia | 0.169,10,Slovakia,0.169,,,,,,,,,,,,,,,,,
2011,Energy Statistics Report 2020.pdf,44,1,12,11 | Luxemburg | 0.201,11,Luxemburg,0.201,,,,,,,,,,,,,,,,,
2012,Energy Statistics Report 2020.pdf,44,1,13,12 | Denmark | 0.206,12,Denmark,0.206,,,,,,,,,,,,,,,,,
2013,Energy Statistics Report 2020.pdf,44,1,14,13 | Spain | 0.228,13,Spain,0.228,,,,,,,,,,,,,,,,,
2014,Energy Statistics Report 2020.pdf,44,1,15,14 | United Kingdom | 0.2773,14,United Kingdom,0.2773,,,,,,,,,,,,,,,,,
2015,Energy Statistics Report 2020.pdf,44,1,16,15 | Portugal | 0.307,15,Portugal,0.307,,,,,,,,,,,,,,,,,
2016,Energy Statistics Report 2020.pdf,44,1,17,16 | Latvia | 0.313,16,Latvia,0.313,,,,,,,,,,,,,,,,,
2017,Energy Statistics Report 2020.pdf,44,1,18,17 | Hungary | 0.314,17,Hungary,0.314,,,,,,,,,,,,,,,,,
2018,Energy Statistics Report 2020.pdf,44,1,19,18 | Italy | 0.327,18,Italy,0.327,,,,,,,,,,,,,,,,,
2019,Energy Statistics Report 2020.pdf,44,1,20,19 | Russian Federation | 0.3302,19,Russian Federation,0.3302,,,,,,,,,,,,,,,,,
2020,Energy Statistics Report 2020.pdf,44,1,21,20 | Slovenia | 0.335,20,Slovenia,0.335,,,,,,,,,,,,,,,,,
2021,Energy Statistics Report 2020.pdf,44,1,22,21 | Argentina | 0.3583,21,Argentina,0.3583,,,,,,,,,,,,,,,,,
2022,Energy Statistics Report 2020.pdf,44,1,23,22 | Lithuania | 0.362,22,Lithuania,0.362,,,,,,,,,,,,,,,,,
2023,Energy Statistics Report 2020.pdf,44,1,24,23 | Romania | 0.401,23,Romania,0.401,,,,,,,,,,,,,,,,,
2024,Energy Statistics Report 2020.pdf,44,2,1,Page 44,Page 44,,,,,,,,,,,,,,,,,,,
2025,Energy Statistics Report 2020.pdf,45,1,1,24 | Croatia | 0.417,24,Croatia,0.417,,,,,,,,,,,,,,,,,
2026,Energy Statistics Report 2020.pdf,45,1,2,25 | United Arab Emirates | 0.4333,25,United Arab Emirates,0.4333,,,,,,,,,,,,,,,,,
2027,Energy Statistics Report 2020.pdf,45,1,3,26 | Netherlands | 0.457,26,Netherlands,0.457,,,,,,,,,,,,,,,,,
2028,Energy Statistics Report 2020.pdf,45,1,4,27 | Mexico | 0.463,27,Mexico,0.463,,,,,,,,,,,,,,,,,
2029,Energy Statistics Report 2020.pdf,45,1,5,28 | Germany | 0.469,28,Germany,0.469,,,,,,,,,,,,,,,,,
2030,Energy Statistics Report 2020.pdf,45,1,6,29 | Bulgaria | 0.47,29,Bulgaria,0.47,,,,,,,,,,,,,,,,,
2031,Energy Statistics Report 2020.pdf,45,1,7,30 | United States | 0.4759,30,United States,0.4759,,,,,,,,,,,,,,,,,
2032,Energy Statistics Report 2020.pdf,45,1,8,31 | Japan | 0.4916,31,Japan,0.4916,,,,,,,,,,,,,,,,,
2033,Energy Statistics Report 2020.pdf,45,1,9,32 | Republic of Korea | 0.517,32,Republic of Korea,0.517,,,,,,,,,,,,,,,,,
2034,Energy Statistics Report 2020.pdf,45,1,10,33 | Turkey | 0.5434,33,Turkey,0.5434,,,,,,,,,,,,,,,,,
2035,Energy Statistics Report 2020.pdf,45,1,11,34 | Greece | 0.567,34,Greece,0.567,,,,,,,,,,,,,,,,,
2036,Energy Statistics Report 2020.pdf,45,1,12,35 | Czech Republic | 0.576,35,Czech Republic,0.576,,,,,,,,,,,,,,,,,
2037,Energy Statistics Report 2020.pdf,45,1,13,36 | China | 0.6236,36,China,0.6236,,,,,,,,,,,,,,,,,
2038,Energy Statistics Report 2020.pdf,45,1,14,37 | Cyprus | 0.639,37,Cyprus,0.639,,,,,,,,,,,,,,,,,
2039,Energy Statistics Report 2020.pdf,45,1,15,38 | Saudi Arabia | 0.7176,38,Saudi Arabia,0.7176,,,,,,,,,,,,,,,,,
2040,Energy Statistics Report 2020.pdf,45,1,16,39 | India | 0.7429,39,India,0.7429,,,,,,,,,,,,,,,,,
2041,Energy Statistics Report 2020.pdf,45,1,17,40 | Indonesia | 0.7551,40,Indonesia,0.7551,,,,,,,,,,,,,,,,,
2042,Energy Statistics Report 2020.pdf,45,1,18,41 | Malta | 0.761,41,Malta,0.761,,,,,,,,,,,,,,,,,
2043,Energy Statistics Report 2020.pdf,45,1,19,42 | Poland | 0.846,42,Poland,0.846,,,,,,,,,,,,,,,,,
2044,Energy Statistics Report 2020.pdf,45,1,20,43 | Estonia | 0.875,43,Estonia,0.875,,,,,,,,,,,,,,,,,
2045,Energy Statistics Report 2020.pdf,45,1,21,45 | South Africa | 0.96,45,South Africa,0.96,,,,,,,,,,,,,,,,,
2046,Energy Statistics Report 2020.pdf,45,1,22,46 | Ireland | 0.3930,46,Ireland,0.3930,,,,,,,,,,,,,,,,,
2047,Energy Statistics Report 2020.pdf,45,1,23,47 | New Zealand | 0.0977,47,New Zealand,0.0977,,,,,,,,,,,,,,,,,
2048,Energy Statistics Report 2020.pdf,45,1,24,48 | Canada | 0.8,48,Canada,0.8,,,,,,,,,,,,,,,,,
2049,Energy Statistics Report 2020.pdf,45,1,25,49 | Hong Kong | 1.00,49,Hong Kong,1.00,,,,,,,,,,,,,,,,,
2050,Energy Statistics Report 2020.pdf,45,1,26,50 | Kenya | 0.3322(2011),50,Kenya,0.3322(2011),,,,,,,,,,,,,,,,,
2051,Energy Statistics Report 2020.pdf,45,2,1,Page 45,,Page 45,,,,,,,,,,,,,,,,,,
2052,Energy Statistics Report 2020.pdf,46,1,1,Page 46,Page 46,,,,,,,,,,,,,,,,,,,
2053,Energy Statistics Report 2020.pdf,47,1,1,"9 BIBLIOGRAPHY Kenya Power and Lighting Company Limited (2019), Annual Report 2018/19 EPRA (2018, 2019), Various Reports Kenya National Bureau of Statistics (2020), Economic Survey 2020, Govern- ment Printer Kenya National Bureau of Statistics (2018), Economic Survey 2018, Government Printer Kenya National Bureau of Statistics (2017), Eco- nomic Survey 2017, Government Printer Kenya National Bureau of Statistics (2016), Economic Survey 2016, Government Printer Central Bank of Kenya, Various Publications and website data Ministry of Energy (2019), Various Statistics Ministry of Petroleum and Mining (2018, 2019), Various Statistics International Energy Agency, Various statistics Matthew B, Aman. S, Wylie.C, Haughton.A, Lovell’J, Electricity-Specific emission factors for grid electricity. https://ecometrica.com/assets/Electricity -specific-emission-factors-for-grid- electricity.pdf",,,"9 BIBLIOGRAPHY Kenya Power and Lighting Company Limited (2019), Annual Report 2018/19 EPRA (2018, 2019), Various Reports Kenya National Bureau of Statistics (2020), Economic Survey 2020, Govern- ment Printer Kenya National Bureau of Statistics (2018), Economic Survey 2018, Government Printer Kenya National Bureau of Statistics (2017), Eco- nomic Survey 2017, Government Printer Kenya National Bureau of Statistics (2016), Economic Survey 2016, Government Printer Central Bank of Kenya, Various Publications and website data Ministry of Energy (2019), Various Statistics Ministry of Petroleum and Mining (2018, 2019), Various Statistics International Energy Agency, Various statistics Matthew B, Aman. S, Wylie.C, Haughton.A, Lovell’J, Electricity-Specific emission factors for grid electricity. https://ecometrica.com/assets/Electricity -specific-emission-factors-for-grid- electricity.pdf",,,,,,,,,,,,,,,,,
2054,Energy Statistics Report 2020.pdf,47,1,3,Page 47,,,Page 47,,,,,,,,,,,,,,,,,
2055,Energy Statistics Report 2020.pdf,48,1,1,ANNEXURES Annex 1: Structure of the Petroleum Sector’s Supply Chain KPC BULK STORAGE LOCAL CRUED IMPORTS DEPOTS DISTRIBUTION KPRL PIPELINE Retail of Regulated TRANSPORT Bridging Petroleum Products Imports of refined KOSF Storage petroleum products OMC Depots in Mombasa,,ANNEXURES Annex 1: Structure of the Petroleum Sector’s Supply Chain KPC BULK STORAGE LOCAL CRUED IMPORTS DEPOTS DISTRIBUTION KPRL PIPELINE Retail of Regulated TRANSPORT Bridging Petroleum Products Imports of refined KOSF Storage petroleum products OMC Depots in Mombasa,,,,,,,,,,,,,,,,,,
2056,Energy Statistics Report 2020.pdf,48,1,2,Page 48,Page 48,,,,,,,,,,,,,,,,,,,
2057,Energy Statistics Report 2020.pdf,49,1,1,1. Oil Marketing Companies intending to trade in Jet A1 or other aviation petroleum fuels,1. Oil Marketing Companies intending to trade in Jet A1 or other aviation petroleum fuels,,,,,,,,,,,,,,,,,,,
2058,Energy Statistics Report 2020.pdf,49,1,2,1) Proof of General Aviation Insurance for Third Party Insurance liability with a minimum cover of USD 500 million; 2) Proof of ownership of into plane refueling dispenser or evidence of lease of the equipment from a licensed supplier of Jet A1 at the airport or airstrip of operation; 3) Proof of office space at the airport or airstrip of operation.,1) Proof of General Aviation Insurance for Third Party Insurance liability with a minimum cover of USD 500 million; 2) Proof of ownership of into plane refueling dispenser or evidence of lease of the equipment from a licensed supplier of Jet A1 at the airport or airstrip of operation; 3) Proof of office space at the airport or airstrip of operation.,,,,,,,,,,,,,,,,,,,
2059,Energy Statistics Report 2020.pdf,49,1,3,"2. Import, Export and Wholesale of Fuel Oil-New Application","2. Import, Export and Wholesale of Fuel Oil-New Application",,,,,,,,,,,,,,,,,,,
2060,Energy Statistics Report 2020.pdf,49,1,4,a) CR 12 from Registrar of Companies (not older than 12 months) for Limited Companies; b) Legible copies of Identification documents for directors (IDs/passports) c) Certificate of Incorporation/Business registration certificate d) Valid tax compliance certificate from Kenya Revenue Authority e) Single Business Permit for the office premises from the County Government f) Work Permits Class “G” for foreign directors as per the CR12 g) Proof of application for membership to a National Oil Spill Contingency Group,a) CR 12 from Registrar of Companies (not older than 12 months) for Limited Companies; b) Legible copies of Identification documents for directors (IDs/passports) c) Certificate of Incorporation/Business registration certificate d) Valid tax compliance certificate from Kenya Revenue Authority e) Single Business Permit for the office premises from the County Government f) Work Permits Class “G” for foreign directors as per the CR12 g) Proof of application for membership to a National Oil Spill Contingency Group,,,,,,,,,,,,,,,,,,,
2061,Energy Statistics Report 2020.pdf,49,1,5,"3. Import, Export and Wholesale of Bitumen-New Application","3. Import, Export and Wholesale of Bitumen-New Application",,,,,,,,,,,,,,,,,,,
2062,Energy Statistics Report 2020.pdf,49,1,6,a) CR 12 from Registrar of Companies (not older than 12 months) for Limited Companies; b) Legible copies of Identification documents for directors (IDs/passports) c) Certificate of Incorporation/Business registration certificate d) Valid tax compliance certificate from Kenya Revenue Authority e) Single Business Permit for the office premises from the County Government f) Work permits Class “G” for foreign directors as per the CR12,a) CR 12 from Registrar of Companies (not older than 12 months) for Limited Companies; b) Legible copies of Identification documents for directors (IDs/passports) c) Certificate of Incorporation/Business registration certificate d) Valid tax compliance certificate from Kenya Revenue Authority e) Single Business Permit for the office premises from the County Government f) Work permits Class “G” for foreign directors as per the CR12,,,,,,,,,,,,,,,,,,,
2063,Energy Statistics Report 2020.pdf,49,1,7,4. Bunkering of Petroleum Products (Except LPG)-New Application,4. Bunkering of Petroleum Products (Except LPG)-New Application,,,,,,,,,,,,,,,,,,,
2064,Energy Statistics Report 2020.pdf,49,1,8,a) CR 12 from Registrar of Companies (not older than 12 months) for Limited Companies; b) Legible copies of Identification documents for directors (IDs/passports) c) Certificate of Incorporation/Business registration certificate d) Valid tax compliance certificate from Kenya Revenue Authority Work Permits Class “G” for foreign directors as per the CR12 e) Single Business Permit for the office premises from the County Government f) Proof of application for membership to a National Oil Spill Contingency Group,a) CR 12 from Registrar of Companies (not older than 12 months) for Limited Companies; b) Legible copies of Identification documents for directors (IDs/passports) c) Certificate of Incorporation/Business registration certificate d) Valid tax compliance certificate from Kenya Revenue Authority Work Permits Class “G” for foreign directors as per the CR12 e) Single Business Permit for the office premises from the County Government f) Proof of application for membership to a National Oil Spill Contingency Group,,,,,,,,,,,,,,,,,,,
2065,Energy Statistics Report 2020.pdf,49,1,9,5. Export and Wholesale of Petroleum Products (Except LPG)-New Application,5. Export and Wholesale of Petroleum Products (Except LPG)-New Application,,,,,,,,,,,,,,,,,,,
2066,Energy Statistics Report 2020.pdf,49,1,10,a) CR 12 from Registrar of Companies (not older than 12 months) for Limited Companies; b) Legible copies of Identification documents for directors (IDs/passports) a) Certificate of Incorporation/Business registration certificate b) Valid tax compliance certificate from Kenya Revenue Authority a) Single Business Permit for the office premises from the County Government b) Work permits Class “G” for foreign directors as per the CR12,a) CR 12 from Registrar of Companies (not older than 12 months) for Limited Companies; b) Legible copies of Identification documents for directors (IDs/passports) a) Certificate of Incorporation/Business registration certificate b) Valid tax compliance certificate from Kenya Revenue Authority a) Single Business Permit for the office premises from the County Government b) Work permits Class “G” for foreign directors as per the CR12,,,,,,,,,,,,,,,,,,,
2067,Energy Statistics Report 2020.pdf,49,2,1,Page 49,,Page 49,,,,,,,,,,,,,,,,,,
2068,Energy Statistics Report 2020.pdf,50,1,1,6. Export and Wholesale of Jet A1 - New Application,6. Export and Wholesale of Jet A1 - New Application,,,,,,,,,,,,,,,,,,,
2069,Energy Statistics Report 2020.pdf,50,1,2,"a) CR12 from the Registrar of companies (Not older than one (1) year) for limited companies b) Valid Tax Compliance Certificate from Kenya Revenue Authority c) Legible Copies of Identification Documents i.e. IDs/Passports for all the Company directors d) Single Business Permit to operate business from the respective County Government e) Work Permits Class “G” for foreign directors as per CR12 f) Proof of ownership of into plane refueling dispenser or evidence of long-term lease of the equipment (minimum 5 years) from a licensed supplier of Jet A1 at the airport or airstrip of operation. g) Valid license for Import, Export and Wholesale of Petroleum Products (Except LPG) Proof of General h) Aviation Insurance for Third Party Insurance liability with a minimum cover of USD 500 million","a) CR12 from the Registrar of companies (Not older than one (1) year) for limited companies b) Valid Tax Compliance Certificate from Kenya Revenue Authority c) Legible Copies of Identification Documents i.e. IDs/Passports for all the Company directors d) Single Business Permit to operate business from the respective County Government e) Work Permits Class “G” for foreign directors as per CR12 f) Proof of ownership of into plane refueling dispenser or evidence of long-term lease of the equipment (minimum 5 years) from a licensed supplier of Jet A1 at the airport or airstrip of operation. g) Valid license for Import, Export and Wholesale of Petroleum Products (Except LPG) Proof of General h) Aviation Insurance for Third Party Insurance liability with a minimum cover of USD 500 million",,,,,,,,,,,,,,,,,,,
2070,Energy Statistics Report 2020.pdf,50,1,3,7. Storage of petroleum products (Except LPG)- New Application,7. Storage of petroleum products (Except LPG)- New Application,,,,,,,,,,,,,,,,,,,
2071,Energy Statistics Report 2020.pdf,50,1,4,a) CR 12 from Registrar of Companies (not older than 12 months) for Limited Companies; b) Legible copies of Identification documents for directors (IDs/passports) c) Certificate of Incorporation/Business registration certificate d) Valid tax compliance certificate from Kenya Revenue Authority e) Single Business Permit for the office premises from the County Government f) Work Permits Class “G” for foreign directors as per the CR12 g) Environmental Impact Assessment licence from NEMA h) Confirmation from KEBS that the facility complies with the Kenya Standard (Inspection Report) i) Fire clearance certificate from the respective County Government j) Certificate of registration of workplace from DOSHS k) Valid certificate of Calibration of the petroleum tanks,a) CR 12 from Registrar of Companies (not older than 12 months) for Limited Companies; b) Legible copies of Identification documents for directors (IDs/passports) c) Certificate of Incorporation/Business registration certificate d) Valid tax compliance certificate from Kenya Revenue Authority e) Single Business Permit for the office premises from the County Government f) Work Permits Class “G” for foreign directors as per the CR12 g) Environmental Impact Assessment licence from NEMA h) Confirmation from KEBS that the facility complies with the Kenya Standard (Inspection Report) i) Fire clearance certificate from the respective County Government j) Certificate of registration of workplace from DOSHS k) Valid certificate of Calibration of the petroleum tanks,,,,,,,,,,,,,,,,,,,
2072,Energy Statistics Report 2020.pdf,50,1,5,8. Transport of petroleum products (Except LPG)- New Application,8. Transport of petroleum products (Except LPG)- New Application,,,,,,,,,,,,,,,,,,,
2073,Energy Statistics Report 2020.pdf,50,1,6,a) CR 12 from Registrar of Companies (not older than 12 months) for Limited Companies; b) Legible copies of Identification documents for directors (IDs/passports) c) Certificate of incorporation/business registration certificate d) Work permits Class “G” for foreign directors as per the CR12 e) Valid tax compliance certificate from KRA; f) Single Business Permit for the office premises from the County Government g) A valid certificate of calibration for the tanker mounted on each vehicle h) Fire certificate for the vehicle from the County Government i) A valid Motor Vehicle Inspection Certificate for each prime mover and trailer j) Log books for each prime mover and trailer (Attach lease agreement if not in the name of owner/ company) k) A list of vehicles; prime mover paired to trailer where necessary (In Microsoft Excel),a) CR 12 from Registrar of Companies (not older than 12 months) for Limited Companies; b) Legible copies of Identification documents for directors (IDs/passports) c) Certificate of incorporation/business registration certificate d) Work permits Class “G” for foreign directors as per the CR12 e) Valid tax compliance certificate from KRA; f) Single Business Permit for the office premises from the County Government g) A valid certificate of calibration for the tanker mounted on each vehicle h) Fire certificate for the vehicle from the County Government i) A valid Motor Vehicle Inspection Certificate for each prime mover and trailer j) Log books for each prime mover and trailer (Attach lease agreement if not in the name of owner/ company) k) A list of vehicles; prime mover paired to trailer where necessary (In Microsoft Excel),,,,,,,,,,,,,,,,,,,
2074,Energy Statistics Report 2020.pdf,50,1,7,9. Transport of by rail (Except LPG)- New Application,9. Transport of by rail (Except LPG)- New Application,,,,,,,,,,,,,,,,,,,
2075,Energy Statistics Report 2020.pdf,50,1,8,a) CR12 from the Registrar of companies (Not older than one (1) year) for limited companies b) Certificate of Incorporation / Business Registration Certificate c) Valid Tax Compliance Certificate from Kenya Revenue Authority d) Legible Copies of Identification Documents i.e. IDs/Passports for all the Company directors e) Single Business Permit to operate business from the respective County Government f) Work Permits Class “G” for foreign directors as per CR12 g) Scanned original copy of valid mechanical inspection certificate for each wagon h) Scanned original copy of valid certificate of calibration for each Petroleum Wagon i) Scanned original copy of fire certificate for each wagon from the County Government j) Scanned original copy of proof of ownership of each petroleum wagon or lease agreement with owner of the wagons k) List of locomotive drivers and their certifications l) Scanned original copy of valid Medical Surveillance certificate for each locomotive driver from DOSHS approved doctors,a) CR12 from the Registrar of companies (Not older than one (1) year) for limited companies b) Certificate of Incorporation / Business Registration Certificate c) Valid Tax Compliance Certificate from Kenya Revenue Authority d) Legible Copies of Identification Documents i.e. IDs/Passports for all the Company directors e) Single Business Permit to operate business from the respective County Government f) Work Permits Class “G” for foreign directors as per CR12 g) Scanned original copy of valid mechanical inspection certificate for each wagon h) Scanned original copy of valid certificate of calibration for each Petroleum Wagon i) Scanned original copy of fire certificate for each wagon from the County Government j) Scanned original copy of proof of ownership of each petroleum wagon or lease agreement with owner of the wagons k) List of locomotive drivers and their certifications l) Scanned original copy of valid Medical Surveillance certificate for each locomotive driver from DOSHS approved doctors,,,,,,,,,,,,,,,,,,,
2076,Energy Statistics Report 2020.pdf,50,2,1,Page 50,Page 50,,,,,,,,,,,,,,,,,,,
2077,Energy Statistics Report 2020.pdf,51,1,1,10. Retail of petroleum products (Except LPG)- New Application,10. Retail of petroleum products (Except LPG)- New Application,,,,,,,,,,,,,,,,,,,
2078,Energy Statistics Report 2020.pdf,51,1,2,a) CR 12 from Registrar of Companies (not older than 12 months) for Limited Companies; b) Legible copies of Identification documents for directors (IDs/passports) c) Certificate of incorporation/business registration certificate d) Work permits Class “G” for foreign directors as per the CR12 e) Valid tax compliance certificate from KRA; f) Single Business Permit for the office premises from the County Government g) Proof of ownership of the petrol Service Station (Ownership documents of the petrol service station OR Long term lease (Minimum 5 years) h) Environmental Impact Assessment License (EIA) or Environmental Audit acknowledgement letter from NEMA i) Certificate of compliance with the Physical Planning Act of 1999 j) Fire certificate from the Chief Fire Officer Respective County Government; k) A valid copy of certificate of registration of work place from DOSHS l) A valid copy Fuel dispensing Meter calibration certificate(s) from Weights and Measures Department m) A valid certificate of calibration for the Underground Storage tank(s) n) A scanned copy of Pressure test Report for the Storage tank(s)(not older than 60 months),a) CR 12 from Registrar of Companies (not older than 12 months) for Limited Companies; b) Legible copies of Identification documents for directors (IDs/passports) c) Certificate of incorporation/business registration certificate d) Work permits Class “G” for foreign directors as per the CR12 e) Valid tax compliance certificate from KRA; f) Single Business Permit for the office premises from the County Government g) Proof of ownership of the petrol Service Station (Ownership documents of the petrol service station OR Long term lease (Minimum 5 years) h) Environmental Impact Assessment License (EIA) or Environmental Audit acknowledgement letter from NEMA i) Certificate of compliance with the Physical Planning Act of 1999 j) Fire certificate from the Chief Fire Officer Respective County Government; k) A valid copy of certificate of registration of work place from DOSHS l) A valid copy Fuel dispensing Meter calibration certificate(s) from Weights and Measures Department m) A valid certificate of calibration for the Underground Storage tank(s) n) A scanned copy of Pressure test Report for the Storage tank(s)(not older than 60 months),,,,,,,,,,,,,,,,,,,
2079,Energy Statistics Report 2020.pdf,51,1,3,11. Retail of petroleum products (Except LPG)- Renewal Application,11. Retail of petroleum products (Except LPG)- Renewal Application,,,,,,,,,,,,,,,,,,,
2080,Energy Statistics Report 2020.pdf,51,1,4,a) CR 12 from Registrar of Companies (not older than 12 months) for Limited Companies; b) Legible copies of Identification documents for directors (IDs/passports) c) Work permits Class “G” for foreign directors as per the CR12 d) Valid tax compliance certificate from KRA; e) Single Business Permit for the office premises from the County Government f) Environmental Impact Assessment licence (EIA) or Environmental Audit acknowledgement letter from NEMA g) Fire certificate from the Chief Fire Officer Respective County Government; h) A valid copy of certificate of registration of work place from DOSHS i) A valid copy Fuel dispensing Meter calibration certificate(s) from Weights and Measures Department j) A valid certificate of calibration for the Underground Storage tank(s) k) A scanned copy of Pressure Test Report for the Storage tank(s) (not older than 60 months),a) CR 12 from Registrar of Companies (not older than 12 months) for Limited Companies; b) Legible copies of Identification documents for directors (IDs/passports) c) Work permits Class “G” for foreign directors as per the CR12 d) Valid tax compliance certificate from KRA; e) Single Business Permit for the office premises from the County Government f) Environmental Impact Assessment licence (EIA) or Environmental Audit acknowledgement letter from NEMA g) Fire certificate from the Chief Fire Officer Respective County Government; h) A valid copy of certificate of registration of work place from DOSHS i) A valid copy Fuel dispensing Meter calibration certificate(s) from Weights and Measures Department j) A valid certificate of calibration for the Underground Storage tank(s) k) A scanned copy of Pressure Test Report for the Storage tank(s) (not older than 60 months),,,,,,,,,,,,,,,,,,,
2081,Energy Statistics Report 2020.pdf,51,1,5,"12. Import, Export and Wholesale of Petroleum Products (Except LPG)-Renewal Application","12. Import, Export and Wholesale of Petroleum Products (Except LPG)-Renewal Application",,,,,,,,,,,,,,,,,,,
2082,Energy Statistics Report 2020.pdf,51,1,6,"a) CR 12 from Registrar of Companies (not older than 12 months) for Limited Companies; b) Legible copies of Identification documents for directors (IDs/passports) c) Valid Tax Compliance Certificate from Kenya Revenue Authority d) Single Business Permit for the office premises from the County Government e) Work Permits Class “G” for foreign directors as per the CR12 f) Proof of valid membership to a National Oil Spill Contingency Group g) Proof of fulfilment of line fill obligations from Kenya Pipeline Company Limited h) Clearance letter from Kenya Maritime Authority (KMA) on Compliance with International Oil Pollution Compensation Fund i) Proof of online submission of annual purchases and sales data j) Proof of operations in Kenya with sales volume of a total 6.6 Million litres of either/or k) combination of PMS, AGO or IK within 1 year or ownership of 5 licensed retail outlets that meet the Kenya Standard or Proof of ownership of one (1) licensed petroleum depot.","a) CR 12 from Registrar of Companies (not older than 12 months) for Limited Companies; b) Legible copies of Identification documents for directors (IDs/passports) c) Valid Tax Compliance Certificate from Kenya Revenue Authority d) Single Business Permit for the office premises from the County Government e) Work Permits Class “G” for foreign directors as per the CR12 f) Proof of valid membership to a National Oil Spill Contingency Group g) Proof of fulfilment of line fill obligations from Kenya Pipeline Company Limited h) Clearance letter from Kenya Maritime Authority (KMA) on Compliance with International Oil Pollution Compensation Fund i) Proof of online submission of annual purchases and sales data j) Proof of operations in Kenya with sales volume of a total 6.6 Million litres of either/or k) combination of PMS, AGO or IK within 1 year or ownership of 5 licensed retail outlets that meet the Kenya Standard or Proof of ownership of one (1) licensed petroleum depot.",,,,,,,,,,,,,,,,,,,
2083,Energy Statistics Report 2020.pdf,51,2,1,Page 51,,Page 51,,,,,,,,,,,,,,,,,,
2084,Energy Statistics Report 2020.pdf,52,1,1,"13. Import, Export and Wholesale of Fuel Oil-Renewal Application","13. Import, Export and Wholesale of Fuel Oil-Renewal Application",,,,,,,,,,,,,,,,,,,
2085,Energy Statistics Report 2020.pdf,52,1,2,a) CR 12 from Registrar of Companies (not older than 12 months) for Limited Companies; b) Legible copies of Identification documents for directors (IDs/passports c) Valid Tax Compliance Certificate from Kenya Revenue Authority d) Single Business Permit for the office premises from the County Government e) Legible copies of Identification documents for directors (IDs/passports) f) Work permits Class “G” for foreign directors as per the CR12 g) Proof of membership to a National Oil Spill Contingency Group h) Clearance letter from Kenya Maritime Authority (KMA) on Compliance with International Oil Pollution Compensation Fund,a) CR 12 from Registrar of Companies (not older than 12 months) for Limited Companies; b) Legible copies of Identification documents for directors (IDs/passports c) Valid Tax Compliance Certificate from Kenya Revenue Authority d) Single Business Permit for the office premises from the County Government e) Legible copies of Identification documents for directors (IDs/passports) f) Work permits Class “G” for foreign directors as per the CR12 g) Proof of membership to a National Oil Spill Contingency Group h) Clearance letter from Kenya Maritime Authority (KMA) on Compliance with International Oil Pollution Compensation Fund,,,,,,,,,,,,,,,,,,,
2086,Energy Statistics Report 2020.pdf,52,1,3,"14. Import, Export and Wholesale of Bitumen-Renewal Application","14. Import, Export and Wholesale of Bitumen-Renewal Application",,,,,,,,,,,,,,,,,,,
2087,Energy Statistics Report 2020.pdf,52,1,4,a) CR 12 from Registrar of Companies (not older than 12 months old) for Limited Companies; b) Legible copies of Identification documents for directors (IDs/passports) c) Work permits Class “G” for foreign directors as per the CR12 d) Valid Tax Compliance Certificate from Kenya Revenue Authority e) Single Business Permit for the office premises from the County Government,a) CR 12 from Registrar of Companies (not older than 12 months old) for Limited Companies; b) Legible copies of Identification documents for directors (IDs/passports) c) Work permits Class “G” for foreign directors as per the CR12 d) Valid Tax Compliance Certificate from Kenya Revenue Authority e) Single Business Permit for the office premises from the County Government,,,,,,,,,,,,,,,,,,,
2088,Energy Statistics Report 2020.pdf,52,1,5,15. Bunkering of Petroleum Products (Except LPG)-Renewal Application,15. Bunkering of Petroleum Products (Except LPG)-Renewal Application,,,,,,,,,,,,,,,,,,,
2089,Energy Statistics Report 2020.pdf,52,1,6,a) CR 12 from Registrar of Companies (not older than 12 months) for Limited Companies; b) Legible copies of Identification documents for directors (IDs/passports) c) Certificate of Incorporation/Business registration certificate d) Valid tax compliance certificate from Kenya Revenue Authority e) Work Permits Class “G” for foreign directors as per the CR12 f) Single Business Permit for the office premises from the County Government g) Proof of membership to a National Oil Spill Contingency Group.,a) CR 12 from Registrar of Companies (not older than 12 months) for Limited Companies; b) Legible copies of Identification documents for directors (IDs/passports) c) Certificate of Incorporation/Business registration certificate d) Valid tax compliance certificate from Kenya Revenue Authority e) Work Permits Class “G” for foreign directors as per the CR12 f) Single Business Permit for the office premises from the County Government g) Proof of membership to a National Oil Spill Contingency Group.,,,,,,,,,,,,,,,,,,,
2090,Energy Statistics Report 2020.pdf,52,1,7,16. Export and Wholesale of Petroleum Products (Except LPG)-Renewal Application,16. Export and Wholesale of Petroleum Products (Except LPG)-Renewal Application,,,,,,,,,,,,,,,,,,,
2091,Energy Statistics Report 2020.pdf,52,1,8,a) CR 12 from Registrar of Companies (not older than 12 months) for Limited Companies; b) Legible copies of Identification documents for directors (IDs/passports) c) Work permits Class “G” for foreign directors as per the CR12 d) Valid tax compliance certificate from KRA; e) Single Business Permit for the office premises from the County Government,a) CR 12 from Registrar of Companies (not older than 12 months) for Limited Companies; b) Legible copies of Identification documents for directors (IDs/passports) c) Work permits Class “G” for foreign directors as per the CR12 d) Valid tax compliance certificate from KRA; e) Single Business Permit for the office premises from the County Government,,,,,,,,,,,,,,,,,,,
2092,Energy Statistics Report 2020.pdf,52,1,9,17. Export and Wholesale of Jet A1 – Renewal Application,17. Export and Wholesale of Jet A1 – Renewal Application,,,,,,,,,,,,,,,,,,,
2093,Energy Statistics Report 2020.pdf,52,1,10,"a) CR12 from the Registrar of companies (Not older than one (1) year) for limited companies b) Valid Tax Compliance Certificate from Kenya Revenue Authority c) Legible Copies of Identification Documents i.e. IDs/Passports for all the Company directors d) Single Business Permit to operate business from the respective County Government e) Work Permits Class “G” for foreign directors as per CR12 f) Proof of ownership of into plane refueling dispenser or evidence of long-term lease of the equipment (minimum 5 years) from a licensed supplier of Jet A1 at the airport or airstrip of operation. g) Valid licence for Import, Export and Wholesale of Petroleum Products (Except LPG) h) Proof of General Aviation Insurance for Third Party Insurance liability with a minimum cover of USD 500 million","a) CR12 from the Registrar of companies (Not older than one (1) year) for limited companies b) Valid Tax Compliance Certificate from Kenya Revenue Authority c) Legible Copies of Identification Documents i.e. IDs/Passports for all the Company directors d) Single Business Permit to operate business from the respective County Government e) Work Permits Class “G” for foreign directors as per CR12 f) Proof of ownership of into plane refueling dispenser or evidence of long-term lease of the equipment (minimum 5 years) from a licensed supplier of Jet A1 at the airport or airstrip of operation. g) Valid licence for Import, Export and Wholesale of Petroleum Products (Except LPG) h) Proof of General Aviation Insurance for Third Party Insurance liability with a minimum cover of USD 500 million",,,,,,,,,,,,,,,,,,,
2094,Energy Statistics Report 2020.pdf,52,2,1,Page 52,Page 52,,,,,,,,,,,,,,,,,,,
2095,Energy Statistics Report 2020.pdf,53,1,1,18. Storage of petroleum products (Except LPG)- Renewal Application,18. Storage of petroleum products (Except LPG)- Renewal Application,,,,,,,,,,,,,,,,,,,
2096,Energy Statistics Report 2020.pdf,53,1,2,a) CR 12 from Registrar of Companies (not older than 12 months) for Limited Companies; b) Legible copies of Identification documents for directors (IDs/passports) c) Valid Tax Compliance Certificate from Kenya Revenue Authority d) Single Business Permit for the office premises from the County Government e) Work permits Class “G” for foreign directors as per the CR12 f) Proof of undertaking of annual Environmental Audit acknowledgement letter from NEMA g) Fire clearance certificate from the respective County Government h) Certificate of registration of workplace from DOSHS i) Proof of submission of monthly stocks data j) Valid certificate of Calibration of the petroleum,a) CR 12 from Registrar of Companies (not older than 12 months) for Limited Companies; b) Legible copies of Identification documents for directors (IDs/passports) c) Valid Tax Compliance Certificate from Kenya Revenue Authority d) Single Business Permit for the office premises from the County Government e) Work permits Class “G” for foreign directors as per the CR12 f) Proof of undertaking of annual Environmental Audit acknowledgement letter from NEMA g) Fire clearance certificate from the respective County Government h) Certificate of registration of workplace from DOSHS i) Proof of submission of monthly stocks data j) Valid certificate of Calibration of the petroleum,,,,,,,,,,,,,,,,,,,
2097,Energy Statistics Report 2020.pdf,53,1,3,19. Transport of petroleum products (Except LPG)- Renewal Application,19. Transport of petroleum products (Except LPG)- Renewal Application,,,,,,,,,,,,,,,,,,,
2098,Energy Statistics Report 2020.pdf,53,1,4,a) CR 12 from Registrar of Companies (not older than 12 months) for Limited Companies; b) Legible copies of Identification documents for directors (IDs/passports) c) Valid tax compliance certificate from KRA; d) Work permits Class “G” for foreign directors as per the CR12 e) Single Business Permit for the office premises from the County Government f) A valid certificate of calibration for the tanker mounted on each vehicle g) Fire certificate for the vehicle from the County Government h) A valid Motor Vehicle Inspection Certificate for each prime mover and trailer i) Log books for each prime mover and trailer (Attach lease agreement if not in the name of owner/ company) j) A list of vehicles; prime mover paired to trailer where necessary (In Microsoft Excel),a) CR 12 from Registrar of Companies (not older than 12 months) for Limited Companies; b) Legible copies of Identification documents for directors (IDs/passports) c) Valid tax compliance certificate from KRA; d) Work permits Class “G” for foreign directors as per the CR12 e) Single Business Permit for the office premises from the County Government f) A valid certificate of calibration for the tanker mounted on each vehicle g) Fire certificate for the vehicle from the County Government h) A valid Motor Vehicle Inspection Certificate for each prime mover and trailer i) Log books for each prime mover and trailer (Attach lease agreement if not in the name of owner/ company) j) A list of vehicles; prime mover paired to trailer where necessary (In Microsoft Excel),,,,,,,,,,,,,,,,,,,
2099,Energy Statistics Report 2020.pdf,53,1,5,20. Transport of by rail (Except LPG)- Renewal Application,20. Transport of by rail (Except LPG)- Renewal Application,,,,,,,,,,,,,,,,,,,
2100,Energy Statistics Report 2020.pdf,53,1,6,a) CR12 from the Registrar of companies (Not older than one (1) year) for limited companies b) Valid Tax Compliance Certificate from Kenya Revenue Authority c) Legible Copies of Identification Documents i.e. IDs/Passports for all the Company directors d) Single Business Permit to operate business from the respective County Government e) Work Permits Class “G” for foreign directors as per CR12 f) Scanned original copy of valid mechanical inspection certificate for each wagon g) Scanned original copy of valid certificate of calibration for each Petroleum Wagon h) Scanned original copy of fire certificate for each wagon from the County Government i) Scanned original copy of proof of ownership of each petroleum wagon or lease agreement with owner of the wagons j) List of locomotive drivers and their certifications k) Scanned original copy of valid Medical Surveillance certificate for each locomotive driver from DOSHS approved doctors,a) CR12 from the Registrar of companies (Not older than one (1) year) for limited companies b) Valid Tax Compliance Certificate from Kenya Revenue Authority c) Legible Copies of Identification Documents i.e. IDs/Passports for all the Company directors d) Single Business Permit to operate business from the respective County Government e) Work Permits Class “G” for foreign directors as per CR12 f) Scanned original copy of valid mechanical inspection certificate for each wagon g) Scanned original copy of valid certificate of calibration for each Petroleum Wagon h) Scanned original copy of fire certificate for each wagon from the County Government i) Scanned original copy of proof of ownership of each petroleum wagon or lease agreement with owner of the wagons j) List of locomotive drivers and their certifications k) Scanned original copy of valid Medical Surveillance certificate for each locomotive driver from DOSHS approved doctors,,,,,,,,,,,,,,,,,,,
2101,Energy Statistics Report 2020.pdf,53,2,1,Page 53,,Page 53,,,,,,,,,,,,,,,,,,
2102,Energy Statistics Report 2020.pdf,54,1,1,"1. Import, Export and Wholesale of LPG in Bulk-New Application","1. Import, Export and Wholesale of LPG in Bulk-New Application",,,,,,,,,,,,,,,,,,,
2103,Energy Statistics Report 2020.pdf,54,1,2,a) CR 12 from Registrar of Companies (not older than 12 months) for Limited Companies; b) Identification documents (IDs or Passports) for all the directors; c) Certificate of incorporation/business registration certificate d) Work permits Class “G” for foreign directors as per the CR12 e) Valid tax compliance certificate from KRA; f) Single Business Permit to for the premises from the County Government,a) CR 12 from Registrar of Companies (not older than 12 months) for Limited Companies; b) Identification documents (IDs or Passports) for all the directors; c) Certificate of incorporation/business registration certificate d) Work permits Class “G” for foreign directors as per the CR12 e) Valid tax compliance certificate from KRA; f) Single Business Permit to for the premises from the County Government,,,,,,,,,,,,,,,,,,,
2104,Energy Statistics Report 2020.pdf,54,1,3,2. Export and Wholesale of LPG in Bulk-New Application,2. Export and Wholesale of LPG in Bulk-New Application,,,,,,,,,,,,,,,,,,,
2105,Energy Statistics Report 2020.pdf,54,1,4,a) CR 12 from Registrar of Companies (not older than 12 months) for Limited Companies; b) Identification documents (IDs or Passports) for all the directors; c) Certificate of incorporation/business registration certificate d) Work permits Class “G” for foreign directors as per the CR12 e) Valid tax compliance certificate from KRA; f) Single Business Permit to for the premises from the County Government g) Letter of intent from a licensed LPG Importer,a) CR 12 from Registrar of Companies (not older than 12 months) for Limited Companies; b) Identification documents (IDs or Passports) for all the directors; c) Certificate of incorporation/business registration certificate d) Work permits Class “G” for foreign directors as per the CR12 e) Valid tax compliance certificate from KRA; f) Single Business Permit to for the premises from the County Government g) Letter of intent from a licensed LPG Importer,,,,,,,,,,,,,,,,,,,
2106,Energy Statistics Report 2020.pdf,54,1,5,3. Wholesale of LPG in Cylinders-New Application,3. Wholesale of LPG in Cylinders-New Application,,,,,,,,,,,,,,,,,,,
2107,Energy Statistics Report 2020.pdf,54,1,6,"a) CR 12 from Registrar of Companies (not older than 12 months) for Limited Companies; b) Identification documents (IDs or Passports) for all the directors; c) Certificate of incorporation/business registration certificate d) Work permits Class “G” for foreign directors as per the CR12 e) Valid tax compliance certificate from KRA; f) Single Business Permit to for the premises from the County Government g) Fire clearance certificate from the respective County Government h) Certificate of registration of workplace from DOSHS i) Proof of importation/manufacture of 5,000 cylinders of either 1, 3, 6 or 13kgs (Attach cylinder count report from ERC)/Authority for distributing cylinders from a licensed LPG cylinder brand owners j) Proof of cylinder brand ownership registration from Kenya Industrial Property Institute (KIPI)/letter of authority from brand owner k) Weighing scale calibration certificate from Weights and Measures Department","a) CR 12 from Registrar of Companies (not older than 12 months) for Limited Companies; b) Identification documents (IDs or Passports) for all the directors; c) Certificate of incorporation/business registration certificate d) Work permits Class “G” for foreign directors as per the CR12 e) Valid tax compliance certificate from KRA; f) Single Business Permit to for the premises from the County Government g) Fire clearance certificate from the respective County Government h) Certificate of registration of workplace from DOSHS i) Proof of importation/manufacture of 5,000 cylinders of either 1, 3, 6 or 13kgs (Attach cylinder count report from ERC)/Authority for distributing cylinders from a licensed LPG cylinder brand owners j) Proof of cylinder brand ownership registration from Kenya Industrial Property Institute (KIPI)/letter of authority from brand owner k) Weighing scale calibration certificate from Weights and Measures Department",,,,,,,,,,,,,,,,,,,
2108,Energy Statistics Report 2020.pdf,54,1,7,4. Storage & Filling of LPG in Bulk-New,4. Storage & Filling of LPG in Bulk-New,,,,,,,,,,,,,,,,,,,
2109,Energy Statistics Report 2020.pdf,54,1,8,"a) CR 12 from Registrar of Companies (not older than 12 months old) for Limited Companies; b) Certificate of Incorporation/Business registration certificate c) Valid tax compliance certificate from Kenya Revenue Authority d) Single Business Permit for the premises from the County Government e) Legible copies of Identification documents for directors (IDs/passports) f) Work permits Class “G” for foreign directors as per the CR12 g) Environmental Impact Assessment licence from NEMA h) Fire clearance certificate from the respective County Government i) Confirmation from Kenya Bureau of Standards that the facility complies with the Kenya Standard (Inspection Report) j) Certificate of registration of workplace from DOSHS k) Proof of importation/manufacture of 5,000 cylinders of either 1, 3, 6 or 13kgs (Attach cylinder count report from ERC)/Authority for filling of cylinders from licensed LPG cylinder brand owners l) Proof of cylinder brand ownership registration from Kenya Industrial Property Institute (KIPI)/letter of authority from brand owner m) Weighing scale calibration certificate from Weights and Measures Department n) Valid calibration certificate (s) for the LPG tank (s) o) Valid report (s) on Examination of LPG tank (s) from DOSHS approved Inspector","a) CR 12 from Registrar of Companies (not older than 12 months old) for Limited Companies; b) Certificate of Incorporation/Business registration certificate c) Valid tax compliance certificate from Kenya Revenue Authority d) Single Business Permit for the premises from the County Government e) Legible copies of Identification documents for directors (IDs/passports) f) Work permits Class “G” for foreign directors as per the CR12 g) Environmental Impact Assessment licence from NEMA h) Fire clearance certificate from the respective County Government i) Confirmation from Kenya Bureau of Standards that the facility complies with the Kenya Standard (Inspection Report) j) Certificate of registration of workplace from DOSHS k) Proof of importation/manufacture of 5,000 cylinders of either 1, 3, 6 or 13kgs (Attach cylinder count report from ERC)/Authority for filling of cylinders from licensed LPG cylinder brand owners l) Proof of cylinder brand ownership registration from Kenya Industrial Property Institute (KIPI)/letter of authority from brand owner m) Weighing scale calibration certificate from Weights and Measures Department n) Valid calibration certificate (s) for the LPG tank (s) o) Valid report (s) on Examination of LPG tank (s) from DOSHS approved Inspector",,,,,,,,,,,,,,,,,,,
2110,Energy Statistics Report 2020.pdf,54,2,1,Page 54,Page 54,,,,,,,,,,,,,,,,,,,
2111,Energy Statistics Report 2020.pdf,55,1,1,5. Transport of LPG in bulk- New Application,5. Transport of LPG in bulk- New Application,,,,,,,,,,,,,,,,,,,
2112,Energy Statistics Report 2020.pdf,55,1,2,a) CR 12 from Registrar of Companies (not older than 12 months) for Limited Companies; b) Legible copies of Identification documents for directors (IDs/passports) c) Certificate of incorporation/business registration certificate d) Work permits Class “G” for foreign directors as per the CR12 e) Valid tax compliance certificate from KRA; f) Single Business Permit for the office premises from the County Government g) A valid certificate of calibration for the tanker mounted on each vehicle h) Fire certificate for the vehicle from the County Government office by Chief Fire Officer i) A valid Motor Vehicle Inspection Certificate for each prime mover and trailer j) Log books for each prime mover and trailer (Attach lease agreement if not in the name of owner/ company) k) Valid report on examination for LPG tank mounted on each vehicle l) A list of vehicles; prime mover paired to trailer where necessary (In Microsoft Excel),a) CR 12 from Registrar of Companies (not older than 12 months) for Limited Companies; b) Legible copies of Identification documents for directors (IDs/passports) c) Certificate of incorporation/business registration certificate d) Work permits Class “G” for foreign directors as per the CR12 e) Valid tax compliance certificate from KRA; f) Single Business Permit for the office premises from the County Government g) A valid certificate of calibration for the tanker mounted on each vehicle h) Fire certificate for the vehicle from the County Government office by Chief Fire Officer i) A valid Motor Vehicle Inspection Certificate for each prime mover and trailer j) Log books for each prime mover and trailer (Attach lease agreement if not in the name of owner/ company) k) Valid report on examination for LPG tank mounted on each vehicle l) A list of vehicles; prime mover paired to trailer where necessary (In Microsoft Excel),,,,,,,,,,,,,,,,,,,
2113,Energy Statistics Report 2020.pdf,55,1,3,6. Retail of LPG in Cylinders – New Application,6. Retail of LPG in Cylinders – New Application,,,,,,,,,,,,,,,,,,,
2114,Energy Statistics Report 2020.pdf,55,1,4,a) CR12 from the Registrar of companies (Not older than one (1) year) for limited companies b) Certificate of Incorporation / Business Registration Certificate c) Valid Tax Compliance Certificate from Kenya Revenue Authority d) Legible Copies of Identification Documents i.e. IDs/Passports for all the Company directors e) Single Business Permit to operate business from the respective County Government f) Work Permits Class “G” for foreign directors as per CR12 g) Scanned copy of distributorship agreement from LPG Cylinder brand owner or licensed wholesaler h) Scanned original copy of a valid weighing scale calibration certificate from Weights and Measures department i) Scanned original copy of a valid fire certificate for the premises from the County Government,a) CR12 from the Registrar of companies (Not older than one (1) year) for limited companies b) Certificate of Incorporation / Business Registration Certificate c) Valid Tax Compliance Certificate from Kenya Revenue Authority d) Legible Copies of Identification Documents i.e. IDs/Passports for all the Company directors e) Single Business Permit to operate business from the respective County Government f) Work Permits Class “G” for foreign directors as per CR12 g) Scanned copy of distributorship agreement from LPG Cylinder brand owner or licensed wholesaler h) Scanned original copy of a valid weighing scale calibration certificate from Weights and Measures department i) Scanned original copy of a valid fire certificate for the premises from the County Government,,,,,,,,,,,,,,,,,,,
2115,Energy Statistics Report 2020.pdf,55,1,5,7. Retail of LPG in Cylinders – Renewal Application,7. Retail of LPG in Cylinders – Renewal Application,,,,,,,,,,,,,,,,,,,
2116,Energy Statistics Report 2020.pdf,55,1,6,a) CR12 from the Registrar of companies (Not older than one (1) year) for limited companies b) Valid Tax Compliance Certificate from Kenya Revenue Authority c) Legible Copies of Identification Documents i.e. IDs/Passports for all the Company directors d) Single Business Permit to operate business from the respective County Government e) Work Permits Class “G” for foreign directors as per CR12 f) Scanned copy of distributorship agreement from LPG Cylinder brand owner or licensed wholesaler g) Scanned original copy of a valid weighing scale calibration certificate from Weights and Measures department h) Scanned original copy of a valid fire certificate for the premises from the County Government,a) CR12 from the Registrar of companies (Not older than one (1) year) for limited companies b) Valid Tax Compliance Certificate from Kenya Revenue Authority c) Legible Copies of Identification Documents i.e. IDs/Passports for all the Company directors d) Single Business Permit to operate business from the respective County Government e) Work Permits Class “G” for foreign directors as per CR12 f) Scanned copy of distributorship agreement from LPG Cylinder brand owner or licensed wholesaler g) Scanned original copy of a valid weighing scale calibration certificate from Weights and Measures department h) Scanned original copy of a valid fire certificate for the premises from the County Government,,,,,,,,,,,,,,,,,,,
2117,Energy Statistics Report 2020.pdf,55,1,7,"8. Import, Export and Wholesale of LPG in Bulk-Renewal Application","8. Import, Export and Wholesale of LPG in Bulk-Renewal Application",,,,,,,,,,,,,,,,,,,
2118,Energy Statistics Report 2020.pdf,55,1,8,a) CR 12 from Registrar of Companies (not older than 12 months) for Limited Companies; b) Identification documents (IDs or Passports) for all the directors; c) Work permits Class “G” for foreign directors as per the CR12 d) Valid tax compliance certificate from KRA; e) Single Business Permit to for the premises from the County Government f) Proof of annual data submission,a) CR 12 from Registrar of Companies (not older than 12 months) for Limited Companies; b) Identification documents (IDs or Passports) for all the directors; c) Work permits Class “G” for foreign directors as per the CR12 d) Valid tax compliance certificate from KRA; e) Single Business Permit to for the premises from the County Government f) Proof of annual data submission,,,,,,,,,,,,,,,,,,,
2119,Energy Statistics Report 2020.pdf,55,2,1,Page 55,,Page 55,,,,,,,,,,,,,,,,,,
2120,Energy Statistics Report 2020.pdf,56,1,1,9. Export and Wholesale of LPG in Bulk-Renewal Application,9. Export and Wholesale of LPG in Bulk-Renewal Application,,,,,,,,,,,,,,,,,,,
2121,Energy Statistics Report 2020.pdf,56,1,2,a) CR 12 from Registrar of Companies (not older than 12 months old) for Limited Companies; b) Identification documents (IDs or Passports) for all the directors; c) Work permits Class “G” for foreign directors as per the CR12 d) Valid tax compliance certificate from KRA; e) Single Business Permit to for the premises from the County Government,a) CR 12 from Registrar of Companies (not older than 12 months old) for Limited Companies; b) Identification documents (IDs or Passports) for all the directors; c) Work permits Class “G” for foreign directors as per the CR12 d) Valid tax compliance certificate from KRA; e) Single Business Permit to for the premises from the County Government,,,,,,,,,,,,,,,,,,,
2122,Energy Statistics Report 2020.pdf,56,1,3,10. Wholesale of LPG in Cylinders-Renewal Application,10. Wholesale of LPG in Cylinders-Renewal Application,,,,,,,,,,,,,,,,,,,
2123,Energy Statistics Report 2020.pdf,56,1,4,"a) CR 12 from Registrar of Companies (not older than 12 months) for Limited Companies; b) Identification documents (IDs or Passports) for all the directors; c) Work permits Class “G” for foreign directors as per the CR12 d) Valid tax compliance certificate from KRA; e) Single Business Permit to for the premises from the County Government f) Fire clearance certificate from the respective County Government g) Proof of importation/manufacture of 5,000 cylinders of either 1, 3, 6 or 13kgs (Attach cylinder count report from ERC)/Authority for distributing cylinders from a licensed LPG cylinder brand owners. h) Proof of cylinder brand ownership registration from Kenya Industrial Property Institute (KIPI)/letter of authority from brand owner i) Certificate of registration of workplace from DOSHS j) Weighing scale calibration certificate from Weights and Measures Department","a) CR 12 from Registrar of Companies (not older than 12 months) for Limited Companies; b) Identification documents (IDs or Passports) for all the directors; c) Work permits Class “G” for foreign directors as per the CR12 d) Valid tax compliance certificate from KRA; e) Single Business Permit to for the premises from the County Government f) Fire clearance certificate from the respective County Government g) Proof of importation/manufacture of 5,000 cylinders of either 1, 3, 6 or 13kgs (Attach cylinder count report from ERC)/Authority for distributing cylinders from a licensed LPG cylinder brand owners. h) Proof of cylinder brand ownership registration from Kenya Industrial Property Institute (KIPI)/letter of authority from brand owner i) Certificate of registration of workplace from DOSHS j) Weighing scale calibration certificate from Weights and Measures Department",,,,,,,,,,,,,,,,,,,
2124,Energy Statistics Report 2020.pdf,56,1,5,11. Storage & Filling of LPG in Bulk-Renewal,11. Storage & Filling of LPG in Bulk-Renewal,,,,,,,,,,,,,,,,,,,
2125,Energy Statistics Report 2020.pdf,56,1,6,"a) CR 12 from Registrar of Companies (not older than 12 months old) for Limited Companies; b) Valid Tax Compliance Certificate from Kenya Revenue Authority c) Single Business Permit for the premises from the County Government d) Legible copies of Identification documents for directors (IDs/passports) e) Work permits Class “G” for foreign directors as per the CR12 f) Proof of undertaking of annual Environmental Audit acknowledgement letter from NEMA g) Fire clearance certificate from the respective County Government h) Certificate of registration of workplace from DOSHS i) A valid certificate of weighing scale calibration from Weights and Measures Department j) Valid calibration certificate (s) for the LPG tank (s) k) Valid report (s) on Examination of LPG tank (s) from DOSH approved Inspector l) Proof of importation/manufacture of 5,000 cylinders of either 1, 3, 6 or 13kgs (Attach cylinder count report from ERC)/Authority for filling of cylinders from licensed LPG cylinder brand owners.","a) CR 12 from Registrar of Companies (not older than 12 months old) for Limited Companies; b) Valid Tax Compliance Certificate from Kenya Revenue Authority c) Single Business Permit for the premises from the County Government d) Legible copies of Identification documents for directors (IDs/passports) e) Work permits Class “G” for foreign directors as per the CR12 f) Proof of undertaking of annual Environmental Audit acknowledgement letter from NEMA g) Fire clearance certificate from the respective County Government h) Certificate of registration of workplace from DOSHS i) A valid certificate of weighing scale calibration from Weights and Measures Department j) Valid calibration certificate (s) for the LPG tank (s) k) Valid report (s) on Examination of LPG tank (s) from DOSH approved Inspector l) Proof of importation/manufacture of 5,000 cylinders of either 1, 3, 6 or 13kgs (Attach cylinder count report from ERC)/Authority for filling of cylinders from licensed LPG cylinder brand owners.",,,,,,,,,,,,,,,,,,,
2126,Energy Statistics Report 2020.pdf,56,1,7,12. Transport of LPG in bulk- Renewal Application,12. Transport of LPG in bulk- Renewal Application,,,,,,,,,,,,,,,,,,,
2127,Energy Statistics Report 2020.pdf,56,1,8,a) CR 12 from Registrar of Companies (not older than 12 months old) for Limited Companies; b) Legible copies of Identification documents for directors (IDs/passports) c) Work permits Class “G” for foreign directors as per the CR12 d) Valid tax compliance certificate from KRA; e) Single Business Permit for the office premises from the County Government f) A valid certificate of calibration for the tanker mounted on each vehicle g) Fire certificate for the vehicle from the County Government office by Chief Fire Officer h) A Valid Motor Vehicle Inspection Certificate for each prime mover and trailer i) Log books for each prime mover and trailer (Attach lease agreement if not in the name of owner/ company) j) Valid report on examination for LPG tank mounted on each vehicle k) A list of vehicles; prime mover paired to trailer where necessary (In Microsoft Excel),a) CR 12 from Registrar of Companies (not older than 12 months old) for Limited Companies; b) Legible copies of Identification documents for directors (IDs/passports) c) Work permits Class “G” for foreign directors as per the CR12 d) Valid tax compliance certificate from KRA; e) Single Business Permit for the office premises from the County Government f) A valid certificate of calibration for the tanker mounted on each vehicle g) Fire certificate for the vehicle from the County Government office by Chief Fire Officer h) A Valid Motor Vehicle Inspection Certificate for each prime mover and trailer i) Log books for each prime mover and trailer (Attach lease agreement if not in the name of owner/ company) j) Valid report on examination for LPG tank mounted on each vehicle k) A list of vehicles; prime mover paired to trailer where necessary (In Microsoft Excel),,,,,,,,,,,,,,,,,,,
2128,Energy Statistics Report 2020.pdf,56,2,1,Page 56,Page 56,,,,,,,,,,,,,,,,,,,
2129,Energy Statistics Report 2020.pdf,57,1,1,13. Driver Certification ( Petroleum products including LPG),13. Driver Certification ( Petroleum products including LPG),,,,,,,,,,,,,,,,,,,
2130,Energy Statistics Report 2020.pdf,57,1,2,a) Scanned original copies of Identification documents (IDs or Passports) for driver. b) Valid Certificate of Fitness for Drivers from Designated Health Practitioners (DOSHS approved Doctors) c) A valid driving licence for each driver d) Certificate of Good Conduct e) Passport size photo of the driver,a) Scanned original copies of Identification documents (IDs or Passports) for driver. b) Valid Certificate of Fitness for Drivers from Designated Health Practitioners (DOSHS approved Doctors) c) A valid driving licence for each driver d) Certificate of Good Conduct e) Passport size photo of the driver,,,,,,,,,,,,,,,,,,,
2131,Energy Statistics Report 2020.pdf,57,2,1,Page 57,,Page 57,,,,,,,,,,,,,,,,,,
2132,Energy Statistics Report 2020.pdf,58,2,1,Page 58,Page 58,,,,,,,,,,,,,,,,,,,
2133,Energy Statistics Report 2020.pdf,59,1,1,Company | Installed Capacity | Effective Capacity,Company,Installed Capacity,Effective Capacity,,,,,,,,,,,,,,,,,
2134,Energy Statistics Report 2020.pdf,59,1,2,1. KenGen,1. KenGen,,,,,,,,,,,,,,,,,,,
2135,Energy Statistics Report 2020.pdf,59,1,3,a) Hydro Power Plants,a) Hydro Power Plants,,,,,,,,,,,,,,,,,,,
2136,Energy Statistics Report 2020.pdf,59,1,4,Tana | 20.0 | 20.0,Tana,20.0,20.0,,,,,,,,,,,,,,,,,
2137,Energy Statistics Report 2020.pdf,59,1,5,Kamburu | 94.2 | 90.0,Kamburu,94.2,90.0,,,,,,,,,,,,,,,,,
2138,Energy Statistics Report 2020.pdf,59,1,6,Gitaru | 225.0 | 216.0,Gitaru,225.0,216.0,,,,,,,,,,,,,,,,,
2139,Energy Statistics Report 2020.pdf,59,1,7,Kindaruma | 72.0 | 70.5,Kindaruma,72.0,70.5,,,,,,,,,,,,,,,,,
2140,Energy Statistics Report 2020.pdf,59,1,8,Masinga | 40.0 | 40.0,Masinga,40.0,40.0,,,,,,,,,,,,,,,,,
2141,Energy Statistics Report 2020.pdf,59,1,9,Kiambere | 168.0 | 164.0,Kiambere,168.0,164.0,,,,,,,,,,,,,,,,,
2142,Energy Statistics Report 2020.pdf,59,1,10,Turkwel | 106.0 | 105.0,Turkwel,106.0,105.0,,,,,,,,,,,,,,,,,
2143,Energy Statistics Report 2020.pdf,59,1,11,Sondu Miriu | 60.0 | 60.0,Sondu Miriu,60.0,60.0,,,,,,,,,,,,,,,,,
2144,Energy Statistics Report 2020.pdf,59,1,12,Sangoro | 21.0 | 20.0,Sangoro,21.0,20.0,,,,,,,,,,,,,,,,,
2145,Energy Statistics Report 2020.pdf,59,1,13,Small Hydros | 11.7 | 11.2,Small Hydros,11.7,11.2,,,,,,,,,,,,,,,,,
2146,Energy Statistics Report 2020.pdf,59,1,14,Hydro Total | 818 | 797,Hydro Total,818,797,,,,,,,,,,,,,,,,,
2147,Energy Statistics Report 2020.pdf,59,1,16,b. Thermal Power Plants,b. Thermal Power Plants,,,,,,,,,,,,,,,,,,,
2148,Energy Statistics Report 2020.pdf,59,1,17,Kipevu I Diesel | 73.5 | 60.0,Kipevu I Diesel,73.5,60.0,,,,,,,,,,,,,,,,,
2149,Energy Statistics Report 2020.pdf,59,1,18,Kipevu 3 Diesel | 120.0 | 115.0,Kipevu 3 Diesel,120.0,115.0,,,,,,,,,,,,,,,,,
2150,Energy Statistics Report 2020.pdf,59,1,19,Muhoroni GT | 60.0 | 56.0,Muhoroni GT,60.0,56.0,,,,,,,,,,,,,,,,,
2151,Energy Statistics Report 2020.pdf,59,1,20,Thermal Total | 254 | 231,Thermal Total,254,231,,,,,,,,,,,,,,,,,
2152,Energy Statistics Report 2020.pdf,59,1,22,c. Geothermal Power Plants,c. Geothermal Power Plants,,,,,,,,,,,,,,,,,,,
2153,Energy Statistics Report 2020.pdf,59,1,23,Olkaria I | 45 | 44,Olkaria I,45,44,,,,,,,,,,,,,,,,,
2154,Energy Statistics Report 2020.pdf,59,1,24,Olkaria II | 105 | 101,Olkaria II,105,101,,,,,,,,,,,,,,,,,
2155,Energy Statistics Report 2020.pdf,59,1,25,Eburru Hill | 2.44 | 2.4,Eburru Hill,2.44,2.4,,,,,,,,,,,,,,,,,
2156,Energy Statistics Report 2020.pdf,59,1,26,Olkaria Wellhead OW37 | 5.0 | 5.0,Olkaria Wellhead OW37,5.0,5.0,,,,,,,,,,,,,,,,,
2157,Energy Statistics Report 2020.pdf,59,1,27,Olkaria Wellhead OW37 kwg 12 | 5 | 5,Olkaria Wellhead OW37 kwg 12,5,5,,,,,,,,,,,,,,,,,
2158,Energy Statistics Report 2020.pdf,59,1,28,Olkaria Wellhead OW37 kwg 13 | 5 | 5,Olkaria Wellhead OW37 kwg 13,5,5,,,,,,,,,,,,,,,,,
2159,Energy Statistics Report 2020.pdf,59,1,29,Olkaria Wellhead OW43 | 12.8 | 12.8,Olkaria Wellhead OW43,12.8,12.8,,,,,,,,,,,,,,,,,
2160,Energy Statistics Report 2020.pdf,59,1,30,Olkaria Wellhead OW905 | 5 | 5,Olkaria Wellhead OW905,5,5,,,,,,,,,,,,,,,,,
2161,Energy Statistics Report 2020.pdf,59,1,31,Olkaria Wellhead OW914&OW915 | 37.8 | 37.8,Olkaria Wellhead OW914&OW915,37.8,37.8,,,,,,,,,,,,,,,,,
2162,Energy Statistics Report 2020.pdf,59,1,32,Olkaria Wellhead OW919 | 5 | 5,Olkaria Wellhead OW919,5,5,,,,,,,,,,,,,,,,,
2163,Energy Statistics Report 2020.pdf,59,1,33,Olkaria Wellhead OW39 | 5 | 5,Olkaria Wellhead OW39,5,5,,,,,,,,,,,,,,,,,
2164,Energy Statistics Report 2020.pdf,59,1,34,Olkaria IV | 140 | 140,Olkaria IV,140,140,,,,,,,,,,,,,,,,,
2165,Energy Statistics Report 2020.pdf,59,1,35,Olkaria I units 4 and 5 | 140 | 140,Olkaria I units 4 and 5,140,140,,,,,,,,,,,,,,,,,
2166,Energy Statistics Report 2020.pdf,59,1,36,Olkaria V | 165 | 158,Olkaria V,165,158,,,,,,,,,,,,,,,,,
2167,Energy Statistics Report 2020.pdf,59,1,37,Geothermal Total | 678 | 666,Geothermal Total,678,666,,,,,,,,,,,,,,,,,
2168,Energy Statistics Report 2020.pdf,59,2,1,Page 59,,Page 59,,,,,,,,,,,,,,,,,,
2169,Energy Statistics Report 2020.pdf,60,1,1,d. Wind Power Plants,d. Wind Power Plants,,,,,,,,,,,,,,,,,,,
2170,Energy Statistics Report 2020.pdf,60,1,2,Ngong I | 11.9 | 11.9,Ngong I,11.9,11.9,,,,,,,,,,,,,,,,,
2171,Energy Statistics Report 2020.pdf,60,1,3,Ngong II | 13.6 | 13.6,Ngong II,13.6,13.6,,,,,,,,,,,,,,,,,
2172,Energy Statistics Report 2020.pdf,60,1,4,Wind Total | 25.5 | 25.5,Wind Total,25.5,25.5,,,,,,,,,,,,,,,,,
2173,Energy Statistics Report 2020.pdf,60,1,5,"KenGen Total | 1,775 | 1,719",KenGen Total,"1,775","1,719",,,,,,,,,,,,,,,,,
2174,Energy Statistics Report 2020.pdf,60,1,6,1. Government of Kenya (Rural Electrification Programme),1. Government of Kenya (Rural Electrification Programme),,,,,,,,,,,,,,,,,,,
2175,Energy Statistics Report 2020.pdf,60,1,7,Off-grid Diesel | 28.9 | 19.5,Off-grid Diesel,28.9,19.5,,,,,,,,,,,,,,,,,
2176,Energy Statistics Report 2020.pdf,60,1,8,Off-grid Solar | 0.7 | 0.2,Off-grid Solar,0.7,0.2,,,,,,,,,,,,,,,,,
2177,Energy Statistics Report 2020.pdf,60,1,9,Off-grid Wind | 0.6 | 0.0,Off-grid Wind,0.6,0.0,,,,,,,,,,,,,,,,,
2178,Energy Statistics Report 2020.pdf,60,1,10,Total Off grid | 30.2 | 19.7,Total Off grid,30.2,19.7,,,,,,,,,,,,,,,,,
2179,Energy Statistics Report 2020.pdf,60,1,11,2. Independent Power Producers (IPP) - Thermal & Geothermal,2. Independent Power Producers (IPP) - Thermal & Geothermal,,,,,,,,,,,,,,,,,,,
2180,Energy Statistics Report 2020.pdf,60,1,12,Iberafrica Diesel | 52.5 | 52.5,Iberafrica Diesel,52.5,52.5,,,,,,,,,,,,,,,,,
2181,Energy Statistics Report 2020.pdf,60,1,13,Tsavo Diesel | 74.0 | 74.0,Tsavo Diesel,74.0,74.0,,,,,,,,,,,,,,,,,
2182,Energy Statistics Report 2020.pdf,60,1,14,Biojoule Kenya Limited | 2.0 | 2.0,Biojoule Kenya Limited,2.0,2.0,,,,,,,,,,,,,,,,,
2183,Energy Statistics Report 2020.pdf,60,1,15,Mumias - Cogeneration | 26.0 | 21.5,Mumias - Cogeneration,26.0,21.5,,,,,,,,,,,,,,,,,
2184,Energy Statistics Report 2020.pdf,60,1,16,OrPower 4 -Geothermal (1st plant) | 63.8 | 63.8,OrPower 4 -Geothermal (1st plant),63.8,63.8,,,,,,,,,,,,,,,,,
2185,Energy Statistics Report 2020.pdf,60,1,17,OrPower 4 -Geothermal (2nd plant) | 39.6 | 39.6,OrPower 4 -Geothermal (2nd plant),39.6,39.6,,,,,,,,,,,,,,,,,
2186,Energy Statistics Report 2020.pdf,60,1,18,OrPower 4 -Geothermal (3rd plant) | 17.6 | 17.6,OrPower 4 -Geothermal (3rd plant),17.6,17.6,,,,,,,,,,,,,,,,,
2187,Energy Statistics Report 2020.pdf,60,1,19,OrPower 4 -Geothermal (4th plant) | 29.0 | 29.0,OrPower 4 -Geothermal (4th plant),29.0,29.0,,,,,,,,,,,,,,,,,
2188,Energy Statistics Report 2020.pdf,60,1,20,Rabai Diesel | 90.0 | 88.6,Rabai Diesel,90.0,88.6,,,,,,,,,,,,,,,,,
2189,Energy Statistics Report 2020.pdf,60,1,21,Thika Diesel | 87.0 | 87.0,Thika Diesel,87.0,87.0,,,,,,,,,,,,,,,,,
2190,Energy Statistics Report 2020.pdf,60,1,22,Gulf Diesel | 80.32 | 80.32,Gulf Diesel,80.32,80.32,,,,,,,,,,,,,,,,,
2191,Energy Statistics Report 2020.pdf,60,1,23,Triumph Diesel | 83.0 | 83.0,Triumph Diesel,83.0,83.0,,,,,,,,,,,,,,,,,
2192,Energy Statistics Report 2020.pdf,60,1,24,Imenti FiT hydro | 0.283 | 0.283,Imenti FiT hydro,0.283,0.283,,,,,,,,,,,,,,,,,
2193,Energy Statistics Report 2020.pdf,60,1,25,Gikira FiT hydro | 0.514 | 0.514,Gikira FiT hydro,0.514,0.514,,,,,,,,,,,,,,,,,
2194,Energy Statistics Report 2020.pdf,60,1,26,Genpro Teremi Falls | 5.0 | 5.0,Genpro Teremi Falls,5.0,5.0,,,,,,,,,,,,,,,,,
2195,Energy Statistics Report 2020.pdf,60,1,27,KTDA Gura | 2.0 | 2.0,KTDA Gura,2.0,2.0,,,,,,,,,,,,,,,,,
2196,Energy Statistics Report 2020.pdf,60,1,28,KTDA Chania | 0.5 | 0.5,KTDA Chania,0.5,0.5,,,,,,,,,,,,,,,,,
2197,Energy Statistics Report 2020.pdf,60,1,29,Strathmore Solar | 0.25 | 0.25,Strathmore Solar,0.25,0.25,,,,,,,,,,,,,,,,,
2198,Energy Statistics Report 2020.pdf,60,1,30,Lake Turkana Wind Power | 310.0 | 300.0,Lake Turkana Wind Power,310.0,300.0,,,,,,,,,,,,,,,,,
2199,Energy Statistics Report 2020.pdf,60,1,31,Garissa Solar | 50.0 | 50.0,Garissa Solar,50.0,50.0,,,,,,,,,,,,,,,,,
2200,Energy Statistics Report 2020.pdf,60,1,32,"IPP Total | 1,013 | 997",IPP Total,"1,013",997,,,,,,,,,,,,,,,,,
2201,Energy Statistics Report 2020.pdf,60,1,33,3. Imports,3. Imports,,,,,,,,,,,,,,,,,,,
2202,Energy Statistics Report 2020.pdf,60,1,34,UETCL | 0 | 0,UETCL,0,0,,,,,,,,,,,,,,,,,
2203,Energy Statistics Report 2020.pdf,60,1,35,EEPCO | 0 | 0,EEPCO,0,0,,,,,,,,,,,,,,,,,
2204,Energy Statistics Report 2020.pdf,60,1,36,TANESCO | 0 | 0,TANESCO,0,0,,,,,,,,,,,,,,,,,
2205,Energy Statistics Report 2020.pdf,60,2,1,Page 60,Page 60,,,,,,,,,,,,,,,,,,,
2206,Energy Statistics Report 2020.pdf,61,1,1,Code | Customer Type (Code Name) | Energy Limit kWh/ Month | Charge Method | Unit | Approved Charge Rates,Code,Customer Type (Code Name),Energy Limit kWh/ Month,Charge Method,Unit,Approved Charge Rates,,,,,,,,,,,,,,
2207,Energy Statistics Report 2020.pdf,61,1,2,DC-L | Domestic-Lifeline | 0-100 | Energy | Ksh/kWh | 10,DC-L,Domestic-Lifeline,0-100,Energy,Ksh/kWh,10,,,,,,,,,,,,,,
2208,Energy Statistics Report 2020.pdf,61,1,3,DC-O | Domestic- Ordinary | > 100 | Energy | Ksh/kWh | 15.8,DC-O,Domestic- Ordinary,> 100,Energy,Ksh/kWh,15.8,,,,,,,,,,,,,,
2209,Energy Statistics Report 2020.pdf,61,1,5,"SC | Small Commercial | 0- 15,000 | Energy | Ksh/kWh | 15.6",SC,Small Commercial,"0- 15,000",Energy,Ksh/kWh,15.6,,,,,,,,,,,,,,
2210,Energy Statistics Report 2020.pdf,61,1,6,"CI1 | Commercial/ Industrial | > 15,000 | Energy | Ksh/kWh | 12",CI1,Commercial/ Industrial,"> 15,000",Energy,Ksh/kWh,12,,,,,,,,,,,,,,
2211,Energy Statistics Report 2020.pdf,61,1,7,Demand | Ksh/KVA | 800,,,,Demand,Ksh/KVA,800,,,,,,,,,,,,,,
2212,Energy Statistics Report 2020.pdf,61,1,8,CI2 | Comm./ Industrial | No. Limit | Energy | Ksh/kWh | 10.9,CI2,Comm./ Industrial,No. Limit,Energy,Ksh/kWh,10.9,,,,,,,,,,,,,,
2213,Energy Statistics Report 2020.pdf,61,1,9,Demand | Ksh/KVA | 520,,,,Demand,Ksh/KVA,520,,,,,,,,,,,,,,
2214,Energy Statistics Report 2020.pdf,61,1,10,CI3 | Comm./ Industrial | No. Limit | Energy | Ksh/kWh | 10.5,CI3,Comm./ Industrial,No. Limit,Energy,Ksh/kWh,10.5,,,,,,,,,,,,,,
2215,Energy Statistics Report 2020.pdf,61,1,11,Demand | Ksh/KVA | 270,,,,Demand,Ksh/KVA,270,,,,,,,,,,,,,,
2216,Energy Statistics Report 2020.pdf,61,1,12,CI4 | Comm./ Industrial | No. Limit | Energy | Ksh/kWh | 10.3,CI4,Comm./ Industrial,No. Limit,Energy,Ksh/kWh,10.3,,,,,,,,,,,,,,
2217,Energy Statistics Report 2020.pdf,61,1,13,Demand | Ksh/KVA | 220,,,,Demand,Ksh/KVA,220,,,,,,,,,,,,,,
2218,Energy Statistics Report 2020.pdf,61,1,14,CI5 | Comm./ Industrial | No Limit | Energy | Ksh/kWh | 10.1,CI5,Comm./ Industrial,No Limit,Energy,Ksh/kWh,10.1,,,,,,,,,,,,,,
2219,Energy Statistics Report 2020.pdf,61,1,15,Demand | Ksh/KVA | 220,,,,Demand,Ksh/KVA,220,,,,,,,,,,,,,,
2220,Energy Statistics Report 2020.pdf,61,1,16,SL | Street Lighting | No Limit | Energy | Ksh/kWh | 7.5,SL,Street Lighting,No Limit,Energy,Ksh/kWh,7.5,,,,,,,,,,,,,,
2221,Energy Statistics Report 2020.pdf,61,2,1,Page 61,,Page 61,,,,,,,,,,,,,,,,,,
2222,Energy Statistics Report 2020.pdf,62,1,1,Licensee | Technology | Location of Power Plant(s) | Capacity (MW) | Date Granted | Duration (Years) | Supply To | Remarks | Total (MW),Licensee,Technology,Location of Power Plant(s),Capacity (MW),Date Granted,Duration (Years),Supply To,Remarks,Total (MW),,,,,,,,,,,
2223,Energy Statistics Report 2020.pdf,62,1,2,KenGen[1] | Geothermal | Olkaria I | 185 | 2nd Oct 2008 | 25 | Grid | Modified on 6th Dec 2012 | 760,KenGen[1],Geothermal,Olkaria I,185,2nd Oct 2008,25,Grid,Modified on 6th Dec 2012,760,,,,,,,,,,,
2224,Energy Statistics Report 2020.pdf,62,1,3,KenGen | Olkaria II | 105 | 2nd Oct 2008 | 25 | Grid,KenGen,,Olkaria II,105,2nd Oct 2008,25,Grid,,,,,,,,,,,,,
2225,Energy Statistics Report 2020.pdf,62,1,4,KenGen | Olkaria IV | 140 | 2nd Oct 2008 | 25 | Grid,KenGen,,Olkaria IV,140,2nd Oct 2008,25,Grid,,,,,,,,,,,,,
2226,Energy Statistics Report 2020.pdf,62,1,5,KenGen | Mobile wellheads [2] | 70 | 6th Dec 2012 | 15 | Grid,KenGen,,Mobile wellheads [2],70,6th Dec 2012,15,Grid,,,,,,,,,,,,,
2227,Energy Statistics Report 2020.pdf,62,1,6,KenGen | Mobile wellhead [3] | 5 | 6th Dec 2012 | 15 | Grid,KenGen,,Mobile wellhead [3],5,6th Dec 2012,15,Grid,,,,,,,,,,,,,
2228,Energy Statistics Report 2020.pdf,62,1,7,OrPower4[8] | Naivasha | 150 | 24th Nov 2000 | 25 | Grid | Modified on 16th July 2015,OrPower4[8],,Naivasha,150,24th Nov 2000,25,Grid,Modified on 16th July 2015,,,,,,,,,,,,
2229,Energy Statistics Report 2020.pdf,62,1,8,QPEA Menengai [17] | Nakuru | 35 | 4th Dec 2014 | 25 | Grid,QPEA Menengai [17],,Nakuru,35,4th Dec 2014,25,Grid,,,,,,,,,,,,,
2230,Energy Statistics Report 2020.pdf,62,1,9,Sosian-Menengai [20] | Nakuru | 35 | 4th Dec 2014 | 25 | Grid,Sosian-Menengai [20],,Nakuru,35,4th Dec 2014,25,Grid,,,,,,,,,,,,,
2231,Energy Statistics Report 2020.pdf,62,1,10,Orpower 22 [21] | Nakuru | 35 | 16th July 2015 | 25 | Grid,Orpower 22 [21],,Nakuru,35,16th July 2015,25,Grid,,,,,,,,,,,,,
2232,Energy Statistics Report 2020.pdf,62,1,11,Total Geothermal | 760,Total Geothermal,760,,,,,,,,,,,,,,,,,,
2233,Energy Statistics Report 2020.pdf,62,1,12,KenGen | Hydro | Masinga | 40 | 2nd Oct 2008 | 25 | Grid | 835.99,KenGen,Hydro,Masinga,40,2nd Oct 2008,25,Grid,,835.99,,,,,,,,,,,
2234,Energy Statistics Report 2020.pdf,62,1,13,KenGen | Kamburu | 94.2 | 2nd Oct 2008 | 25 | Grid,KenGen,,Kamburu,94.2,2nd Oct 2008,25,Grid,,,,,,,,,,,,,
2235,Energy Statistics Report 2020.pdf,62,1,14,KenGen | Kindaruma | 72 | 2nd Oct 2008 | 25 | Grid,KenGen,,Kindaruma,72,2nd Oct 2008,25,Grid,,,,,,,,,,,,,
2236,Energy Statistics Report 2020.pdf,62,1,15,KenGen | Gitaru | 225 | 2nd Oct 2008 | 25 | Grid,KenGen,,Gitaru,225,2nd Oct 2008,25,Grid,,,,,,,,,,,,,
2237,Energy Statistics Report 2020.pdf,62,1,16,KenGen | Kiambere | 164 | 2nd Oct 2008 | 25 | Grid,KenGen,,Kiambere,164,2nd Oct 2008,25,Grid,,,,,,,,,,,,,
2238,Energy Statistics Report 2020.pdf,62,1,17,KenGen | Sagana | 1.5 | 2nd Oct 2008 | 18 | Grid,KenGen,,Sagana,1.5,2nd Oct 2008,18,Grid,,,,,,,,,,,,,
2239,Energy Statistics Report 2020.pdf,62,1,18,KenGen | Ndula | 2 | 2nd Oct 2008 | 6 | Grid,KenGen,,Ndula,2,2nd Oct 2008,6,Grid,,,,,,,,,,,,,
2240,Energy Statistics Report 2020.pdf,62,1,19,KenGen | Tana | 20 | 2nd Oct 2008 | 12 | Grid,KenGen,,Tana,20,2nd Oct 2008,12,Grid,,,,,,,,,,,,,
2241,Energy Statistics Report 2020.pdf,62,1,20,KenGen | Wanjii | 7.4 | 2nd Oct 2008 | 15 | Grid,KenGen,,Wanjii,7.4,2nd Oct 2008,15,Grid,,,,,,,,,,,,,
2242,Energy Statistics Report 2020.pdf,62,1,21,KenGen | Mesco | 0.38 | 2nd Oct 2008 | 12 | Grid,KenGen,,Mesco,0.38,2nd Oct 2008,12,Grid,,,,,,,,,,,,,
2243,Energy Statistics Report 2020.pdf,62,1,22,KenGen | Turkwel | 106 | 2nd Oct 2008 | 25 | Grid,KenGen,,Turkwel,106,2nd Oct 2008,25,Grid,,,,,,,,,,,,,
2244,Energy Statistics Report 2020.pdf,62,1,23,KenGen | Gogo | 2 | 2nd Oct 2008 | 7 | Grid,KenGen,,Gogo,2,2nd Oct 2008,7,Grid,,,,,,,,,,,,,
2245,Energy Statistics Report 2020.pdf,62,1,24,KenGen | SonduMiriu | 60 | 2nd Oct 2008 | 25 | Grid,KenGen,,SonduMiriu,60,2nd Oct 2008,25,Grid,,,,,,,,,,,,,
2246,Energy Statistics Report 2020.pdf,62,1,25,KenGen | Sosiani | 0.4 | 2nd Oct 2008 | 12 | Grid,KenGen,,Sosiani,0.4,2nd Oct 2008,12,Grid,,,,,,,,,,,,,
2247,Energy Statistics Report 2020.pdf,62,1,26,Kengen | Sangoro | 21 | 26th Jul 2017 | 25 | Grid,Kengen,,Sangoro,21,26th Jul 2017,25,Grid,,,,,,,,,,,,,
2248,Energy Statistics Report 2020.pdf,62,1,27,Hydro project services peters Ltd | Meru | 0.51 | 11th Apr 2018 | 20 | Grid,Hydro project services peters Ltd,,Meru,0.51,11th Apr 2018,20,Grid,,,,,,,,,,,,,
2249,Energy Statistics Report 2020.pdf,62,1,28,"Tindinyo Falls Resort Limited [19] | River Yala, Nandi County | 1.5 | 4th Dec 2014 | 25 | Grid",Tindinyo Falls Resort Limited [19],,"River Yala, Nandi County",1.5,4th Dec 2014,25,Grid,,,,,,,,,,,,,
2250,Energy Statistics Report 2020.pdf,62,1,29,RegenTerem [15] | Mt. Elgon | 5.2 | 27th Feb 2014 | 20 | Grid,RegenTerem [15],,Mt. Elgon,5.2,27th Feb 2014,20,Grid,,,,,,,,,,,,,
2251,Energy Statistics Report 2020.pdf,62,1,30,Mt Kenya Power [18] | Meru | 0.6 | 4th Dec 2014 | 25 | Grid,Mt Kenya Power [18],,Meru,0.6,4th Dec 2014,25,Grid,,,,,,,,,,,,,
2252,Energy Statistics Report 2020.pdf,62,1,31,Kleen Energy [22] | Embu | 6 | 16th July 2015 | 25 | Grid,Kleen Energy [22],,Embu,6,16th July 2015,25,Grid,,,,,,,,,,,,,
2253,Energy Statistics Report 2020.pdf,62,1,32,Greater Meru Tea Power Co Ltd | Meru County | 1.5 | 30th Mar 2016 | 25 | Grid,Greater Meru Tea Power Co Ltd,,Meru County,1.5,30th Mar 2016,25,Grid,,,,,,,,,,,,,
2254,Energy Statistics Report 2020.pdf,62,1,33,Greater Meru Power Co Ltd | Tharaka-Nithi County | 2 | 30th Mar 2016 | 25 | Grid,Greater Meru Power Co Ltd,,Tharaka-Nithi County,2,30th Mar 2016,25,Grid,,,,,,,,,,,,,
2255,Energy Statistics Report 2020.pdf,62,1,34,Kirinyaga Power Co Ltd | Kirinyaga County | 1.8 | 30th Mar 2016 | 25 | Grid,Kirinyaga Power Co Ltd,,Kirinyaga County,1.8,30th Mar 2016,25,Grid,,,,,,,,,,,,,
2256,Energy Statistics Report 2020.pdf,62,1,35,Chania Power Co Ltd | Murang’a County | 1 | 30th Mar 2016 | 25 | Grid,Chania Power Co Ltd,,Murang’a County,1,30th Mar 2016,25,Grid,,,,,,,,,,,,,
2257,Energy Statistics Report 2020.pdf,62,1,36,Total Hydro | 835.99,Total Hydro,835.99,,,,,,,,,,,,,,,,,,
2258,Energy Statistics Report 2020.pdf,62,2,1,Page 62,Page 62,,,,,,,,,,,,,,,,,,,
2259,Energy Statistics Report 2020.pdf,63,1,1,Licensee | Technology | Location of Power Plant(s) | Capacity (MW) | Date Granted | Duration (Years) | Supply To | Remarks | Total (MW),Licensee,Technology,Location of Power Plant(s),Capacity (MW),Date Granted,Duration (Years),Supply To,Remarks,Total (MW),,,,,,,,,,,
2260,Energy Statistics Report 2020.pdf,63,1,2,"KenGen | Thermal, MSD [4] | Kipevu I | 60 | 27th April 2011 | 20 | Grid | 746.8",KenGen,"Thermal, MSD [4]",Kipevu I,60,27th April 2011,20,Grid,,746.8,,,,,,,,,,,
2261,Energy Statistics Report 2020.pdf,63,1,3,KenGen | Kipevu III | 120 | 27th April 2011 | 20 | Grid,KenGen,,Kipevu III,120,27th April 2011,20,Grid,,,,,,,,,,,,,
2262,Energy Statistics Report 2020.pdf,63,1,4,KenGen | Muhoroni | 30 | 29th April 2010 | 5 | Grid | Decommissioned in July 2016,KenGen,,Muhoroni,30,29th April 2010,5,Grid,Decommissioned in July 2016,,,,,,,,,,,,
2263,Energy Statistics Report 2020.pdf,63,1,5,KenGen | Garissa | 3.4 | 2ndOct 2008 | 10 | Mini Grid | Decommissioned in April 2016,KenGen,,Garissa,3.4,2ndOct 2008,10,Mini Grid,Decommissioned in April 2016,,,,,,,,,,,,
2264,Energy Statistics Report 2020.pdf,63,1,6,KenGen | Lamu | 2.1 | 2ndOct 2008 | 8 | Mini Grid | Decommissioned in April 2016,KenGen,,Lamu,2.1,2ndOct 2008,8,Mini Grid,Decommissioned in April 2016,,,,,,,,,,,,
2265,Energy Statistics Report 2020.pdf,63,1,7,Tsavo Power[6] | Mombasa | 74 | 21st Mar 2000 | 23 | Grid,Tsavo Power[6],,Mombasa,74,21st Mar 2000,23,Grid,,,,,,,,,,,,,
2266,Energy Statistics Report 2020.pdf,63,1,8,Iberafrica[7] | Nairobi | 108.8 | 20th July 2005 | 27 | Grid,Iberafrica[7],,Nairobi,108.8,20th July 2005,27,Grid,,,,,,,,,,,,,
2267,Energy Statistics Report 2020.pdf,63,1,9,Rabai Power | Mombasa | 90 | 15th July 2008 | 15 | Grid,Rabai Power,,Mombasa,90,15th July 2008,15,Grid,,,,,,,,,,,,,
2268,Energy Statistics Report 2020.pdf,63,1,10,KPRL [12] | Mombasa | 8.5 | 24thFeb 2011 | 20 | Captive,KPRL [12],,Mombasa,8.5,24thFeb 2011,20,Captive,,,,,,,,,,,,,
2269,Energy Statistics Report 2020.pdf,63,1,11,GulfPower Ltd | Athi River | 80 | 14thSept 2011 | 20 | Grid,GulfPower Ltd,,Athi River,80,14thSept 2011,20,Grid,,,,,,,,,,,,,
2270,Energy Statistics Report 2020.pdf,63,1,12,Triumph[13] | Athi River | 83 | 14thSept 2011 | 20 | Grid,Triumph[13],,Athi River,83,14thSept 2011,20,Grid,,,,,,,,,,,,,
2271,Energy Statistics Report 2020.pdf,63,1,13,Thika Power | Mang’u Area | 87 | 9th Feb 2012 | 20 | Grid,Thika Power,,Mang’u Area,87,9th Feb 2012,20,Grid,,,,,,,,,,,,,
2272,Energy Statistics Report 2020.pdf,63,1,14,Total Thermal | 746.8,Total Thermal,746.8,,,,,,,,,,,,,,,,,,
2273,Energy Statistics Report 2020.pdf,63,1,15,KenGen | Gas Turbine | Embakasi | 60 | 27th April 2011 | 20 | Grid | 30 MW relocated to Muhoroni. The remaining 30MW at Embakasi is not being dispatched due to expired PPA | 90,KenGen,Gas Turbine,Embakasi,60,27th April 2011,20,Grid,30 MW relocated to Muhoroni. The remaining 30MW at Embakasi is not being dispatched due to expired PPA,90,,,,,,,,,,,
2274,Energy Statistics Report 2020.pdf,63,1,16,Kengen | Muhoroni | 30 | 26th July 2017 | 20 | Grid,Kengen,,Muhoroni,30,26th July 2017,20,Grid,,,,,,,,,,,,,
2275,Energy Statistics Report 2020.pdf,63,1,17,Total | 90,Total,90,,,,,,,,,,,,,,,,,,
2276,Energy Statistics Report 2020.pdf,63,1,18,KenGen | Wind | Ngong I Phase I | 5.1 | 6thDec 2012 | 20 | Grid | 566.5,KenGen,Wind,Ngong I Phase I,5.1,6thDec 2012,20,Grid,,566.5,,,,,,,,,,,
2277,Energy Statistics Report 2020.pdf,63,1,19,Chania Green Genera- tion Ltd | Kajiado | 50 | 11th April 2018 | 20 | Grid,Chania Green Genera- tion Ltd,,Kajiado,50,11th April 2018,20,Grid,,,,,,,,,,,,,
2278,Energy Statistics Report 2020.pdf,63,1,20,Lake Turkana[10] | Marsabit | 300 | 16th Dec 2010 | 20 | Grid,Lake Turkana[10],,Marsabit,300,16th Dec 2010,20,Grid,,,,,,,,,,,,,
2279,Energy Statistics Report 2020.pdf,63,1,21,Kinangop[14] | Kinangop | 61 | 9th Feb 2012 | 20 | Grid,Kinangop[14],,Kinangop,61,9th Feb 2012,20,Grid,,,,,,,,,,,,,
2280,Energy Statistics Report 2020.pdf,63,1,22,Kipeto Energy Limited | Kajiado | 100 | 16th Sep 2015 | 20 | Grid,Kipeto Energy Limited,,Kajiado,100,16th Sep 2015,20,Grid,,,,,,,,,,,,,
2281,Energy Statistics Report 2020.pdf,63,1,23,"Ol-ndanyat Power Ltd | Kona Baridi, Kajiado County | 30 | 3rd December 2015 | 25 | Grid",Ol-ndanyat Power Ltd,,"Kona Baridi, Kajiado County",30,3rd December 2015,25,Grid,,,,,,,,,,,,,
2282,Energy Statistics Report 2020.pdf,63,1,24,Kengen | Ngong I wind I phase II | 6.8 | 26th July 2017 | 25 | Grid,Kengen,,Ngong I wind I phase II,6.8,26th July 2017,25,Grid,,,,,,,,,,,,,
2283,Energy Statistics Report 2020.pdf,63,1,25,Kengen | Ngong II | 13.6 | 26th July 2017 | 25 | Grid,Kengen,,Ngong II,13.6,26th July 2017,25,Grid,,,,,,,,,,,,,
2284,Energy Statistics Report 2020.pdf,63,1,26,Total Wind | 566.5,Total Wind,566.5,,,,,,,,,,,,,,,,,,
2285,Energy Statistics Report 2020.pdf,63,1,27,Pwani oil products limited | Biomass | Kilifi | 1.5 | 24th Jan 2018 | 20 | Captive | 11.34,Pwani oil products limited,Biomass,Kilifi,1.5,24th Jan 2018,20,Captive,,11.34,,,,,,,,,,,
2286,Energy Statistics Report 2020.pdf,63,1,28,Cummins[16] | Marigat | 8.4 | 29thJan 2014 | 20 | Grid,Cummins[16],,Marigat,8.4,29thJan 2014,20,Grid,,,,,,,,,,,,,
2287,Energy Statistics Report 2020.pdf,63,1,29,DWA ESTATE LIMITED | Makueni | 1.44 | 25th March 2020 | 20 | Grid,DWA ESTATE LIMITED,,Makueni,1.44,25th March 2020,20,Grid,,,,,,,,,,,,,
2288,Energy Statistics Report 2020.pdf,63,1,30,Total Biomass | 11.34,Total Biomass,11.34,,,,,,,,,,,,,,,,,,
2289,Energy Statistics Report 2020.pdf,63,1,31,Nzoia Sugar Co. Ltd | Cogeneration | Bungoma | 7 | 11th April 2018 | 20 | Captive | 94.7,Nzoia Sugar Co. Ltd,Cogeneration,Bungoma,7,11th April 2018,20,Captive,,94.7,,,,,,,,,,,
2290,Energy Statistics Report 2020.pdf,63,1,32,Mumias Sugar | Mumias | 38 | 24th Apr 2008 | 25 | Grid,Mumias Sugar,,Mumias,38,24th Apr 2008,25,Grid,,,,,,,,,,,,,
2291,Energy Statistics Report 2020.pdf,63,1,33,Butali Sugar Mills Limited | Kakamega County | 11 | 1st Dec 2016 | 25 | Captive,Butali Sugar Mills Limited,,Kakamega County,11,1st Dec 2016,25,Captive,,,,,,,,,,,,,
2292,Energy Statistics Report 2020.pdf,63,1,34,Chemelil Sugar Co Limited | Kisumu County | 3 | 1st Dec 2016 | 25 | Captive,Chemelil Sugar Co Limited,,Kisumu County,3,1st Dec 2016,25,Captive,,,,,,,,,,,,,
2293,Energy Statistics Report 2020.pdf,63,1,35,SONY Co. Ltd | Migori County | 8.7 | 26th Apr 2017 | 20 | Captive,SONY Co. Ltd,,Migori County,8.7,26th Apr 2017,20,Captive,,,,,,,,,,,,,
2294,Energy Statistics Report 2020.pdf,63,1,36,Kwale International Sugar Co Ltd | Kwale County | 18 | 25th Feb 2016 | 20 | Grid and Captive,Kwale International Sugar Co Ltd,,Kwale County,18,25th Feb 2016,20,Grid and Captive,,,,,,,,,,,,,
2295,Energy Statistics Report 2020.pdf,63,1,37,Pan Paper[9] | Webuye | 9 | 2004 | 15 | Captive,Pan Paper[9],,Webuye,9,2004,15,Captive,,,,,,,,,,,,,
2296,Energy Statistics Report 2020.pdf,63,1,38,Total Cogeneration | 94.7,Total Cogeneration,94.7,,,,,,,,,,,,,,,,,,
2297,Energy Statistics Report 2020.pdf,63,2,1,Page 63,,Page 63,,,,,,,,,,,,,,,,,,
2298,Energy Statistics Report 2020.pdf,64,1,1,Licensee | Technology | Location of Power Plant(s) | Capacity (MW) | Date Granted | Duration (Years) | Supply To | Remarks | Total (MW),Licensee,Technology,Location of Power Plant(s),Capacity (MW),Date Granted,Duration (Years),Supply To,Remarks,Total (MW),,,,,,,,,,,
2299,Energy Statistics Report 2020.pdf,64,1,2,Oserian Development Co.ltd | Solar | Nakuru | 1 | 22rd Aug 2018 | 20 | Captive | 212.055,Oserian Development Co.ltd,Solar,Nakuru,1,22rd Aug 2018,20,Captive,,212.055,,,,,,,,,,,
2300,Energy Statistics Report 2020.pdf,64,1,3,Alten Energy | Uasin Gichu County | 40 | 3rd Mar 2017 | 25 | Grid,Alten Energy,,Uasin Gichu County,40,3rd Mar 2017,25,Grid,,,,,,,,,,,,,
2301,Energy Statistics Report 2020.pdf,64,1,4,Radiant Energy | Uasin Gichu County | 40 | 3rd Mar 2017 | 25 | Grid,Radiant Energy,,Uasin Gichu County,40,3rd Mar 2017,25,Grid,,,,,,,,,,,,,
2302,Energy Statistics Report 2020.pdf,64,1,5,Eldosol Energy | Uasin Gichu County | 40 | 3rd Mar 2017 | 25 | Grid,Eldosol Energy,,Uasin Gichu County,40,3rd Mar 2017,25,Grid,,,,,,,,,,,,,
2303,Energy Statistics Report 2020.pdf,64,1,6,Ofgen Power Ltd | Nairobi & Taita Taveta Counties | 0.455 | 26th Apr 2017 | 20 | Captive,Ofgen Power Ltd,,Nairobi & Taita Taveta Counties,0.455,26th Apr 2017,20,Captive,,,,,,,,,,,,,
2304,Energy Statistics Report 2020.pdf,64,1,7,Strathmore University | Nairobi County | 0.6 | 26th Apr 2017 | 20 | Grid,Strathmore University,,Nairobi County,0.6,26th Apr 2017,20,Grid,,,,,,,,,,,,,
2305,Energy Statistics Report 2020.pdf,64,1,8,& Cap- tive,,,,,,,& Cap- tive,,,,,,,,,,,,,
2306,Energy Statistics Report 2020.pdf,64,1,9,Malindi solar | Kilifi | 40 | 26th July 2017 | 20 | Grid,Malindi solar,,Kilifi,40,26th July 2017,20,Grid,,,,,,,,,,,,,
2307,Energy Statistics Report 2020.pdf,64,1,10,KOPERE SOLAR PARK LIMITED | Nandi County | 40 | 30th Jan 2019 | 20 | Grid,KOPERE SOLAR PARK LIMITED,,Nandi County,40,30th Jan 2019,20,Grid,,,,,,,,,,,,,
2308,Energy Statistics Report 2020.pdf,64,1,11,HANNAN ARYA ENER- GY (K) LIMITED | Kajiado | 10 | 27th Mar 2029 | 20 | Grid,HANNAN ARYA ENER- GY (K) LIMITED,,Kajiado,10,27th Mar 2029,20,Grid,,,,,,,,,,,,,
2309,Energy Statistics Report 2020.pdf,64,1,12,Total Solar | 212.055,Total Solar,212.055,,,,,,,,,,,,,,,,,,
2310,Energy Statistics Report 2020.pdf,64,1,13,Homabay Biogas One | Biogas | Homabay | 8 | 11th Apr2018 | 20 | Grid | 8,Homabay Biogas One,Biogas,Homabay,8,11th Apr2018,20,Grid,,8,,,,,,,,,,,
2311,Energy Statistics Report 2020.pdf,64,1,14,Bidco[11] | Biothermal | Thika | 2.125 | 18th Aug 2011 | 20 | Grid | 2.125,Bidco[11],Biothermal,Thika,2.125,18th Aug 2011,20,Grid,,2.125,,,,,,,,,,,
2312,Energy Statistics Report 2020.pdf,64,1,15,CemtechLtd | Coal | West Pokot | 30 | 16th July 2015 | 30 | Captive | 1095,CemtechLtd,Coal,West Pokot,30,16th July 2015,30,Captive,,1095,,,,,,,,,,,
2313,Energy Statistics Report 2020.pdf,64,1,16,"Devki Energy Co Ltd | Merrueshi, Kajiado County | 15 | 25th May 2016 | 20 | Captive",Devki Energy Co Ltd,,"Merrueshi, Kajiado County",15,25th May 2016,20,Captive,,,,,,,,,,,,,
2314,Energy Statistics Report 2020.pdf,64,1,17,Amu power | Lamu County | 1050 | 3rd Mar 2017 | 20 | Grid,Amu power,,Lamu County,1050,3rd Mar 2017,20,Grid,,,,,,,,,,,,,
2315,Energy Statistics Report 2020.pdf,64,1,18,Total | 1095,Total,1095,,,,,,,,,,,,,,,,,,
2316,Energy Statistics Report 2020.pdf,64,1,19,Overall Total (MW) | 4422.51,Overall Total (MW),4422.51,,,,,,,,,,,,,,,,,,
2317,Energy Statistics Report 2020.pdf,64,2,1,Page 64,Page 64,,,,,,,,,,,,,,,,,,,
2318,Energy Statistics Report 2020.pdf,65,1,1,Ref No | Name of Licensee | Technology | Location of Undertaking | Capacity (MW) | Date Granted | Duration (Years) | Supply to | Remarks,Ref No,Name of Licensee,Technology,Location of Undertaking,Capacity (MW),Date Granted,Duration (Years),Supply to,Remarks,,,,,,,,,,,
2319,Energy Statistics Report 2020.pdf,65,1,2,GD.01.05 | James Finlay | Hydro and Thermal | Kericho | 6.7 | 19th April 05 | 15 | Self and Grid,GD.01.05,James Finlay,Hydro and Thermal,Kericho,6.7,19th April 05,15,Self and Grid,,,,,,,,,,,,
2320,Energy Statistics Report 2020.pdf,65,1,3,GD.02.05 | Sotik Tea1 | Thermal | Arroket Tea Factory | 1.5 | 19th April 05 | 15 | Self,GD.02.05,Sotik Tea1,Thermal,Arroket Tea Factory,1.5,19th April 05,15,Self,,,,,,,,,,,,
2321,Energy Statistics Report 2020.pdf,65,1,4,GD.03.05 | Sotik Highlands2 | Thermal | Sotik High- lands Tea Factory | 1.06 | 19th April 05 | 15 | Self,GD.03.05,Sotik Highlands2,Thermal,Sotik High- lands Tea Factory,1.06,19th April 05,15,Self,,,,,,,,,,,,
2322,Energy Statistics Report 2020.pdf,65,1,5,GD.01.08 | Unilever3 | Hydro and Thermal | Kericho | 4.66 | 11th Dec 08 | 25 | Self | Modified 28th Oct 2010,GD.01.08,Unilever3,Hydro and Thermal,Kericho,4.66,11th Dec 08,25,Self,Modified 28th Oct 2010,,,,,,,,,,,
2323,Energy Statistics Report 2020.pdf,65,1,6,GD.01.10 | Imenti4 | Hydro | Imenti Tea Factory | 0.92 | 29th April 10 | 25 | Self and Grid,GD.01.10,Imenti4,Hydro,Imenti Tea Factory,0.92,29th April 10,25,Self and Grid,,,,,,,,,,,,
2324,Energy Statistics Report 2020.pdf,65,1,7,GD.01.15 | Powerhive5 | Solar PV | Kisii and Nyamira Counties | 3.0 | 16th Feb 15 | 25 | Public | Transferred to Cloverfield Energy Services Ltd in June 2016,GD.01.15,Powerhive5,Solar PV,Kisii and Nyamira Counties,3.0,16th Feb 15,25,Public,Transferred to Cloverfield Energy Services Ltd in June 2016,,,,,,,,,,,
2325,Energy Statistics Report 2020.pdf,65,1,8,"GD.02.15 | Talek Power Company Ltd | Solar PV-Diesel Hybrid | Talek, Narok County | 0.05 | 16th Sep 15 | 25 | Public | Mini-grid",GD.02.15,Talek Power Company Ltd,Solar PV-Diesel Hybrid,"Talek, Narok County",0.05,16th Sep 15,25,Public,Mini-grid,,,,,,,,,,,
2326,Energy Statistics Report 2020.pdf,65,1,9,"GD.03.15 | Two Rivers Power Com- pany Ltd | Solar, Diesel & Purchase from KPLC | Nairobi County | 2MW Solar, 35MW purchase from KPLC & 10 MW Diesel | 16th Sep- tember 15 | 25 | Self & Public",GD.03.15,Two Rivers Power Com- pany Ltd,"Solar, Diesel & Purchase from KPLC",Nairobi County,"2MW Solar, 35MW purchase from KPLC & 10 MW Diesel",16th Sep- tember 15,25,Self & Public,,,,,,,,,,,,
2327,Energy Statistics Report 2020.pdf,65,1,10,"GD.03.15 | Biojoule Kenya Ltd | Biogas | Naivasha, off Moi South Lake Road, Nakuru County | 2.6 | 3rd De- cember 2015 | 25 | Self and Grid | The ener- gy will be supplied primarily to Gorge Farm and surplus to the grid",GD.03.15,Biojoule Kenya Ltd,Biogas,"Naivasha, off Moi South Lake Road, Nakuru County",2.6,3rd De- cember 2015,25,Self and Grid,The ener- gy will be supplied primarily to Gorge Farm and surplus to the grid,,,,,,,,,,,
2328,Energy Statistics Report 2020.pdf,65,1,11,GD.01.16 | Metumi Power Co Ltd | Hydro | Murang’a County | 5.6 | 30th March 2016 | 25 | Self and Grid,GD.01.16,Metumi Power Co Ltd,Hydro,Murang’a County,5.6,30th March 2016,25,Self and Grid,,,,,,,,,,,,
2329,Energy Statistics Report 2020.pdf,65,1,12,GD.01.17 | Oserian De- velopment Company | Geothermal | Nakuru County | 3.7 | 26th April 2017 | 20 | Captive | Amended on 26th April 2017 to include distribution & supply,GD.01.17,Oserian De- velopment Company,Geothermal,Nakuru County,3.7,26th April 2017,20,Captive,Amended on 26th April 2017 to include distribution & supply,,,,,,,,,,,
2330,Energy Statistics Report 2020.pdf,65,2,1,Page 65,,Page 65,,,,,,,,,,,,,,,,,,
2331,Energy Statistics Report 2020.pdf,66,1,1,GD.02.17 | Nyakwana Power Com- pany ltd | Hydro | Kisii County | 2 | 28th June 2017 | 25 | Self and Grid,GD.02.17,Nyakwana Power Com- pany ltd,Hydro,Kisii County,2,28th June 2017,25,Self and Grid,,,,,,,,,,,,
2332,Energy Statistics Report 2020.pdf,66,1,2,GD.03.17 | Gura Power Company Ltd | Hydro | Nyeri County | 5.8 | 28th June 2017 | 25 | Self and Grid,GD.03.17,Gura Power Company Ltd,Hydro,Nyeri County,5.8,28th June 2017,25,Self and Grid,,,,,,,,,,,,
2333,Energy Statistics Report 2020.pdf,66,1,3,GD.01.18 | Tatu City Power Co. ltd | Grid power | Kiambu | 135 | 26th Sep 2018 | 25 | Import of Grid power,GD.01.18,Tatu City Power Co. ltd,Grid power,Kiambu,135,26th Sep 2018,25,Import of Grid power,,,,,,,,,,,,
2334,Energy Statistics Report 2020.pdf,66,2,1,Page 66,Page 66,,,,,,,,,,,,,,,,,,,
2335,Energy Statistics Report 2020.pdf,67,1,1,Ref No | Licensee | Technology | Location of Power Plant(s) | Capacity (kW) | Date Granted | Duration (Years) | Supply To | Remarks,Ref No,Licensee,Technology,Location of Power Plant(s),Capacity (kW),Date Granted,Duration (Years),Supply To,Remarks,,,,,,,,,,,
2336,Energy Statistics Report 2020.pdf,67,1,2,1GS.01.09 | KPLC2 | 3IDO | Elwak | 520 | 24th Sep 2009 | 50 | Mini grid,1GS.01.09,KPLC2,3IDO,Elwak,520,24th Sep 2009,50,Mini grid,,,,,,,,,,,,
2337,Energy Statistics Report 2020.pdf,67,1,3,4DS.05.09 | KPLC | Garissa | 24th Sep 2009 | 50 | Mini grid | Decommissioned in April 2016,4DS.05.09,KPLC,,Garissa,,24th Sep 2009,50,Mini grid,Decommissioned in April 2016,,,,,,,,,,,
2338,Energy Statistics Report 2020.pdf,67,1,4,GS.02.09 | KPLC | IDO | Habas- wein | 520 | 24th Sep 2009 | 50 | Mini grid,GS.02.09,KPLC,IDO,Habas- wein,520,24th Sep 2009,50,Mini grid,,,,,,,,,,,,
2339,Energy Statistics Report 2020.pdf,67,1,5,GS.11.09 | KPLC | 5AGO | Hola | 800 | 24th Sep 2009 | 50 | Mini grid,GS.11.09,KPLC,5AGO,Hola,800,24th Sep 2009,50,Mini grid,,,,,,,,,,,,
2340,Energy Statistics Report 2020.pdf,67,1,6,DS.06.09 | KPLC | Lamu | 24th Sep 2009 | 50 | Mini grid | Decommissioned in April 2016,DS.06.09,KPLC,,Lamu,,24th Sep 2009,50,Mini grid,Decommissioned in April 2016,,,,,,,,,,,
2341,Energy Statistics Report 2020.pdf,67,1,7,GS.09.09 | KPLC | IDO | Lodwar | 781 | 24th Sep 2009 | 50 | Mini grid,GS.09.09,KPLC,IDO,Lodwar,781,24th Sep 2009,50,Mini grid,,,,,,,,,,,,
2342,Energy Statistics Report 2020.pdf,67,1,8,GS.07.09 | KPLC | IDO | Mandera | 1378 | 24th Sep 2009 | 50 | Mini grid,GS.07.09,KPLC,IDO,Mandera,1378,24th Sep 2009,50,Mini grid,,,,,,,,,,,,
2343,Energy Statistics Report 2020.pdf,67,1,9,GS.10.09 | KPLC | Wind | Marsabit | 200 | 24th Sep 2009 | 50 | Mini grid,GS.10.09,KPLC,Wind,Marsabit,200,24th Sep 2009,50,Mini grid,,,,,,,,,,,,
2344,Energy Statistics Report 2020.pdf,67,1,10,IDO | 120,,,IDO,,120,,,,,,,,,,,,,,,
2345,Energy Statistics Report 2020.pdf,67,1,11,6HFO | 1346,,,6HFO,,1346,,,,,,,,,,,,,,,
2346,Energy Statistics Report 2020.pdf,67,1,12,GS.05.09 | KPLC | AGO | Merti | 128 | 24th Sep 2009 | 50 | Mini grid,GS.05.09,KPLC,AGO,Merti,128,24th Sep 2009,50,Mini grid,,,,,,,,,,,,
2347,Energy Statistics Report 2020.pdf,67,1,13,GS.04.09 | KPLC | IDO | Mfanga- no | 1000 | 24th Sep 2009 | 50 | Mini grid,GS.04.09,KPLC,IDO,Mfanga- no,1000,24th Sep 2009,50,Mini grid,,,,,,,,,,,,
2348,Energy Statistics Report 2020.pdf,67,1,14,GS.08.09 | KPLC | IDO | Moyale | 1311 | 24th Sep 2009 | 50 | Mini grid,GS.08.09,KPLC,IDO,Moyale,1311,24th Sep 2009,50,Mini grid,,,,,,,,,,,,
2349,Energy Statistics Report 2020.pdf,67,1,15,GS.03.09 | KPLC | IDO | Mpeke- toni | 600 | 24th Sep 2009 | 50 | Mini grid | Decommissioned in April 2016,GS.03.09,KPLC,IDO,Mpeke- toni,600,24th Sep 2009,50,Mini grid,Decommissioned in April 2016,,,,,,,,,,,
2350,Energy Statistics Report 2020.pdf,67,1,16,DS.06.09 | KPLC | HFO | Wajir | 1270 | 24th Sep 2009 | 50 | Mini grid,DS.06.09,KPLC,HFO,Wajir,1270,24th Sep 2009,50,Mini grid,,,,,,,,,,,,
2351,Energy Statistics Report 2020.pdf,67,1,17,IDO | 160,,,IDO,,160,,,,,,,,,,,,,,,
2352,Energy Statistics Report 2020.pdf,67,2,1,Page 67,,Page 67,,,,,,,,,,,,,,,,,,
2353,Energy Statistics Report 2020.pdf,68,1,1,Ref Bo | Name of Licensee | Description of the undertaking | Date granted | Duration (years) | Remarks,Ref Bo,Name of Licensee,Description of the undertaking,Date granted,Duration (years),Remarks,,,,,,,,,,,,,,
2354,Energy Statistics Report 2020.pdf,68,1,2,"DS.01.09 | KPLC | Distribution in the KPLC Nairobi Region including Nairobi, Kiambu, Limuru, Ruiru, Machakos, Athi River, Kajiado and environs as shown on KPLC drawing Sheet 6 of SK No 10005. Sources of supply comprise generation by MSD at Nairobi South and transmission substations including Juja Road 132/66 kV, Embakasi 220/66 kV, Ruaraka 132/66 kV and Nairobi North 220/66 kV. | 24th Sep 2009 | 50",DS.01.09,KPLC,"Distribution in the KPLC Nairobi Region including Nairobi, Kiambu, Limuru, Ruiru, Machakos, Athi River, Kajiado and environs as shown on KPLC drawing Sheet 6 of SK No 10005. Sources of supply comprise generation by MSD at Nairobi South and transmission substations including Juja Road 132/66 kV, Embakasi 220/66 kV, Ruaraka 132/66 kV and Nairobi North 220/66 kV.",24th Sep 2009,50,,,,,,,,,,,,,,,
2355,Energy Statistics Report 2020.pdf,68,1,3,"DS.02.09 | KPLC | Distribution in the KPLC Mt Kenya Region including Nyeri, Thika, Embu, Meru, Murang’a, Maragua, Kirin- yaga, Mbeere, Kitui, Mwingi, Tharaka, Isiolo, Laikipia, and environs as shown on KPLC drawing Sheet 6 of SK No 10008. Sources of supply comprise embed- ded hydro generation at Tana, Wanjii, Sagana, Ndula and Mesco, as well as transmission substations at Kiganjo 132/33 kV, Nanyuki 132/33 kV | 24th Sep 2009 | 50",DS.02.09,KPLC,"Distribution in the KPLC Mt Kenya Region including Nyeri, Thika, Embu, Meru, Murang’a, Maragua, Kirin- yaga, Mbeere, Kitui, Mwingi, Tharaka, Isiolo, Laikipia, and environs as shown on KPLC drawing Sheet 6 of SK No 10008. Sources of supply comprise embed- ded hydro generation at Tana, Wanjii, Sagana, Ndula and Mesco, as well as transmission substations at Kiganjo 132/33 kV, Nanyuki 132/33 kV",24th Sep 2009,50,,,,,,,,,,,,,,,
2356,Energy Statistics Report 2020.pdf,68,1,4,"DS.03.09 | KPLC | Distribution in the KPLC West Region including Na- kuru, Kisumu, Eldoret, Kakamega, Baringo, Bomet, Bungoma, Bureti, Busia, Butere, Gucha, Homa Bay, Keiyo, Kericho, Kisii, Kuria, Laikipia, Lugari, Marak- wet, Migori, Mt. Elgon, Nandi, Narok, Nyamira, Nyandarua, Nyando, Rachuonyo, Samburu, Siaya, Suba, Trans Mara, Trans Nzoia, Turkana, UasinGi- shu, Vihiga, West Pokot and environs as shown on KPLC drawing Sheet 6 of SK No 10005. Sources of supply comprise transmission substations at Naiva- sha 132/33 kV, Lanet 132/33 kV, Lessos 132/33 kV, Eldoret 132/33 kV, Kisumu 132/33 kV, Muhoroni 132/33 kV, Chemosit 132/33 kV, Musaga 132/33 kV, Webuye 132/33 kV as well embedded hydro generation at Gogo and Sosiani. | 24th Sep 2009 | 50",DS.03.09,KPLC,"Distribution in the KPLC West Region including Na- kuru, Kisumu, Eldoret, Kakamega, Baringo, Bomet, Bungoma, Bureti, Busia, Butere, Gucha, Homa Bay, Keiyo, Kericho, Kisii, Kuria, Laikipia, Lugari, Marak- wet, Migori, Mt. Elgon, Nandi, Narok, Nyamira, Nyandarua, Nyando, Rachuonyo, Samburu, Siaya, Suba, Trans Mara, Trans Nzoia, Turkana, UasinGi- shu, Vihiga, West Pokot and environs as shown on KPLC drawing Sheet 6 of SK No 10005. Sources of supply comprise transmission substations at Naiva- sha 132/33 kV, Lanet 132/33 kV, Lessos 132/33 kV, Eldoret 132/33 kV, Kisumu 132/33 kV, Muhoroni 132/33 kV, Chemosit 132/33 kV, Musaga 132/33 kV, Webuye 132/33 kV as well embedded hydro generation at Gogo and Sosiani.",24th Sep 2009,50,,,,,,,,,,,,,,,
2357,Energy Statistics Report 2020.pdf,68,1,5,"DS.04.09 | KPLC | Distribution in the KPLC Coast Region including Mombasa, Malindi, Kilifi, Kwale, Msambweni, Lamu, Voi, TaitaTaveta, Loitototok, MtitoAndei, LungaLun- ga, Vanga and environs as shown on KPLC drawing Sheet 7 of SK No 10007. Sources of supply com- prise transmission substations at Rabai 132/33 kV, Kipevu 132/33 kV, Bamburi 132/33 kV, Kilifi 132/33 kV, Voi 132/33 kV and MtitoAndei 132/33 kV, as well HSD thermal generation at Lamu and Mpeketoni. | 24th Sep 2009 | 50",DS.04.09,KPLC,"Distribution in the KPLC Coast Region including Mombasa, Malindi, Kilifi, Kwale, Msambweni, Lamu, Voi, TaitaTaveta, Loitototok, MtitoAndei, LungaLun- ga, Vanga and environs as shown on KPLC drawing Sheet 7 of SK No 10007. Sources of supply com- prise transmission substations at Rabai 132/33 kV, Kipevu 132/33 kV, Bamburi 132/33 kV, Kilifi 132/33 kV, Voi 132/33 kV and MtitoAndei 132/33 kV, as well HSD thermal generation at Lamu and Mpeketoni.",24th Sep 2009,50,,,,,,,,,,,,,,,
2358,Energy Statistics Report 2020.pdf,68,1,6,DS.05.09 | KPLC | Distribution in Garissa Town and environs as shown KPLC drawing SK No 04800/A. Source of supply is the Garissa HSD and MSD thermal generation oper- ated by the KenGen. | 24th Sep 2009 | 50,DS.05.09,KPLC,Distribution in Garissa Town and environs as shown KPLC drawing SK No 04800/A. Source of supply is the Garissa HSD and MSD thermal generation oper- ated by the KenGen.,24th Sep 2009,50,,,,,,,,,,,,,,,
2359,Energy Statistics Report 2020.pdf,68,1,7,DS.06.09 | KPLC | Distribution in Lamu Town and environs as shown on KPLC drawing SK No 10007. Source of supply is the Lamu MSD thermal generation operated by the KenGen. | 24th Sep 2009 | 50,DS.06.09,KPLC,Distribution in Lamu Town and environs as shown on KPLC drawing SK No 10007. Source of supply is the Lamu MSD thermal generation operated by the KenGen.,24th Sep 2009,50,,,,,,,,,,,,,,,
2360,Energy Statistics Report 2020.pdf,68,2,1,Page 68,Page 68,,,,,,,,,,,,,,,,,,,
2361,Energy Statistics Report 2020.pdf,69,1,1,"Supply&Consumption in (ktoe) | Coal&Peat ('000 tonnes) | Crude oil('000 tonnes) | Petroleum Products ('000 tonnes) | Gas | Nuclear | Hydro ('000 tonnes) | Geothermal, solar, wind etc ('000 tonnes) | Combustibl e Renewable s and waste (Ktoe) | Electricity (ktoe) | Heat | Total*",Supply&Consumption in (ktoe),Coal&Peat ('000 tonnes),Crude oil('000 tonnes),Petroleum Products ('000 tonnes),Gas,Nuclear,Hydro ('000 tonnes),"Geothermal, solar, wind etc ('000 tonnes)",Combustibl e Renewable s and waste (Ktoe),Electricity (ktoe),Heat,Total*,,,,,,,,
2362,Energy Statistics Report 2020.pdf,69,1,2,"Indegenous Production | - | 0.00 | 0.00 | - | 0.00 | 3,429.97 | 4,412.05 | 16,761.19 | - | - | 24,603.21",Indegenous Production,-,0.00,0.00,-,0.00,"3,429.97","4,412.05","16,761.19",-,-,"24,603.21",,,,,,,,
2363,Energy Statistics Report 2020.pdf,69,1,3,"Imports | 690.85 | 0.00 | 6,448.89 | - | 0.00 | 0.00 | - | - | 11.20 | - | 7,150.94",Imports,690.85,0.00,"6,448.89",-,0.00,0.00,-,-,11.20,-,"7,150.94",,,,,,,,
2364,Energy Statistics Report 2020.pdf,69,1,4,Exports | 0.00 | - | 745.37 | - | 0.00 | - | - | 3.04 | - | 748.41,Exports,0.00,-,745.37,-,0.00,,-,-,3.04,-,748.41,,,,,,,,
2365,Energy Statistics Report 2020.pdf,69,1,5,International Marine Bunkers** | - | - | 0.00 | - | 0.00 | - | - | - | 0.00,International Marine Bunkers**,-,-,0.00,-,0.00,,-,-,,-,0.00,,,,,,,,
2366,Energy Statistics Report 2020.pdf,69,1,6,International Aviation Bunkers** | - | - | 718.40 | - | 0.00 | - | - | - | - | - | 718.40,International Aviation Bunkers**,-,-,718.40,-,0.00,-,-,-,-,-,718.40,,,,,,,,
2367,Energy Statistics Report 2020.pdf,69,1,7,Stock Changes | - | - | 0.00 | - | 0.00 | - | - | - | - | - | 0.00,Stock Changes,-,-,0.00,-,0.00,-,-,-,-,-,0.00,,,,,,,,
2368,Energy Statistics Report 2020.pdf,69,1,8,"Total Primary Energy Supply(TPES) | 690.85 | 0.00 | 7,912.66 | 0.00 | 3,429.97 | 4,412.05 | 16,761.19 | 14.24 | 33,220.96",Total Primary Energy Supply(TPES),690.85,0.00,"7,912.66",,0.00,"3,429.97","4,412.05","16,761.19",14.24,,"33,220.96",,,,,,,,
2369,Energy Statistics Report 2020.pdf,69,1,9,0.00,,,,,,0.00,,,,,,,,,,,,,,
2370,Energy Statistics Report 2020.pdf,69,1,10,Transfers | - | - | - | - | 0.00 | - | - | - | - | -,Transfers,-,-,-,-,0.00,-,-,-,-,-,,,,,,,,,
2371,Energy Statistics Report 2020.pdf,69,1,11,Statistical differences | - | 0.00 | 0.00 | - | 0.00 | - | - | 0.00 | -1.40 | - | -1.40,Statistical differences,-,0.00,0.00,-,0.00,-,-,0.00,-1.40,-,-1.40,,,,,,,,
2372,Energy Statistics Report 2020.pdf,69,1,12,- | - | - | 0.00 | 0.00 | - | - | - | - | - | 0.00,,-,-,-,0.00,0.00,-,-,-,-,-,0.00,,,,,,,,
2373,Energy Statistics Report 2020.pdf,69,1,13,"Electricity Plants | - | 132.94 | 0.00 | 0.00 | 342.83 | 440.99 | 0.00 | 961.65 | - | 1,878.41",Electricity Plants,-,,132.94,0.00,0.00,342.83,440.99,0.00,961.65,-,"1,878.41",,,,,,,,
2374,Energy Statistics Report 2020.pdf,69,1,14,CHP Plants | - | - | - | - | 0.00 | - | - | - | - | - | 0.00,CHP Plants,-,-,-,-,0.00,-,-,-,-,-,0.00,,,,,,,,
2375,Energy Statistics Report 2020.pdf,69,1,15,Heat Plants | - | - | - | 0.00 | - | - | - | - | - | 0.00,Heat Plants,-,,-,-,0.00,-,-,-,-,-,0.00,,,,,,,,
2376,Energy Statistics Report 2020.pdf,69,1,16,Heat pumps | - | - | - | - | 0.00 | - | - | - | - | - | 0.00,Heat pumps,-,-,-,-,0.00,-,-,-,-,-,0.00,,,,,,,,
2377,Energy Statistics Report 2020.pdf,69,1,17,Gas Works | - | - | - | - | 0.00 | - | - | - | - | - | 0.00,Gas Works,-,-,-,-,0.00,-,-,-,-,-,0.00,,,,,,,,
2378,Energy Statistics Report 2020.pdf,69,1,18,Petroleum Refineries | - | 0.00 | 0.00 | - | 0.00 | - | - | - | - | - | 0.00,Petroleum Refineries,-,0.00,0.00,-,0.00,-,-,-,-,-,0.00,,,,,,,,
2379,Energy Statistics Report 2020.pdf,69,1,19,Coal Transformation | - | - | - | - | 0.00 | - | - | - | - | - | 0.00,Coal Transformation,-,-,-,-,0.00,-,-,-,-,-,0.00,,,,,,,,
2380,Energy Statistics Report 2020.pdf,69,1,20,Liquefaction Plants | - | - | - | - | 0.00 | - | - | - | - | - | 0.00,Liquefaction Plants,-,-,-,-,0.00,-,-,-,-,-,0.00,,,,,,,,
2381,Energy Statistics Report 2020.pdf,69,1,21,"Other Transformation | - | - | - | - | 0.00 | - | - | -5,611.78 | - | - | -5,611.78",Other Transformation,-,-,-,-,0.00,-,-,"-5,611.78",-,-,"-5,611.78",,,,,,,,
2382,Energy Statistics Report 2020.pdf,69,1,22,Own Use | - | 0.00 | 0.00 | - | 0.00 | - | - | - | -21.16 | - | -21.16,Own Use,-,0.00,0.00,-,0.00,-,-,-,-21.16,-,-21.16,,,,,,,,
2383,Energy Statistics Report 2020.pdf,69,1,23,Distribution Losses | - | - | - | - | 0.00 | - | - | - | -210.37 | - | -210.37,Distribution Losses,-,-,-,-,0.00,-,-,-,-210.37,-,-210.37,,,,,,,,
2384,Energy Statistics Report 2020.pdf,69,1,24,"Total Final Consumption(TFC) | 690.85 | 0.00 | 8,045.60 | 0.00 | 0.00 | 3,772.80 | 4,853.04 | 11,149.42 | 742.97 | - | 29,254.67",Total Final Consumption(TFC),690.85,0.00,"8,045.60",0.00,0.00,"3,772.80","4,853.04","11,149.42",742.97,-,"29,254.67",,,,,,,,
2385,Energy Statistics Report 2020.pdf,69,1,25,0.00,,,,,,0.00,,,,,,,,,,,,,,
2386,Energy Statistics Report 2020.pdf,69,1,26,"Industry& commercial sector | 690.85 | 0.00 | 984.69 | 0.00 | 0.00 | 0.00 | 0.00 | 0.00 | 542.08 | 0.00 | 2,217.62",Industry& commercial sector,690.85,0.00,984.69,0.00,0.00,0.00,0.00,0.00,542.08,0.00,"2,217.62",,,,,,,,
2387,Energy Statistics Report 2020.pdf,69,1,27,Iron and Steel | - | - | - | - | 0.00 | - | - | - | - | - | 0.00,Iron and Steel,-,-,-,-,0.00,-,-,-,-,-,0.00,,,,,,,,
2388,Energy Statistics Report 2020.pdf,69,1,28,Chemical and Petrochemical | - | - | - | - | 0.00 | - | - | - | - | - | 0.00,Chemical and Petrochemical,-,-,-,-,0.00,-,-,-,-,-,0.00,,,,,,,,
2389,Energy Statistics Report 2020.pdf,69,1,29,Non-Ferrous Metals | - | - | - | - | 0.00 | - | - | - | - | - | 0.00,Non-Ferrous Metals,-,-,-,-,0.00,-,-,-,-,-,0.00,,,,,,,,
2390,Energy Statistics Report 2020.pdf,69,1,30,Non-Metallic Minerals | - | - | - | - | 0.00 | - | - | - | - | - | 0.00,Non-Metallic Minerals,-,-,-,-,0.00,-,-,-,-,-,0.00,,,,,,,,
2391,Energy Statistics Report 2020.pdf,69,1,31,Transport Equipment | - | - | - | - | 0.00 | - | - | - | - | - | 0.00,Transport Equipment,-,-,-,-,0.00,-,-,-,-,-,0.00,,,,,,,,
2392,Energy Statistics Report 2020.pdf,69,1,32,Machinery | - | - | - | - | 0.00 | - | - | - | - | - | 0.00,Machinery,-,-,-,-,0.00,-,-,-,-,-,0.00,,,,,,,,
2393,Energy Statistics Report 2020.pdf,69,1,33,Mining and Quarrying | - | - | - | - | 0.00 | - | - | - | - | - | 0.00,Mining and Quarrying,-,-,-,-,0.00,-,-,-,-,-,0.00,,,,,,,,
2394,Energy Statistics Report 2020.pdf,69,1,34,Food and Tobacco | - | - | - | - | 0.00 | - | - | - | - | - | 0.00,Food and Tobacco,-,-,-,-,0.00,-,-,-,-,-,0.00,,,,,,,,
2395,Energy Statistics Report 2020.pdf,69,1,35,Paper Pulp and Print | - | - | - | - | 0.00 | - | - | - | - | - | 0.00,Paper Pulp and Print,-,-,-,-,0.00,-,-,-,-,-,0.00,,,,,,,,
2396,Energy Statistics Report 2020.pdf,69,1,36,Wood and Wood Products | - | - | - | - | 0.00 | - | - | - | - | - | 0.00,Wood and Wood Products,-,-,-,-,0.00,-,-,-,-,-,0.00,,,,,,,,
2397,Energy Statistics Report 2020.pdf,69,1,37,Construction | - | - | - | - | 0.00 | - | - | - | - | - | 0.00,Construction,-,-,-,-,0.00,-,-,-,-,-,0.00,,,,,,,,
2398,Energy Statistics Report 2020.pdf,69,1,38,Textile and Leather | - | - | - | - | 0.00 | - | - | - | - | - | 0.00,Textile and Leather,-,-,-,-,0.00,-,-,-,-,-,0.00,,,,,,,,
2399,Energy Statistics Report 2020.pdf,69,1,39,Non-specified (Industry) | - | - | - | - | 0.00 | - | - | - | - | - | 0.00,Non-specified (Industry),-,-,-,-,0.00,-,-,-,-,-,0.00,,,,,,,,
2400,Energy Statistics Report 2020.pdf,69,1,40,0.00 | 0.00,,,,,,0.00,,,,,,0.00,,,,,,,,
2401,Energy Statistics Report 2020.pdf,69,1,41,"Transport sector | 0.00 | 0.00 | 6,871.28 | 0.00 | 0.00 | 0.00 | 0.00 | 0.00 | 0.00 | 0.00 | 6,871.28",Transport sector,0.00,0.00,"6,871.28",0.00,0.00,0.00,0.00,0.00,0.00,0.00,"6,871.28",,,,,,,,
2402,Energy Statistics Report 2020.pdf,69,1,42,International Civil Aviation | - | - | - | - | 0.00 | - | - | - | - | - | 0.00,International Civil Aviation,-,-,-,-,0.00,-,-,-,-,-,0.00,,,,,,,,
2403,Energy Statistics Report 2020.pdf,69,1,43,"Domestic Air Transport(excl. govt) | - | - | 1,040.97 | - | 0.00 | - | - | - | - | - | 1,040.97",Domestic Air Transport(excl. govt),-,-,"1,040.97",-,0.00,-,-,-,-,-,"1,040.97",,,,,,,,
2404,Energy Statistics Report 2020.pdf,69,1,44,"Road transport &retail pump outlets | - | - | 5,803.33 | - | 0.00 | - | - | - | - | - | 5,803.33",Road transport &retail pump outlets,-,-,"5,803.33",-,0.00,-,-,-,-,-,"5,803.33",,,,,,,,
2405,Energy Statistics Report 2020.pdf,69,1,45,Rail transport | - | - | 19.07 | - | 0.00 | - | - | - | - | - | 19.07,Rail transport,-,-,19.07,-,0.00,-,-,-,-,-,19.07,,,,,,,,
2406,Energy Statistics Report 2020.pdf,69,1,46,Pipeline Transport | - | - | 0.00 | - | 0.00 | - | - | - | - | - | 0.00,Pipeline Transport,-,-,0.00,-,0.00,-,-,-,-,-,0.00,,,,,,,,
2407,Energy Statistics Report 2020.pdf,69,1,47,Marine(excl. Naval forces) | - | - | 7.91 | - | 0.00 | - | - | - | - | - | 7.91,Marine(excl. Naval forces),-,-,7.91,-,0.00,-,-,-,-,-,7.91,,,,,,,,
2408,Energy Statistics Report 2020.pdf,69,1,48,Non-specified (Transport) | - | - | 0.00 | - | 0.00 | - | - | - | - | - | 0.00,Non-specified (Transport),-,-,0.00,-,0.00,-,-,-,-,-,0.00,,,,,,,,
2409,Energy Statistics Report 2020.pdf,69,1,49,0.00 | 0.00,,,,,,0.00,,,,,,0.00,,,,,,,,
2410,Energy Statistics Report 2020.pdf,69,1,50,"Other sectors | 0.00 | 0.00 | 189.31 | 0.00 | 0.00 | 0.00 | 0.00 | 11,149.42 | 200.78 | 0.00 | 11,539.51",Other sectors,0.00,0.00,189.31,0.00,0.00,0.00,0.00,"11,149.42",200.78,0.00,"11,539.51",,,,,,,,
2411,Energy Statistics Report 2020.pdf,69,1,51,"Residential | - | - | 0.00 | - | 0.00 | - | - | 11,149.42 | 195.54 | - | 11,344.96",Residential,-,-,0.00,-,0.00,-,-,"11,149.42",195.54,-,"11,344.96",,,,,,,,
2412,Energy Statistics Report 2020.pdf,69,1,52,Government | - | - | 28.99 | - | 0.00 | - | - | - | - | - | 28.99,Government,-,-,28.99,-,0.00,-,-,-,-,-,28.99,,,,,,,,
2413,Energy Statistics Report 2020.pdf,69,1,53,Agriculture/ Forestry | - | - | 92.56 | - | 0.00 | - | - | - | - | - | 92.56,Agriculture/ Forestry,-,-,92.56,-,0.00,-,-,-,-,-,92.56,,,,,,,,
2414,Energy Statistics Report 2020.pdf,69,1,54,Tourism | - | - | 14.73 | - | 0.00 | - | - | - | - | - | 14.73,Tourism,-,-,14.73,-,0.00,-,-,-,-,-,14.73,,,,,,,,
2415,Energy Statistics Report 2020.pdf,69,1,55,Power generation | - | - | 53.03 | - | 0.00 | - | - | - | - | 53.03,Power generation,-,-,53.03,-,0.00,-,,-,-,-,53.03,,,,,,,,
2416,Energy Statistics Report 2020.pdf,69,1,56,Fishing | - | - | - | 0.00 | - | - | - | - | - | 0.00,Fishing,-,-,,-,0.00,-,-,-,-,-,0.00,,,,,,,,
2417,Energy Statistics Report 2020.pdf,69,1,57,Non-specified other | - | - | 0.00 | - | 0.00 | - | - | - | 5.24 | - | 5.24,Non-specified other,-,-,0.00,-,0.00,-,-,-,5.24,-,5.24,,,,,,,,
2418,Energy Statistics Report 2020.pdf,69,1,58,- | 0.00 | - | - | - | - | - | 0.00,,,,,-,0.00,-,-,-,-,-,0.00,,,,,,,,
2419,Energy Statistics Report 2020.pdf,69,1,59,Non-Energy Use | 0.00 | 0.00 | 0.00 | 0.00 | 0.00 | 0.00 | 0.00 | 0.00 | 0.00 | 0.00 | 0.00,Non-Energy Use,0.00,0.00,0.00,0.00,0.00,0.00,0.00,0.00,0.00,0.00,0.00,,,,,,,,
2420,Energy Statistics Report 2020.pdf,69,1,60,_of which petrochemical feedstocks | - | - | - | - | 0.00 | - | - | - | - | - | 0.00,_of which petrochemical feedstocks,-,-,-,-,0.00,-,-,-,-,-,0.00,,,,,,,,
2421,Energy Statistics Report 2020.pdf,69,1,61,Non-Energy Use Ind/Transf/Ener | - | - | - | - | 0.00 | - | - | - | - | - | 0.00,Non-Energy Use Ind/Transf/Ener,-,-,-,-,0.00,-,-,-,-,-,0.00,,,,,,,,
2422,Energy Statistics Report 2020.pdf,69,1,62,Non-Energy Use in Transport | - | - | - | - | 0.00 | - | - | - | - | - | 0.00,Non-Energy Use in Transport,-,-,-,-,0.00,-,-,-,-,-,0.00,,,,,,,,
2423,Energy Statistics Report 2020.pdf,69,1,63,Non-Energy Use in Oth. Sect | - | - | - | - | 0.00 | - | - | - | - | - | 0.00,Non-Energy Use in Oth. Sect,-,-,-,-,0.00,-,-,-,-,-,0.00,,,,,,,,
2424,Energy Statistics Report 2020.pdf,69,2,1,Page 69,,Page 69,,,,,,,,,,,,,,,,,,
2425,Energy Statistics Report 2020.pdf,70,1,1,"CONTACT US Energy and Petroleum Regulatory Authority, Eagle Africa Center, Longonot Rd, Upperhill P.O Box 42681-00100 GPO, Nairobi – Kenya Tel: +254-20-2847000/200/2717675 Cell: +254-722 200947/734414333 Hotline: +254 709 336 000/708 444 000 Fax: +254 20 2717603 Email: info@epra.go.ke Website: www.epra.go.ke",,"CONTACT US Energy and Petroleum Regulatory Authority, Eagle Africa Center, Longonot Rd, Upperhill P.O Box 42681-00100 GPO, Nairobi – Kenya Tel: +254-20-2847000/200/2717675 Cell: +254-722 200947/734414333 Hotline: +254 709 336 000/708 444 000 Fax: +254 20 2717603 Email: info@epra.go.ke Website: www.epra.go.ke",,,,,,,,,,,,,,,,,,
2426,Energy Statistics Report 2020.pdf,70,1,2,Page 70 | Page 70,Page 70,Page 70,,,,,,,,,,,,,,,,,,
2427,Energy and Petroleum Stats Report 2022.pdf,2,1,1,"About EPRA The Energy and Petroleum Regulatory Authority (EPRA) is established under the Energy Act, 2019 as the regulatory agency responsible for economic and technical regulation of the electricity, renewable energy, petroleum and coal.","About EPRA The Energy and Petroleum Regulatory Authority (EPRA) is established under the Energy Act, 2019 as the regulatory agency responsible for economic and technical regulation of the electricity, renewable energy, petroleum and coal.",,,,,,,,,,,,,,,,,,,
2428,Energy and Petroleum Stats Report 2022.pdf,2,1,2,"Our Mission Our Vision Our Rallying Call Enhancing lives by ensuring there A leading regulator driving Quality Energy, Quality Life. is sustainable, cost efficient and sustainable and clean energy quality energy and petroleum. and petroleum for all.","Our Mission Our Vision Our Rallying Call Enhancing lives by ensuring there A leading regulator driving Quality Energy, Quality Life. is sustainable, cost efficient and sustainable and clean energy quality energy and petroleum. and petroleum for all.",,,,,,,,,,,,,,,,,,,
2429,Energy and Petroleum Stats Report 2022.pdf,2,1,3,Our Core Values Professionalism Integrity Responsiveness Mutual Respect Teamwork 2 | ENERGY & PETROLEUM STATISTICS REPORT FOR THE FINANCIAL YEAR ENDED 30TH JUNE 2023,Our Core Values Professionalism Integrity Responsiveness Mutual Respect Teamwork 2 | ENERGY & PETROLEUM STATISTICS REPORT FOR THE FINANCIAL YEAR ENDED 30TH JUNE 2023,,,,,,,,,,,,,,,,,,,
2430,Energy and Petroleum Stats Report 2022.pdf,2,2,1,Our Core Values,Our Core Values,,,,,,,,,,,,,,,,,,,
2431,Energy and Petroleum Stats Report 2022.pdf,6,1,2,A Message from the Director General,A Message from the Director General,,,,,,,,,,,,,,,,,,,
2432,Energy and Petroleum Stats Report 2022.pdf,9,1,5,2,,,,,2,,,,,,,,,,,,,,,
2433,Energy and Petroleum Stats Report 2022.pdf,9,1,8,1976,,,,1976,,,,,,,,,,,,,,,,
2434,Energy and Petroleum Stats Report 2022.pdf,9,1,9,1 | 912,,,1,912,,,,,,,,,,,,,,,,
2435,Energy and Petroleum Stats Report 2022.pdf,9,1,10,1 | 859,1,859,,,,,,,,,,,,,,,,,,
2436,Energy and Petroleum Stats Report 2022.pdf,10,1,1,Technology | Interconnected Capacity (MW) | Captive Capacity (MW) | Total Installed Capacity (MW) | % Total Installed (MW),Technology,Interconnected Capacity (MW),,Captive Capacity (MW),Total Installed Capacity (MW),% Total Installed (MW),,,,,,,,,,,,,,
2437,Energy and Petroleum Stats Report 2022.pdf,10,1,2,Installed | Effective,,Installed,Effective,,,,,,,,,,,,,,,,,
2438,Energy and Petroleum Stats Report 2022.pdf,10,1,3,Hydro | 838.5 | 809.6 | 33.0 | 871.5 | 24.80%,Hydro,838.5,809.6,33.0,871.5,24.80%,,,,,,,,,,,,,,
2439,Energy and Petroleum Stats Report 2022.pdf,10,1,4,Geothermal | 940.0 | 861.1 | 3.7 | 943.7 | 26.86%,Geothermal,940.0,861.1,3.7,943.7,26.86%,,,,,,,,,,,,,,
2440,Energy and Petroleum Stats Report 2022.pdf,10,1,5,Thermal | 681.9 | 645.4 | 21.3 | 703.2 | 20.02%,Thermal,681.9,645.4,21.3,703.2,20.02%,,,,,,,,,,,,,,
2441,Energy and Petroleum Stats Report 2022.pdf,10,1,6,Wind | 436.1 | 425.5 | - | 436.1 | 12.41%,Wind,436.1,425.5,-,436.1,12.41%,,,,,,,,,,,,,,
2442,Energy and Petroleum Stats Report 2022.pdf,10,1,7,Solar | 212.6 | 212.2 | 154.9 | 367.5 | 10.46%,Solar,212.6,212.2,154.9,367.5,10.46%,,,,,,,,,,,,,,
2443,Energy and Petroleum Stats Report 2022.pdf,10,1,8,Bioenergy | 2.0 | 2.0 | 105.9 | 107.9 | 3.07%,Bioenergy,2.0,2.0,105.9,107.9,3.07%,,,,,,,,,,,,,,
2444,Energy and Petroleum Stats Report 2022.pdf,10,1,9,Imports | 200.0 | 200.0 | - | 200.0,Imports,200.0,200.0,-,200.0,,,,,,,,,,,,,,,
2445,Energy and Petroleum Stats Report 2022.pdf,10,1,10,WHRC | - | - | 83.5 | 83.5 | 2.38%,WHRC,-,-,83.5,83.5,2.38%,,,,,,,,,,,,,,
2446,Energy and Petroleum Stats Report 2022.pdf,10,1,11,"Total | 3,311.1 | 3,155.8 | 402.3 | 3,713.4 | 100.00%",Total,"3,311.1","3,155.8",402.3,"3,713.4",100.00%,,,,,,,,,,,,,,
2447,Energy and Petroleum Stats Report 2022.pdf,11,1,1,Technology | 2021/2022 | 2022/2023 | % Change,Technology,2021/2022,2022/2023,% Change,,,,,,,,,,,,,,,,
2448,Energy and Petroleum Stats Report 2022.pdf,11,1,2,"Hydro | 3,348.71 | 2,569.18 | -23.28%",Hydro,"3,348.71","2,569.18",-23.28%,,,,,,,,,,,,,,,,
2449,Energy and Petroleum Stats Report 2022.pdf,11,1,3,"Thermal | 1,647.75 | 1,395.49 | -15.31%",Thermal,"1,647.75","1,395.49",-15.31%,,,,,,,,,,,,,,,,
2450,Energy and Petroleum Stats Report 2022.pdf,11,1,4,"Wind | 2,052.26 | 2,201.72 | 7.28%",Wind,"2,052.26","2,201.72",7.28%,,,,,,,,,,,,,,,,
2451,Energy and Petroleum Stats Report 2022.pdf,11,1,5,"Geothermal | 4,953.15 | 6,035.00 | 21.84%",Geothermal,"4,953.15","6,035.00",21.84%,,,,,,,,,,,,,,,,
2452,Energy and Petroleum Stats Report 2022.pdf,11,1,6,Bagasse/Biogas | 0.38 | 0.21 | -44.83%,Bagasse/Biogas,0.38,0.21,-44.83%,,,,,,,,,,,,,,,,
2453,Energy and Petroleum Stats Report 2022.pdf,11,1,7,Imports | 337.50 | 644.07 | 90.83%,Imports,337.50,644.07,90.83%,,,,,,,,,,,,,,,,
2454,Energy and Petroleum Stats Report 2022.pdf,11,1,8,Solar | 312.99 | 443.95 | 41.84%,Solar,312.99,443.95,41.84%,,,,,,,,,,,,,,,,
2455,Energy and Petroleum Stats Report 2022.pdf,11,1,9,"Total | 12,652.74 | 13,289.63 | 5.03%",Total,"12,652.74","13,289.63",5.03%,,,,,,,,,,,,,,,,
2456,Energy and Petroleum Stats Report 2022.pdf,12,1,1,"2,149","2,149",,,,,,,,,,,,,,,,,,,
2457,Energy and Petroleum Stats Report 2022.pdf,12,1,2,"2,146","2,146",,,,,,,,,,,,,,,,,,,
2458,Energy and Petroleum Stats Report 2022.pdf,12,1,3,"2,144 2,133 2,131 2,129 2,128","2,144 2,133 2,131 2,129 2,128",,,,,,,,,,,,,,,,,,,
2459,Energy and Petroleum Stats Report 2022.pdf,12,1,4,"2,134 2,125 2,128","2,134 2,125 2,128",,,,,,,,,,,,,,,,,,,
2460,Energy and Petroleum Stats Report 2022.pdf,12,1,5,"2,116","2,116",,,,,,,,,,,,,,,,,,,
2461,Energy and Petroleum Stats Report 2022.pdf,12,1,8,"2,093","2,093",,,,,,,,,,,,,,,,,,,
2462,Energy and Petroleum Stats Report 2022.pdf,13,1,1,Month | Geothermal (MWh) | Wind (MWh) | Total (MWh),Month,Geothermal (MWh),Wind (MWh),Total (MWh),,,,,,,,,,,,,,,,
2463,Energy and Petroleum Stats Report 2022.pdf,13,1,2,"Jul-22 | 51,252 | 0 | 51,252",Jul-22,"51,252",0,"51,252",,,,,,,,,,,,,,,,
2464,Energy and Petroleum Stats Report 2022.pdf,13,1,3,"Aug-22 | 62,169 | 1,414 | 63,583",Aug-22,"62,169","1,414","63,583",,,,,,,,,,,,,,,,
2465,Energy and Petroleum Stats Report 2022.pdf,13,1,4,"Sep-22 | 56,520 | 0 | 56,520",Sep-22,"56,520",0,"56,520",,,,,,,,,,,,,,,,
2466,Energy and Petroleum Stats Report 2022.pdf,13,1,5,"Oct-22 | 56,525 | 2,030 | 58,555",Oct-22,"56,525","2,030","58,555",,,,,,,,,,,,,,,,
2467,Energy and Petroleum Stats Report 2022.pdf,13,1,6,"Nov-22 | 336 | 44,868 | 45,204",Nov-22,336,"44,868","45,204",,,,,,,,,,,,,,,,
2468,Energy and Petroleum Stats Report 2022.pdf,13,1,7,"Dec-22 | 3,715 | 36,444 | 40,159",Dec-22,"3,715","36,444","40,159",,,,,,,,,,,,,,,,
2469,Energy and Petroleum Stats Report 2022.pdf,13,1,8,"Jan-23 | 31,911 | 0 | 31,911",Jan-23,"31,911",0,"31,911",,,,,,,,,,,,,,,,
2470,Energy and Petroleum Stats Report 2022.pdf,13,1,9,"Feb-23 | 26,357 | 0 | 26,357",Feb-23,"26,357",0,"26,357",,,,,,,,,,,,,,,,
2471,Energy and Petroleum Stats Report 2022.pdf,13,1,10,"Mar-23 | 25,529 | 0 | 25,529",Mar-23,"25,529",0,"25,529",,,,,,,,,,,,,,,,
2472,Energy and Petroleum Stats Report 2022.pdf,13,1,11,"Apr-23 | 37,967 | 0 | 37,967",Apr-23,"37,967",0,"37,967",,,,,,,,,,,,,,,,
2473,Energy and Petroleum Stats Report 2022.pdf,13,1,12,"May-23 | 30,900 | 0 | 30,900",May-23,"30,900",0,"30,900",,,,,,,,,,,,,,,,
2474,Energy and Petroleum Stats Report 2022.pdf,13,1,13,"Jun-23 | 27,500 | 0 | 27,500",Jun-23,"27,500",0,"27,500",,,,,,,,,,,,,,,,
2475,Energy and Petroleum Stats Report 2022.pdf,13,1,14,"Total | 410,681 | 84,756 | 495,437",Total,"410,681","84,756","495,437",,,,,,,,,,,,,,,,
2476,Energy and Petroleum Stats Report 2022.pdf,14,1,1,Jul-22 | Aug-22 | Sep-22 | Oct-22 | Nov-22 | Dec-22,,Jul-22,Aug-22,Sep-22,Oct-22,Nov-22,Dec-22,,,,,,,,,,,,,
2477,Energy and Petroleum Stats Report 2022.pdf,14,1,2,CAIDI (Hrs) | 2.29 | 2.18 | 2.32 | 1.96 | 2.36 | 2.36,CAIDI (Hrs),2.29,2.18,2.32,1.96,2.36,2.36,,,,,,,,,,,,,
2478,Energy and Petroleum Stats Report 2022.pdf,14,1,3,SAIDI (Hrs) | 6.9 | 6.07 | 6.68 | 6.76 | 10.63 | 8.5,SAIDI (Hrs),6.9,6.07,6.68,6.76,10.63,8.5,,,,,,,,,,,,,
2479,Energy and Petroleum Stats Report 2022.pdf,14,1,4,SAIFI | 3.05 | 2.78 | 2.88 | 3.45 | 4.51 | 3.61,SAIFI,3.05,2.78,2.88,3.45,4.51,3.61,,,,,,,,,,,,,
2480,Energy and Petroleum Stats Report 2022.pdf,14,1,5,Jan-23 | Feb-23 | Mar-23 | Apr-23 | May-23 | Jun-23,,Jan-23,Feb-23,Mar-23,Apr-23,May-23,Jun-23,,,,,,,,,,,,,
2481,Energy and Petroleum Stats Report 2022.pdf,14,1,6,CAIDI (Hrs) | 2.14 | 1.54 | 2.78 | 2.26 | 2.55 | 2.3,CAIDI (Hrs),2.14,1.54,2.78,2.26,2.55,2.3,,,,,,,,,,,,,
2482,Energy and Petroleum Stats Report 2022.pdf,14,1,7,SAIDI (Hrs) | 7.65 | 8.47 | 12.75 | 9.97 | 9.88 | 6.22,SAIDI (Hrs),7.65,8.47,12.75,9.97,9.88,6.22,,,,,,,,,,,,,
2483,Energy and Petroleum Stats Report 2022.pdf,14,1,8,SAIFI | 3.58 | 5.51 | 4.59 | 4.41 | 3.87 | 2.71,SAIFI,3.58,5.51,4.59,4.41,3.87,2.71,,,,,,,,,,,,,
2484,Energy and Petroleum Stats Report 2022.pdf,15,1,1,Customer/Code Name | Energy Limit kWh/month | Tariff(15%Reduction),Customer/Code Name,Energy Limit kWh/month,Tariff(15%Reduction),,,,,,,,,,,,,,,,,
2485,Energy and Petroleum Stats Report 2022.pdf,15,1,2,Domestic | 0-100 | 7.7,Domestic,0-100,7.7,,,,,,,,,,,,,,,,,
2486,Energy and Petroleum Stats Report 2022.pdf,15,1,3,>100 | 12.6,,>100,12.6,,,,,,,,,,,,,,,,,
2487,Energy and Petroleum Stats Report 2022.pdf,15,1,4,Small Commercial | 0-100 | 7.7,Small Commercial,0-100,7.7,,,,,,,,,,,,,,,,,
2488,Energy and Petroleum Stats Report 2022.pdf,15,1,5,>100 | 12.4,,>100,12.4,,,,,,,,,,,,,,,,,
2489,Energy and Petroleum Stats Report 2022.pdf,15,1,6,Commercial/Industrial | >15000 | 8.7,Commercial/Industrial,>15000,8.7,,,,,,,,,,,,,,,,,
2490,Energy and Petroleum Stats Report 2022.pdf,15,1,7,800,,,800,,,,,,,,,,,,,,,,,
2491,Energy and Petroleum Stats Report 2022.pdf,15,1,8,Commercial/Industrial | No Limit | 8.1,Commercial/Industrial,No Limit,8.1,,,,,,,,,,,,,,,,,
2492,Energy and Petroleum Stats Report 2022.pdf,15,1,9,520,,,520,,,,,,,,,,,,,,,,,
2493,Energy and Petroleum Stats Report 2022.pdf,15,1,10,Commercial/Industrial | No Limit | 8,Commercial/Industrial,No Limit,8,,,,,,,,,,,,,,,,,
2494,Energy and Petroleum Stats Report 2022.pdf,15,1,11,270,,,270,,,,,,,,,,,,,,,,,
2495,Energy and Petroleum Stats Report 2022.pdf,15,1,12,Commercial/Industrial | No Limit | 7.8,Commercial/Industrial,No Limit,7.8,,,,,,,,,,,,,,,,,
2496,Energy and Petroleum Stats Report 2022.pdf,15,1,13,220,,,220,,,,,,,,,,,,,,,,,
2497,Energy and Petroleum Stats Report 2022.pdf,15,1,14,Commercial/Industrial | No Limit | 7.6,Commercial/Industrial,No Limit,7.6,,,,,,,,,,,,,,,,,
2498,Energy and Petroleum Stats Report 2022.pdf,15,1,15,220,,,220,,,,,,,,,,,,,,,,,
2499,Energy and Petroleum Stats Report 2022.pdf,15,1,16,Street Lighting | No Limit | 5.5,Street Lighting,No Limit,5.5,,,,,,,,,,,,,,,,,
2500,Energy and Petroleum Stats Report 2022.pdf,16,1,1,Customer category | Voltage at connection | Energy Limit (kWh/month) | Base Tariff (Kshs) | Demand Charge (Kshs),Customer category,Voltage at connection,Energy Limit (kWh/month),Base Tariff (Kshs),Demand Charge (Kshs),,,,,,,,,,,,,,,
2501,Energy and Petroleum Stats Report 2022.pdf,16,1,2,Domestic | 240 Volts/415 Volts | 0-30 | 12.12 | 0,Domestic,240 Volts/415 Volts,0-30,12.12,0,,,,,,,,,,,,,,,
2502,Energy and Petroleum Stats Report 2022.pdf,16,1,3,30-100 | 16.30 | 0,,,30-100,16.30,0,,,,,,,,,,,,,,,
2503,Energy and Petroleum Stats Report 2022.pdf,16,1,4,100-1500 | 20.97 | 0,,,100-1500,20.97,0,,,,,,,,,,,,,,,
2504,Energy and Petroleum Stats Report 2022.pdf,16,1,5,Small Commercial | 240 Volts/415 Volts | <30 | 12.22 | 0,Small Commercial,240 Volts/415 Volts,<30,12.22,0,,,,,,,,,,,,,,,
2505,Energy and Petroleum Stats Report 2022.pdf,16,1,6,30-100 | 16.40 | 0,,,30-100,16.40,0,,,,,,,,,,,,,,,
2506,Energy and Petroleum Stats Report 2022.pdf,16,1,7,100-1500 | 20.18 | 0,,,100-1500,20.18,0,,,,,,,,,,,,,,,
2507,Energy and Petroleum Stats Report 2022.pdf,16,1,8,Electric Mobility | 240 Volts/415 Volts | <30 | 16.00 | 0,Electric Mobility,240 Volts/415 Volts,<30,16.00,0,,,,,,,,,,,,,,,
2508,Energy and Petroleum Stats Report 2022.pdf,16,1,9,"Commercial/ Industrial | 415 Volts | >15000 | 14.70 | 11,000",Commercial/ Industrial,415 Volts,>15000,14.70,"11,000",,,,,,,,,,,,,,,
2509,Energy and Petroleum Stats Report 2022.pdf,16,1,10,"11,000 Volts | No Limit | 13.24 | 700",,"11,000 Volts",No Limit,13.24,700,,,,,,,,,,,,,,,
2510,Energy and Petroleum Stats Report 2022.pdf,16,1,11,"33,000 Volts | No Limit | 12.66 | 370",,"33,000 Volts",No Limit,12.66,370,,,,,,,,,,,,,,,
2511,Energy and Petroleum Stats Report 2022.pdf,16,1,12,"66,000 Volts | No Limit | 12.40 | 300",,"66,000 Volts",No Limit,12.40,300,,,,,,,,,,,,,,,
2512,Energy and Petroleum Stats Report 2022.pdf,16,1,13,"132,000 Volts | No Limit | 12.12 | 300",,"132,000 Volts",No Limit,12.12,300,,,,,,,,,,,,,,,
2513,Energy and Petroleum Stats Report 2022.pdf,16,1,14,"220,000 Volts | No Limit | 10.00 | 200",,"220,000 Volts",No Limit,10.00,200,,,,,,,,,,,,,,,
2514,Energy and Petroleum Stats Report 2022.pdf,16,1,15,(SEZ) | No Limit | 10.00 | 200,,(SEZ),No Limit,10.00,200,,,,,,,,,,,,,,,
2515,Energy and Petroleum Stats Report 2022.pdf,16,1,16,Street Lighting | 240 Volts/415 Volts | No Limit | 9.22 | 0,Street Lighting,240 Volts/415 Volts,No Limit,9.22,0,,,,,,,,,,,,,,,
2516,Energy and Petroleum Stats Report 2022.pdf,18,1,1,Month | No. of Beneficiaries | Electricity demand based on beneficiaries (MW) | Savings by Customers (Kshs Million),Month,No. of Beneficiaries,Electricity demand based on beneficiaries (MW),Savings by Customers (Kshs Million),,,,,,,,,,,,,,,,
2517,Energy and Petroleum Stats Report 2022.pdf,18,1,2,"Jul-22 | 1,423 | 59.5 | 113.5",Jul-22,"1,423",59.5,113.5,,,,,,,,,,,,,,,,
2518,Energy and Petroleum Stats Report 2022.pdf,18,1,3,"Aug-22 | 1,190 | 53.7 | 97.8",Aug-22,"1,190",53.7,97.8,,,,,,,,,,,,,,,,
2519,Energy and Petroleum Stats Report 2022.pdf,18,1,4,"Sep-22 | 1,205 | 54.8 | 94.6",Sep-22,"1,205",54.8,94.6,,,,,,,,,,,,,,,,
2520,Energy and Petroleum Stats Report 2022.pdf,18,1,5,"Oct-22 | 1,865 | 86.5 | 167.2",Oct-22,"1,865",86.5,167.2,,,,,,,,,,,,,,,,
2521,Energy and Petroleum Stats Report 2022.pdf,18,1,6,"Nov-22 | 1,489 | 74.4 | 121.1",Nov-22,"1,489",74.4,121.1,,,,,,,,,,,,,,,,
2522,Energy and Petroleum Stats Report 2022.pdf,18,1,7,"Dec-22 | 1,466 | 61.2 | 120",Dec-22,"1,466",61.2,120,,,,,,,,,,,,,,,,
2523,Energy and Petroleum Stats Report 2022.pdf,18,1,8,"Jan-23 | 1,710 | 76.6 | 145.5",Jan-23,"1,710",76.6,145.5,,,,,,,,,,,,,,,,
2524,Energy and Petroleum Stats Report 2022.pdf,18,1,9,"Feb-23 | 1,215 | 45 | 73.7",Feb-23,"1,215",45,73.7,,,,,,,,,,,,,,,,
2525,Energy and Petroleum Stats Report 2022.pdf,18,1,10,"Mar-23 | 1,573 | 54.6 | 54.6",Mar-23,"1,573",54.6,54.6,,,,,,,,,,,,,,,,
2526,Energy and Petroleum Stats Report 2022.pdf,18,1,11,Apr-23 | 777 | 37.2 | 105.3,Apr-23,777,37.2,105.3,,,,,,,,,,,,,,,,
2527,Energy and Petroleum Stats Report 2022.pdf,18,1,12,"May-23 | 1,847 | 52.6 | 43.6",May-23,"1,847",52.6,43.6,,,,,,,,,,,,,,,,
2528,Energy and Petroleum Stats Report 2022.pdf,18,1,13,"Jun-23 | 1,409 | 43.6 | 126.3",Jun-23,"1,409",43.6,126.3,,,,,,,,,,,,,,,,
2529,Energy and Petroleum Stats Report 2022.pdf,19,2,1,Market share 4.87% 12.70% 7.11% 3.53% 5.01% 3.38% 7.77% 1.47% 60.74% 1.29% Kengen Lake Turkana Wind Power Plant ORPOWER Imports Kipeto Energy PLC Rabai Power Thika Power Gulf Power,,Market share 4.87% 12.70% 7.11% 3.53% 5.01% 3.38% 7.77% 1.47% 60.74% 1.29% Kengen Lake Turkana Wind Power Plant ORPOWER Imports Kipeto Energy PLC Rabai Power Thika Power Gulf Power,,,,,,,,,,,,,,,,,,
2530,Energy and Petroleum Stats Report 2022.pdf,20,1,1,Company | Electricity Generated (GWh) | Market share,Company,Electricity Generated (GWh),Market share,,,,,,,,,,,,,,,,,
2531,Energy and Petroleum Stats Report 2022.pdf,20,1,2,Kengen | 802.86 | 60.74%,Kengen,802.86,60.74%,,,,,,,,,,,,,,,,,
2532,Energy and Petroleum Stats Report 2022.pdf,20,1,3,Lake Turkana Wind Power Plant | 1678.32 | 12.70%,Lake Turkana Wind Power Plant,1678.32,12.70%,,,,,,,,,,,,,,,,,
2533,Energy and Petroleum Stats Report 2022.pdf,20,1,4,ORPOWER | 939.23 | 7.11%,ORPOWER,939.23,7.11%,,,,,,,,,,,,,,,,,
2534,Energy and Petroleum Stats Report 2022.pdf,20,1,5,Imports | 644.07 | 4.87%,Imports,644.07,4.87%,,,,,,,,,,,,,,,,,
2535,Energy and Petroleum Stats Report 2022.pdf,20,1,6,Kipeto Energy PLC | 466.10 | 3.53%,Kipeto Energy PLC,466.10,3.53%,,,,,,,,,,,,,,,,,
2536,Energy and Petroleum Stats Report 2022.pdf,20,1,7,Rabai Power | 446.01 | 3.38%,Rabai Power,446.01,3.38%,,,,,,,,,,,,,,,,,
2537,Energy and Petroleum Stats Report 2022.pdf,20,1,8,Thika Power | 194.38 | 1.47%,Thika Power,194.38,1.47%,,,,,,,,,,,,,,,,,
2538,Energy and Petroleum Stats Report 2022.pdf,20,1,9,Gulf Power | 170.42 | 1.29%,Gulf Power,170.42,1.29%,,,,,,,,,,,,,,,,,
2539,Energy and Petroleum Stats Report 2022.pdf,20,1,10,Others | 115.52 | 5.01%,Others,115.52,5.01%,,,,,,,,,,,,,,,,,
2540,Energy and Petroleum Stats Report 2022.pdf,21,1,1,KETRACO | KPLC | Total,,KETRACO,KPLC,Total,,,,,,,,,,,,,,,,
2541,Energy and Petroleum Stats Report 2022.pdf,21,1,2,500KV HVDC | 1 | 0 | 1,500KV HVDC,1,0,1,,,,,,,,,,,,,,,,
2542,Energy and Petroleum Stats Report 2022.pdf,21,1,3,400KV | 5 | 0 | 5,400KV,5,0,5,,,,,,,,,,,,,,,,
2543,Energy and Petroleum Stats Report 2022.pdf,21,1,4,200KV | 10 | 12 | 22,200KV,10,12,22,,,,,,,,,,,,,,,,
2544,Energy and Petroleum Stats Report 2022.pdf,21,1,5,132KV | 25 | 44 | 69,132KV,25,44,69,,,,,,,,,,,,,,,,
2545,Energy and Petroleum Stats Report 2022.pdf,21,1,6,41 | 56 | 97,,41,56,97,,,,,,,,,,,,,,,,
2546,Energy and Petroleum Stats Report 2022.pdf,22,1,1,Transmission line length in km by utility 2647.3 6530.4 KETRACO KPLC,,Transmission line length in km by utility 2647.3 6530.4 KETRACO KPLC,,,,,,,,,,,,,,,,,,
2547,Energy and Petroleum Stats Report 2022.pdf,22,2,4,1294.5 1279.9,,,,1294.5 1279.9,,,,,,,,,,,,,,,,
2548,Energy and Petroleum Stats Report 2022.pdf,22,2,6,694.3,,,,,,694.3,,,,,,,,,,,,,,
2549,Energy and Petroleum Stats Report 2022.pdf,22,2,8,0 | 0,,0,,0,,,,,,,,,,,,,,,,
2550,Energy and Petroleum Stats Report 2022.pdf,23,1,1,Station | Installed Capacity (MW) | Station | Installed Capacity (MW),Station,Installed Capacity (MW),Station,Installed Capacity (MW),,,,,,,,,,,,,,,,
2551,Energy and Petroleum Stats Report 2022.pdf,23,1,2,Wajir | 4.5 | North Horr | 0.584,Wajir,4.5,North Horr,0.584,,,,,,,,,,,,,,,,
2552,Energy and Petroleum Stats Report 2022.pdf,23,1,3,Mandera | 2.1 | Lokori | 0.56,Mandera,2.1,Lokori,0.56,,,,,,,,,,,,,,,,
2553,Energy and Petroleum Stats Report 2022.pdf,23,1,4,Marsabit | 2.9 | Daadab | 0.784,Marsabit,2.9,Daadab,0.784,,,,,,,,,,,,,,,,
2554,Energy and Petroleum Stats Report 2022.pdf,23,1,5,Lodwar | 0.46 | Faza island | 1.508,Lodwar,0.46,Faza island,1.508,,,,,,,,,,,,,,,,
2555,Energy and Petroleum Stats Report 2022.pdf,23,1,6,Merti | 0.25 | Lokitaung | 0.584,Merti,0.25,Lokitaung,0.584,,,,,,,,,,,,,,,,
2556,Energy and Petroleum Stats Report 2022.pdf,23,1,7,Elwak | 0.965 | Kiunga | 0.184,Elwak,0.965,Kiunga,0.184,,,,,,,,,,,,,,,,
2557,Energy and Petroleum Stats Report 2022.pdf,23,1,8,Habaswein | 1.88 | Banisa | 0.184,Habaswein,1.88,Banisa,0.184,,,,,,,,,,,,,,,,
2558,Energy and Petroleum Stats Report 2022.pdf,23,1,9,Baragoi | 0.62 | Kakuma | 1.2,Baragoi,0.62,Kakuma,1.2,,,,,,,,,,,,,,,,
2559,Energy and Petroleum Stats Report 2022.pdf,23,1,10,Mfangano | 0.65 | Kotulo | 0.396,Mfangano,0.65,Kotulo,0.396,,,,,,,,,,,,,,,,
2560,Energy and Petroleum Stats Report 2022.pdf,23,1,11,Eldas | 0.76 | Karmorliban | 0.184,Eldas,0.76,Karmorliban,0.184,,,,,,,,,,,,,,,,
2561,Energy and Petroleum Stats Report 2022.pdf,23,1,12,Takaba | 0.78 | Khorondile | 0.37,Takaba,0.78,Khorondile,0.37,,,,,,,,,,,,,,,,
2562,Energy and Petroleum Stats Report 2022.pdf,23,1,13,Rhamu | 0.68 | Sololo | 0.7,Rhamu,0.68,Sololo,0.7,,,,,,,,,,,,,,,,
2563,Energy and Petroleum Stats Report 2022.pdf,23,1,14,Lokichoggio | 1.06 | Maikona | 0.32,Lokichoggio,1.06,Maikona,0.32,,,,,,,,,,,,,,,,
2564,Energy and Petroleum Stats Report 2022.pdf,23,1,15,Laisamis | 0.64 | Lokiriama | 0.4,Laisamis,0.64,Lokiriama,0.4,,,,,,,,,,,,,,,,
2565,Energy and Petroleum Stats Report 2022.pdf,23,1,16,Moyale | 1.452 | Hulugo | 0.212,Moyale,1.452,Hulugo,0.212,,,,,,,,,,,,,,,,
2566,Energy and Petroleum Stats Report 2022.pdf,23,1,17,TOTAL | 27.867,TOTAL,27.867,,,,,,,,,,,,,,,,,,
2567,Energy and Petroleum Stats Report 2022.pdf,23,2,1,COUNTRY | RGI | RSI | ERIGS | ROI | ERI | RANK,COUNTRY,RGI,RSI,ERIGS,ROI,ERI,RANK,,,,,,,,,,,,,
2568,Energy and Petroleum Stats Report 2022.pdf,23,2,2,Uganda | 0.944 | 0.975 | 0.959 | 0.747 | 0.846 | 1,Uganda,0.944,0.975,0.959,0.747,0.846,1,,,,,,,,,,,,,
2569,Energy and Petroleum Stats Report 2022.pdf,23,2,3,Egypt | 0.804 | 0.850 | 0.827 | 0.745 | 0.785 | 2,Egypt,0.804,0.850,0.827,0.745,0.785,2,,,,,,,,,,,,,
2570,Energy and Petroleum Stats Report 2022.pdf,23,2,4,Senegal | 0.714 | 0.783 | 0.748 | 0.674 | 0.710 | 3,Senegal,0.714,0.783,0.748,0.674,0.710,3,,,,,,,,,,,,,
2571,Energy and Petroleum Stats Report 2022.pdf,23,2,5,Ghana | 0.738 | 0.870 | 0.804 | 0.625 | 0.709 | 4,Ghana,0.738,0.870,0.804,0.625,0.709,4,,,,,,,,,,,,,
2572,Energy and Petroleum Stats Report 2022.pdf,23,2,6,Kenya | 0.920 | 0.880 | 0.900 | 0.537 | 0.695 | 5,Kenya,0.920,0.880,0.900,0.537,0.695,5,,,,,,,,,,,,,
2573,Energy and Petroleum Stats Report 2022.pdf,23,2,7,Zimbabwe | 0.733 | 0.655 | 0.694 | 0.678 | 0.686 | 6,Zimbabwe,0.733,0.655,0.694,0.678,0.686,6,,,,,,,,,,,,,
2574,Energy and Petroleum Stats Report 2022.pdf,23,2,8,Tanzania | 0.915 | 0.937 | 0.926 | 0.493 | 0.675 | 7,Tanzania,0.915,0.937,0.926,0.493,0.675,7,,,,,,,,,,,,,
2575,Energy and Petroleum Stats Report 2022.pdf,23,2,9,Sierra Leone | 0.815 | 0.599 | 0.707 | 0.612 | 0.658 | 8,Sierra Leone,0.815,0.599,0.707,0.612,0.658,8,,,,,,,,,,,,,
2576,Energy and Petroleum Stats Report 2022.pdf,23,2,10,Algeria | 0.832 | 0.699 | 0.765 | 0.542 | 0.644 | 9,Algeria,0.832,0.699,0.765,0.542,0.644,9,,,,,,,,,,,,,
2577,Energy and Petroleum Stats Report 2022.pdf,23,2,11,Liberia | 0.825 | 0.501 | 0.663 | 0.595 | 0.628 | 10,Liberia,0.825,0.501,0.663,0.595,0.628,10,,,,,,,,,,,,,
2578,Energy and Petroleum Stats Report 2022.pdf,24,1,1,Dec 2018 (MW) | Dec 2019 (MW) | Dec 2020 (MW) | Dec 2021 (MW) | Dec 2022 (MW) | Jun 2023 (MW),,Dec 2018 (MW),Dec 2019 (MW),Dec 2020 (MW),Dec 2021 (MW),Dec 2022 (MW),Jun 2023 (MW),,,,,,,,,,,,,
2579,Energy and Petroleum Stats Report 2022.pdf,24,1,2,Burundi | 91 | 91 | 99 | 114 | 112 | 112,Burundi,91,91,99,114,112,112,,,,,,,,,,,,,
2580,Energy and Petroleum Stats Report 2022.pdf,24,1,3,"Kenya | 2,351 | 2,712 | 2,840 | 2,984 | 3,121 | 3,311",Kenya,"2,351","2,712","2,840","2,984","3,121","3,311",,,,,,,,,,,,,
2581,Energy and Petroleum Stats Report 2022.pdf,24,1,4,Rwanda | 222 | 226 | 238 | 263 | 311 | 331,Rwanda,222,226,238,263,311,331,,,,,,,,,,,,,
2582,Energy and Petroleum Stats Report 2022.pdf,24,1,5,"Tanzania | 1,518 | 1,603 | 1,602 | 1,609 | 1,824 | 1,863",Tanzania,"1,518","1,603","1,602","1,609","1,824","1,863",,,,,,,,,,,,,
2583,Energy and Petroleum Stats Report 2022.pdf,24,1,6,"Uganda | 984 | 1,253 | 1,269 | 1,365 | 1,401 | 1,610",Uganda,984,"1,253","1,269","1,365","1,401","1,610",,,,,,,,,,,,,
2584,Energy and Petroleum Stats Report 2022.pdf,24,1,7,Zanzibar | 25 | 25 | 25 | 25 | 25 | 25,Zanzibar,25,25,25,25,25,25,,,,,,,,,,,,,
2585,Energy and Petroleum Stats Report 2022.pdf,24,1,8,"Total | 5,191 | 5,910 | 6,073 | 6,360 | 6,794 | 7,252",Total,"5,191","5,910","6,073","6,360","6,794","7,252",,,,,,,,,,,,,
2586,Energy and Petroleum Stats Report 2022.pdf,24,2,1,Dec 2018 (MW) | Dec 2019 (MW) | Dec 2020 (MW) | Dec 2021 (MW) | Dec 2022 (MW) | Jun 2023 (MW),,Dec 2018 (MW),Dec 2019 (MW),Dec 2020 (MW),Dec 2021 (MW),Dec 2022 (MW),Jun 2023 (MW),,,,,,,,,,,,,
2587,Energy and Petroleum Stats Report 2022.pdf,24,2,2,Burundi | 65 | 65 | 65 | 65 | 65 | 65,Burundi,65,65,65,65,65,65,,,,,,,,,,,,,
2588,Energy and Petroleum Stats Report 2022.pdf,24,2,3,"Kenya | 1,802 | 1,882 | 1,926 | 1,994 | 2,149 | 2,149",Kenya,"1,802","1,882","1,926","1,994","2,149","2,149",,,,,,,,,,,,,
2589,Energy and Petroleum Stats Report 2022.pdf,24,2,4,Rwanda | 138 | 147 | 155 | 170 | 185 | 200,Rwanda,138,147,155,170,185,200,,,,,,,,,,,,,
2590,Energy and Petroleum Stats Report 2022.pdf,24,2,5,"Tanzania | 1,045 | 1,117 | 1,152 | 1,201 | 1,354 | 1,470",Tanzania,"1,045","1,117","1,152","1,201","1,354","1,470",,,,,,,,,,,,,
2591,Energy and Petroleum Stats Report 2022.pdf,24,2,6,Uganda | 645 | 724 | 737 | 794 | 843 | 863,Uganda,645,724,737,794,843,863,,,,,,,,,,,,,
2592,Energy and Petroleum Stats Report 2022.pdf,24,2,7,Zanzibar | 77 | 85 | 81 | 88 | 90 | 112,Zanzibar,77,85,81,88,90,112,,,,,,,,,,,,,
2593,Energy and Petroleum Stats Report 2022.pdf,24,2,8,"Total | 3,773 | 4,020 | 4,115 | 4,313 | 4,687 | 4,860",Total,"3,773","4,020","4,115","4,313","4,687","4,860",,,,,,,,,,,,,
2594,Energy and Petroleum Stats Report 2022.pdf,25,1,1,Burundi (MW) | Rwanda (MW) | Kenya | Tanzania | Uganda | Zanzibar | Total,,Burundi (MW),Rwanda (MW),Kenya,Tanzania,Uganda,Zanzibar,Total,,,,,,,,,,,,
2595,Energy and Petroleum Stats Report 2022.pdf,25,1,2,"Hydros | 50 | 129 | 839 | 575 | 1,307 | - | 2,899 | 41%",Hydros,50,129,839,575,"1,307",-,"2,899",41%,,,,,,,,,,,
2596,Energy and Petroleum Stats Report 2022.pdf,25,1,3,Geothermal | - | - | 949 | - | - | - | 949 | 14%,Geothermal,-,-,949,-,-,-,949,14%,,,,,,,,,,,
2597,Energy and Petroleum Stats Report 2022.pdf,25,1,4,"Thermal (Natural gas, MSD, HFO, Coal) | 39 | 109 | 646 | 1,268 | 101 | 25 | 2,163 | 31%","Thermal (Natural gas, MSD, HFO, Coal)",39,109,646,"1,268",101,25,"2,163",31%,,,,,,,,,,,
2598,Energy and Petroleum Stats Report 2022.pdf,25,1,5,Wind | - | - | 436 | 2 | - | - | 439 | 6%,Wind,-,-,436,2,-,-,439,6%,,,,,,,,,,,
2599,Energy and Petroleum Stats Report 2022.pdf,25,1,6,Solar | 8 | 12 | 213 | 7 | 66 | - | 305 | 4%,Solar,8,12,213,7,66,-,305,4%,,,,,,,,,,,
2600,Energy and Petroleum Stats Report 2022.pdf,25,1,7,Biomass and cogeneration | 4 | 85 | 2 | 11 | 135 | - | 237 | 3%,Biomass and cogeneration,4,85,2,11,135,-,237,3%,,,,,,,,,,,
2601,Energy and Petroleum Stats Report 2022.pdf,26,1,1,Technology | Interconnected Capacity (MW) | Captive Capacity (MW) | Total RE Capacity (MW),Technology,Interconnected Capacity (MW),Captive Capacity (MW),Total RE Capacity (MW),,,,,,,,,,,,,,,,
2602,Energy and Petroleum Stats Report 2022.pdf,26,1,2,Installed Effective,,Installed Effective,,,,,,,,,,,,,,,,,,
2603,Energy and Petroleum Stats Report 2022.pdf,26,1,3,Hydro | 838.5 809.6 | 33.0 | 871.5,Hydro,838.5 809.6,33.0,871.5,,,,,,,,,,,,,,,,
2604,Energy and Petroleum Stats Report 2022.pdf,26,1,4,Geothermal | 940.0 861.1 | 3.7 | 943.7,Geothermal,940.0 861.1,3.7,943.7,,,,,,,,,,,,,,,,
2605,Energy and Petroleum Stats Report 2022.pdf,26,1,5,Wind | 436.1 425.5 | - | 436.1,Wind,436.1 425.5,-,436.1,,,,,,,,,,,,,,,,
2606,Energy and Petroleum Stats Report 2022.pdf,26,1,6,Solar | 212.6 212.2 | 154.9 | 367.5,Solar,212.6 212.2,154.9,367.5,,,,,,,,,,,,,,,,
2607,Energy and Petroleum Stats Report 2022.pdf,26,1,7,Bioenergy | 2.0 2.0 | 105.9 | 107.9,Bioenergy,2.0 2.0,105.9,107.9,,,,,,,,,,,,,,,,
2608,Energy and Petroleum Stats Report 2022.pdf,26,1,8,"Total | 2,429.2 2,310.4 | 297.4 | 2,726.6",Total,"2,429.2 2,310.4",297.4,"2,726.6",,,,,,,,,,,,,,,,
2609,Energy and Petroleum Stats Report 2022.pdf,32,1,1,No | Licensee | Technology | Category | Capacity | Location,No,Licensee,Technology,Category,Capacity,Location,,,,,,,,,,,,,,
2610,Energy and Petroleum Stats Report 2022.pdf,32,1,2,1. | DPA Kenya Limited | Solar PV | Generation | 100 kW | Lake Bogoria Spa Resort Limited,1.,DPA Kenya Limited,Solar PV,Generation,100 kW,Lake Bogoria Spa Resort Limited,,,,,,,,,,,,,,
2611,Energy and Petroleum Stats Report 2022.pdf,32,1,3,2. | DPA Kenya Limited | Solar PV | Generation | 80 kW | Nanyuki Cottage Hospital,2.,DPA Kenya Limited,Solar PV,Generation,80 kW,Nanyuki Cottage Hospital,,,,,,,,,,,,,,
2612,Energy and Petroleum Stats Report 2022.pdf,32,1,4,3. | DPA Kenya Limited | Solar PV | Generation | 760 kW | Star Plastics Limited,3.,DPA Kenya Limited,Solar PV,Generation,760 kW,Star Plastics Limited,,,,,,,,,,,,,,
2613,Energy and Petroleum Stats Report 2022.pdf,32,1,5,4. | Ecoligo Limited | Solar PV | Generation | 80 kW | Keren Roses Ltd. Chepsito Flower Farm,4.,Ecoligo Limited,Solar PV,Generation,80 kW,Keren Roses Ltd. Chepsito Flower Farm,,,,,,,,,,,,,,
2614,Energy and Petroleum Stats Report 2022.pdf,32,1,6,5. | Ecoligo Limited | Solar PV | Generation | 80 kW | Keren Roses Ltd. Simotwo Flower Farm,5.,Ecoligo Limited,Solar PV,Generation,80 kW,Keren Roses Ltd. Simotwo Flower Farm,,,,,,,,,,,,,,
2615,Energy and Petroleum Stats Report 2022.pdf,32,1,7,6. | Ecoligo Limited | Solar PV | Generation | 100 kW | Keren Roses Ltd. Torongo Flower Farm,6.,Ecoligo Limited,Solar PV,Generation,100 kW,Keren Roses Ltd. Torongo Flower Farm,,,,,,,,,,,,,,
2616,Energy and Petroleum Stats Report 2022.pdf,32,1,8,7. | Crossboundary Energy Kenya Ltd. | Solar PV | Generation | 678.5 kW | Maisha Minerals and Fertilizer Limited,7.,Crossboundary Energy Kenya Ltd.,Solar PV,Generation,678.5 kW,Maisha Minerals and Fertilizer Limited,,,,,,,,,,,,,,
2617,Energy and Petroleum Stats Report 2022.pdf,32,1,9,"8. | Crossboundary Energy Kenya Ltd. | Solar PV | Generation | 490 kW | National Cement Company Limited, Athi River",8.,Crossboundary Energy Kenya Ltd.,Solar PV,Generation,490 kW,"National Cement Company Limited, Athi River",,,,,,,,,,,,,,
2618,Energy and Petroleum Stats Report 2022.pdf,32,1,10,9. | Tata Chemicals Magadi Limited | Solar PV | Generation | 10000 kW | Tata Chemicals Magadi Limited,9.,Tata Chemicals Magadi Limited,Solar PV,Generation,10000 kW,Tata Chemicals Magadi Limited,,,,,,,,,,,,,,
2619,Energy and Petroleum Stats Report 2022.pdf,32,1,11,"10. | Momnai Energy Limited | Solar PV | Generation | 14000 kW | Bamburi Cement Plant, Mombasa",10.,Momnai Energy Limited,Solar PV,Generation,14000 kW,"Bamburi Cement Plant, Mombasa",,,,,,,,,,,,,,
2620,Energy and Petroleum Stats Report 2022.pdf,32,1,12,"11. | Momnai Energy Limited | Solar PV | Generation | 5000 kW | Bamburi Cement Plant, Athi River",11.,Momnai Energy Limited,Solar PV,Generation,5000 kW,"Bamburi Cement Plant, Athi River",,,,,,,,,,,,,,
2621,Energy and Petroleum Stats Report 2022.pdf,33,1,1,S. No. | Facility | Date of Award,S. No.,Facility,Date of Award,,,,,,,,,,,,,,,,,
2622,Energy and Petroleum Stats Report 2022.pdf,33,1,2,1. | Kenya Breweries Limited | 15/06/2023,1.,Kenya Breweries Limited,15/06/2023,,,,,,,,,,,,,,,,,
2623,Energy and Petroleum Stats Report 2022.pdf,33,1,3,2. | Iberafrica Power (EA) Limited | 01/11/2022,2.,Iberafrica Power (EA) Limited,01/11/2022,,,,,,,,,,,,,,,,,
2624,Energy and Petroleum Stats Report 2022.pdf,33,1,4,3. | British American Tobacco-Likoni | 01/11/2022,3.,British American Tobacco-Likoni,01/11/2022,,,,,,,,,,,,,,,,,
2625,Energy and Petroleum Stats Report 2022.pdf,33,1,5,4. | British American Tobacco-Thika | 01/11/2022,4.,British American Tobacco-Thika,01/11/2022,,,,,,,,,,,,,,,,,
2626,Energy and Petroleum Stats Report 2022.pdf,33,1,6,5. | Mombasa Cement- Athi River | 01/11/2022,5.,Mombasa Cement- Athi River,01/11/2022,,,,,,,,,,,,,,,,,
2627,Energy and Petroleum Stats Report 2022.pdf,35,1,1,No. | Name of Facility | Capacity (Cubic meters) | Location,No.,Name of Facility,Capacity (Cubic meters),Location,,,,,,,,,,,,,,,,
2628,Energy and Petroleum Stats Report 2022.pdf,35,1,2,"1. | Kenya Pipeline Company Limited | 326,230 | Kipevu",1.,Kenya Pipeline Company Limited,"326,230",Kipevu,,,,,,,,,,,,,,,,
2629,Energy and Petroleum Stats Report 2022.pdf,35,1,3,"2. | Kenya Petroleum Refineries Limited | 252,380 | Changamwe",2.,Kenya Petroleum Refineries Limited,"252,380",Changamwe,,,,,,,,,,,,,,,,
2630,Energy and Petroleum Stats Report 2022.pdf,35,1,4,"3. | GAPCO Kenya Limited | 105,000 | Shimanzi",3.,GAPCO Kenya Limited,"105,000",Shimanzi,,,,,,,,,,,,,,,,
2631,Energy and Petroleum Stats Report 2022.pdf,35,1,5,"4. | VTTI Kenya Limited | 111,000 | Kipevu",4.,VTTI Kenya Limited,"111,000",Kipevu,,,,,,,,,,,,,,,,
2632,Energy and Petroleum Stats Report 2022.pdf,35,1,6,"5. | Vivo Energy Kenya Limited | 100,000 | Shimanzi",5.,Vivo Energy Kenya Limited,"100,000",Shimanzi,,,,,,,,,,,,,,,,
2633,Energy and Petroleum Stats Report 2022.pdf,35,1,7,"6. | Kenya Petroleum Refineries Limited (Port reitz) | 100,000 | Kipevu",6.,Kenya Petroleum Refineries Limited (Port reitz),"100,000",Kipevu,,,,,,,,,,,,,,,,
2634,Energy and Petroleum Stats Report 2022.pdf,35,1,8,"7. | Total Energies Marketing PLC (MJT) | 44,460 | Shimanzi",7.,Total Energies Marketing PLC (MJT),"44,460",Shimanzi,,,,,,,,,,,,,,,,
2635,Energy and Petroleum Stats Report 2022.pdf,35,1,9,"8. | Ola Energy Kenya Limited | 42,200 | Shimanzi",8.,Ola Energy Kenya Limited,"42,200",Shimanzi,,,,,,,,,,,,,,,,
2636,Energy and Petroleum Stats Report 2022.pdf,35,1,10,"Total Capacity | 1,081,270",Total Capacity,,"1,081,270",,,,,,,,,,,,,,,,,
2637,Energy and Petroleum Stats Report 2022.pdf,35,2,2,"8,5",,,,,"8,5",,,,,,,,,,,,,,,
2638,Energy and Petroleum Stats Report 2022.pdf,35,3,1,FY 2020/2021 | FY 2021/2022 | FY 2022/2023,,FY 2020/2021,FY 2021/2022,FY 2022/2023,,,,,,,,,,,,,,,,
2639,Energy and Petroleum Stats Report 2022.pdf,35,3,2,"AGO (m3) | 4,130,523.14 | 4,106,190.71 | 4,332,975.01",AGO (m3),"4,130,523.14","4,106,190.71","4,332,975.01",,,,,,,,,,,,,,,,
2640,Energy and Petroleum Stats Report 2022.pdf,35,3,3,"JET A1 (m3) | 1,042,303.65 | 1,167,365.41 | 1,290,936.79",JET A1 (m3),"1,042,303.65","1,167,365.41","1,290,936.79",,,,,,,,,,,,,,,,
2641,Energy and Petroleum Stats Report 2022.pdf,35,3,4,"PMS (m3) | 3,560,784.05 | 3,318,639.97 | 3,588,285.06",PMS (m3),"3,560,784.05","3,318,639.97","3,588,285.06",,,,,,,,,,,,,,,,
2642,Energy and Petroleum Stats Report 2022.pdf,35,3,5,"Total (m3) | 8,733,610.84 | 8,592,196.09 | 9,212,196.87",Total (m3),"8,733,610.84","8,592,196.09","9,212,196.87",,,,,,,,,,,,,,,,
2643,Energy and Petroleum Stats Report 2022.pdf,37,1,1,91,,,,,,,,,,,,,,,,,,,,
2644,Energy and Petroleum Stats Report 2022.pdf,37,1,2,85,85,,,,,,,,,,,,,,,,,,,
2645,Energy and Petroleum Stats Report 2022.pdf,37,1,3,45 | 57,,,,,,,,,,,,45,,,,57,,,,
2646,Energy and Petroleum Stats Report 2022.pdf,37,2,1,Pipeline | Pipeline Diameter (Inches) | Pipeline length (km) | Flow rate (m3/hr),Pipeline,Pipeline Diameter (Inches),Pipeline length (km),Flow rate (m3/hr),,,,,,,,,,,,,,,,
2647,Energy and Petroleum Stats Report 2022.pdf,37,2,2,Nairobi – Sinendent – Eldoret pipeline (Line 2) | 8/6 | 325 | 220,Nairobi – Sinendent – Eldoret pipeline (Line 2),8/6,325,220,,,,,,,,,,,,,,,,
2648,Energy and Petroleum Stats Report 2022.pdf,37,2,3,Sinendet – Kisumu pipeline (Line 3) | 6 | 121 | 140,Sinendet – Kisumu pipeline (Line 3),6,121,140,,,,,,,,,,,,,,,,
2649,Energy and Petroleum Stats Report 2022.pdf,37,2,4,Nairobi – Eldoret pipeline (Line 4) | 14 | 325 | 311,Nairobi – Eldoret pipeline (Line 4),14,325,311,,,,,,,,,,,,,,,,
2650,Energy and Petroleum Stats Report 2022.pdf,37,2,5,"Mombasa – Nairobi pipeline (Line 5) | 20 | 450 | 1,300",Mombasa – Nairobi pipeline (Line 5),20,450,"1,300",,,,,,,,,,,,,,,,
2651,Energy and Petroleum Stats Report 2022.pdf,37,2,6,Sinendet – Kisumu pipeline (Line 6) | 10 | 121 | 280,Sinendet – Kisumu pipeline (Line 6),10,121,280,,,,,,,,,,,,,,,,
2652,Energy and Petroleum Stats Report 2022.pdf,37,3,2,"376,372 365,743 372,195 | 382,319 363,026 | 374,262",,,,,"376,372 365,743 372,195",,,,,,,,,,,,"382,319 363,026",,,
2653,Energy and Petroleum Stats Report 2022.pdf,38,1,1,"353,858",,,"353,858",,,,,,,,,,,,,,,,,
2654,Energy and Petroleum Stats Report 2022.pdf,38,1,2,"302,965","302,965",,,,,,,,,,,,,,,,,,,
2655,Energy and Petroleum Stats Report 2022.pdf,38,1,5,"697,011 | 801,528","697,011",,"801,528",,,,,,,,,,,,,,,,,
2656,Energy and Petroleum Stats Report 2022.pdf,38,1,6,"895,965 | 962,297","895,965",,"962,297",,,,,,,,,,,,,,,,,
2657,Energy and Petroleum Stats Report 2022.pdf,38,1,9,"1,325,810 | 1,413,660","1,325,810",,"1,413,660",,,,,,,,,,,,,,,,,
2658,Energy and Petroleum Stats Report 2022.pdf,38,1,11,"1,846,851 | 1,895,638","1,846,851",,"1,895,638",,,,,,,,,,,,,,,,,
2659,Energy and Petroleum Stats Report 2022.pdf,38,1,15,"2,490,000 | 2,331,445","2,490,000",,"2,331,445",,,,,,,,,,,,,,,,,
2660,Energy and Petroleum Stats Report 2022.pdf,38,2,1,CONSUMPTION BY SECTORS (Thousand Tonnes) | 2018 | 2019 | 2020 | 2021 | 2022,CONSUMPTION BY SECTORS (Thousand Tonnes),2018,2019,2020,2021,2022,,,,,,,,,,,,,,
2661,Energy and Petroleum Stats Report 2022.pdf,38,2,2,Agriculture | 59.7 | 25.7 | 24.8 | 26.6 | 29.0,Agriculture,59.7,25.7,24.8,26.6,29.0,,,,,,,,,,,,,,
2662,Energy and Petroleum Stats Report 2022.pdf,38,2,3,"Retail pump Outlets and road transport | 3,743 | 3,752 | 3,650.5 | 3,937.8 | 3,849.3",Retail pump Outlets and road transport,"3,743","3,752","3,650.5","3,937.8","3,849.3",,,,,,,,,,,,,,
2663,Energy and Petroleum Stats Report 2022.pdf,38,2,4,Air transport (exc. Government) | 671.4 | 710.8 | 392.7 | 499.4 | 570.3,Air transport (exc. Government),671.4,710.8,392.7,499.4,570.3,,,,,,,,,,,,,,
2664,Energy and Petroleum Stats Report 2022.pdf,38,2,5,Power Generation | 34.2 | 29.1 | 75.8 | 147.5 | 189.9,Power Generation,34.2,29.1,75.8,147.5,189.9,,,,,,,,,,,,,,
2665,Energy and Petroleum Stats Report 2022.pdf,38,2,6,Industrial and Commercial sectors | 635.1 | 635.5 | 494.4 | 530.5 | 446.3,Industrial and Commercial sectors,635.1,635.5,494.4,530.5,446.3,,,,,,,,,,,,,,
2666,Energy and Petroleum Stats Report 2022.pdf,38,2,7,Government | 18.7 | 15.6 | 21.5 | 22.8 | 23.8,Government,18.7,15.6,21.5,22.8,23.8,,,,,,,,,,,,,,
2667,Energy and Petroleum Stats Report 2022.pdf,38,2,8,Tourism | 9.5 | 13.9 | 6.5 | 6 | 4.9,Tourism,9.5,13.9,6.5,6,4.9,,,,,,,,,,,,,,
2668,Energy and Petroleum Stats Report 2022.pdf,38,2,9,Marine (exc. Naval forces) | 5.1 | 5.6 | 1.1 | 2.1 | 1.5,Marine (exc. Naval forces),5.1,5.6,1.1,2.1,1.5,,,,,,,,,,,,,,
2669,Energy and Petroleum Stats Report 2022.pdf,38,2,10,Rail transport | 12.3 | 19 | 11.4 | 19.4 | 19.0,Rail transport,12.3,19,11.4,19.4,19.0,,,,,,,,,,,,,,
2670,Energy and Petroleum Stats Report 2022.pdf,39,1,1,No. | Facility | Capacity (metric tons) | Location,No.,Facility,Capacity (metric tons),Location,,,,,,,,,,,,,,,,
2671,Energy and Petroleum Stats Report 2022.pdf,39,1,2,"1. | Kenya Petroleum Refineries Limited | 1,195 | Changamwe",1.,Kenya Petroleum Refineries Limited,"1,195",Changamwe,,,,,,,,,,,,,,,,
2672,Energy and Petroleum Stats Report 2022.pdf,39,1,3,2. | Vivo Energy Kenya Limited | 445 | Shimanzi,2.,Vivo Energy Kenya Limited,445,Shimanzi,,,,,,,,,,,,,,,,
2673,Energy and Petroleum Stats Report 2022.pdf,39,1,4,3. | Hashi Energy Limited | 400 | Changamwe,3.,Hashi Energy Limited,400,Changamwe,,,,,,,,,,,,,,,,
2674,Energy and Petroleum Stats Report 2022.pdf,39,1,5,4. | Total Energies Marketing Kenya PLC | 300 | Changamwe,4.,Total Energies Marketing Kenya PLC,300,Changamwe,,,,,,,,,,,,,,,,
2675,Energy and Petroleum Stats Report 2022.pdf,39,1,6,5. | OLA Energy Kenya Limited | 415 | Shimanzi,5.,OLA Energy Kenya Limited,415,Shimanzi,,,,,,,,,,,,,,,,
2676,Energy and Petroleum Stats Report 2022.pdf,39,1,7,"Total Capacity | 2,755",Total Capacity,,"2,755",,,,,,,,,,,,,,,,,
2677,Energy and Petroleum Stats Report 2022.pdf,39,2,1,No. | Region | No. of Facilities | Combined Capacity (metric tons),No.,Region,No. of Facilities,Combined Capacity (metric tons),,,,,,,,,,,,,,,,
2678,Energy and Petroleum Stats Report 2022.pdf,39,2,2,"1. | Nairobi | 42 | 3,194",1.,Nairobi,42,"3,194",,,,,,,,,,,,,,,,
2679,Energy and Petroleum Stats Report 2022.pdf,39,2,3,2. | Central | 26 | 978,2.,Central,26,978,,,,,,,,,,,,,,,,
2680,Energy and Petroleum Stats Report 2022.pdf,39,2,4,3. | Rift valley | 24 | 949,3.,Rift valley,24,949,,,,,,,,,,,,,,,,
2681,Energy and Petroleum Stats Report 2022.pdf,39,2,5,4. | Nyanza | 7 | 388,4.,Nyanza,7,388,,,,,,,,,,,,,,,,
2682,Energy and Petroleum Stats Report 2022.pdf,39,2,6,5. | Eastern | 6 | 295,5.,Eastern,6,295,,,,,,,,,,,,,,,,
2683,Energy and Petroleum Stats Report 2022.pdf,39,2,7,6. | Coast | 4 | 179,6.,Coast,4,179,,,,,,,,,,,,,,,,
2684,Energy and Petroleum Stats Report 2022.pdf,39,2,8,7. | Western | 3 | 96,7.,Western,3,96,,,,,,,,,,,,,,,,
2685,Energy and Petroleum Stats Report 2022.pdf,39,2,9,8. | North Eastern | 5 | 86,8.,North Eastern,5,86,,,,,,,,,,,,,,,,
2686,Energy and Petroleum Stats Report 2022.pdf,39,2,10,"Total | 117 | 6,164",Total,,117,"6,164",,,,,,,,,,,,,,,,
2687,Energy and Petroleum Stats Report 2022.pdf,40,2,1,"28,069 | 29,110 | 29,020 | 28,791 | 29,312 | 29,511 | 29,530","28,069",,,,"29,110",,"29,020","28,791","29,312",,"29,511","29,530",,,,,,,,
2688,Energy and Petroleum Stats Report 2022.pdf,40,2,2,"25,945 | 25,927 | 26,339 | 27,441",,"25,945","25,927",,,"26,339",,,,"27,441",,,,,,,,,,
2689,Energy and Petroleum Stats Report 2022.pdf,40,2,3,"24,834",,,,"24,834",,,,,,,,,,,,,,,,
2690,Energy and Petroleum Stats Report 2022.pdf,41,1,1,112 | 109 .48 81. | .68 117 76 88.6 | .53 105 4 | .96 98. | 06 | 75. | 64 90. | 90,112,109 .48 81.,.68 117 76 88.6,.53 105 4,.96 98.,06,75.,64 90.,90,,,,,,,,,,,
2691,Energy and Petroleum Stats Report 2022.pdf,41,1,2,76. | 81 | 80.40 | 76. | 92. 40 72. | 45 22 93.53 | 74.69 | 67. 80. | 72. 50 82. 11 | 55 72. 63 83. | 86 70.74 36,76.,81,,80.40,76.,92. 40 72.,45 22 93.53,74.69,67. 80.,72. 50 82. 11,55 72. 63 83.,86 70.74 36,,,,,,,,
2692,Energy and Petroleum Stats Report 2022.pdf,41,1,3,79.55,,,,,,,,,,,,79.55,,,,,,,,
2693,Energy and Petroleum Stats Report 2022.pdf,42,1,1,OMC | Local sales volume for OTS imported products (m3) | % Share,OMC,Local sales volume for OTS imported products (m3),% Share,,,,,,,,,,,,,,,,,
2694,Energy and Petroleum Stats Report 2022.pdf,42,1,2,"Vivo Energy Kenya Limited | 1,234,018.97 | 22.10%",Vivo Energy Kenya Limited,"1,234,018.97",22.10%,,,,,,,,,,,,,,,,,
2695,Energy and Petroleum Stats Report 2022.pdf,42,1,3,"TotalEnergies Marketing Kenya Plc | 867,653.48 | 15.54%",TotalEnergies Marketing Kenya Plc,"867,653.48",15.54%,,,,,,,,,,,,,,,,,
2696,Energy and Petroleum Stats Report 2022.pdf,42,1,4,"Rubis Energy Kenya Plc | 694,044.02 | 12.43%",Rubis Energy Kenya Plc,"694,044.02",12.43%,,,,,,,,,,,,,,,,,
2697,Energy and Petroleum Stats Report 2022.pdf,42,1,5,"Ola Energy Kenya Limited | 419,581.00 | 7.51%",Ola Energy Kenya Limited,"419,581.00",7.51%,,,,,,,,,,,,,,,,,
2698,Energy and Petroleum Stats Report 2022.pdf,42,1,6,"Oryx Energies Kenya Limited | 260,209.56 | 4.66%",Oryx Energies Kenya Limited,"260,209.56",4.66%,,,,,,,,,,,,,,,,,
2699,Energy and Petroleum Stats Report 2022.pdf,42,1,7,"Be Energy Limited | 211,594.43 | 3.79%",Be Energy Limited,"211,594.43",3.79%,,,,,,,,,,,,,,,,,
2700,Energy and Petroleum Stats Report 2022.pdf,42,1,8,"Stabex International Ltd | 185,646.12 | 3.32%",Stabex International Ltd,"185,646.12",3.32%,,,,,,,,,,,,,,,,,
2701,Energy and Petroleum Stats Report 2022.pdf,42,1,9,"Galana Oil Kenya Limited | 148,186.61 | 2.65%",Galana Oil Kenya Limited,"148,186.61",2.65%,,,,,,,,,,,,,,,,,
2702,Energy and Petroleum Stats Report 2022.pdf,42,1,10,"Lake Oil Limited | 123,876.80 | 2.22%",Lake Oil Limited,"123,876.80",2.22%,,,,,,,,,,,,,,,,,
2703,Energy and Petroleum Stats Report 2022.pdf,42,1,11,"Petro Oil Kenya Limited | 112,730.00 | 2.02%",Petro Oil Kenya Limited,"112,730.00",2.02%,,,,,,,,,,,,,,,,,
2704,Energy and Petroleum Stats Report 2022.pdf,42,1,12,"Hass Petroleum Kenya Limited | 106,434.00 | 1.91%",Hass Petroleum Kenya Limited,"106,434.00",1.91%,,,,,,,,,,,,,,,,,
2705,Energy and Petroleum Stats Report 2022.pdf,42,1,13,"Tosha Petroleum (Kenya) Limited | 102,708.72 | 1.84%",Tosha Petroleum (Kenya) Limited,"102,708.72",1.84%,,,,,,,,,,,,,,,,,
2706,Energy and Petroleum Stats Report 2022.pdf,42,1,14,"Gapco Kenya Limited | 93,964.70 | 1.68%",Gapco Kenya Limited,"93,964.70",1.68%,,,,,,,,,,,,,,,,,
2707,Energy and Petroleum Stats Report 2022.pdf,42,1,15,"Gulf Energy Holdings Limited | 81,161.05 | 1.45%",Gulf Energy Holdings Limited,"81,161.05",1.45%,,,,,,,,,,,,,,,,,
2708,Energy and Petroleum Stats Report 2022.pdf,42,1,16,"Texas Energy Ltd | 74,655.96 | 1.34%",Texas Energy Ltd,"74,655.96",1.34%,,,,,,,,,,,,,,,,,
2709,Energy and Petroleum Stats Report 2022.pdf,42,1,17,"Fossil Supplies Limited | 69,932.00 | 1.25%",Fossil Supplies Limited,"69,932.00",1.25%,,,,,,,,,,,,,,,,,
2710,Energy and Petroleum Stats Report 2022.pdf,42,1,18,"Lexo Energy Kenya Limited | 53,220.56 | 0.95%",Lexo Energy Kenya Limited,"53,220.56",0.95%,,,,,,,,,,,,,,,,,
2711,Energy and Petroleum Stats Report 2022.pdf,42,1,19,"Dalbit Petroleum Limited | 42,004.17 | 0.75%",Dalbit Petroleum Limited,"42,004.17",0.75%,,,,,,,,,,,,,,,,,
2712,Energy and Petroleum Stats Report 2022.pdf,42,1,20,"One Petroleum Limited | 41,325.00 | 0.74%",One Petroleum Limited,"41,325.00",0.74%,,,,,,,,,,,,,,,,,
2713,Energy and Petroleum Stats Report 2022.pdf,42,1,21,"Riva Petroleum Dealers Limited | 39,670.72 | 0.71%",Riva Petroleum Dealers Limited,"39,670.72",0.71%,,,,,,,,,,,,,,,,,
2714,Energy and Petroleum Stats Report 2022.pdf,42,1,22,"Others | 621,778.26 | 11.13%",Others,"621,778.26",11.13%,,,,,,,,,,,,,,,,,
2715,Energy and Petroleum Stats Report 2022.pdf,43,1,1,COUNTRY | VOLUME OF LOCAL IMPORTED PRODUCTS,COUNTRY,VOLUME OF LOCAL IMPORTED PRODUCTS,,,,,,,,,,,,,,,,,,
2716,Energy and Petroleum Stats Report 2022.pdf,43,1,2,Kenya | Rwanda | Tanzania | Zanzibar,,Kenya,Rwanda,Tanzania,Zanzibar,,,,,,,,,,,,,,,
2717,Energy and Petroleum Stats Report 2022.pdf,43,1,3,"PMS (m3) | 2,053,765.79 | 147,703.17 | 1,418,177.35 | 95,968.66",PMS (m3),"2,053,765.79","147,703.17","1,418,177.35","95,968.66",,,,,,,,,,,,,,,
2718,Energy and Petroleum Stats Report 2022.pdf,43,1,4,"AGO (m3) | 2,624,784.78 | 235,250.46 | 2,131,178.65 | 54,569.91",AGO (m3),"2,624,784.78","235,250.46","2,131,178.65","54,569.91",,,,,,,,,,,,,,,
2719,Energy and Petroleum Stats Report 2022.pdf,43,1,5,"IK* (m3) | 861,333.81 | 4,151.32 | 169,585.43 | 5,734.03",IK* (m3),"861,333.81","4,151.32","169,585.43","5,734.03",,,,,,,,,,,,,,,
2720,Energy and Petroleum Stats Report 2022.pdf,43,1,6,"JET–A1(m3) | 45,382.59 | 18,383.22",JET–A1(m3),,"45,382.59",,"18,383.22",,,,,,,,,,,,,,,
2721,Energy and Petroleum Stats Report 2022.pdf,43,1,7,"LPG (Mt) | 351,794.55 | 28,202.41 | 254,104.00 | 6,798.75",LPG (Mt),"351,794.55","28,202.41","254,104.00","6,798.75",,,,,,,,,,,,,,,
2722,Energy and Petroleum Stats Report 2022.pdf,43,2,2,"861,333.81","861,333.81",,,,,,,,,,,,,,,,,,,
2723,Energy and Petroleum Stats Report 2022.pdf,43,2,7,"2,624,784.78","2,624,784.78",,,,,,,,,,,,,,,,,,,
2724,Energy and Petroleum Stats Report 2022.pdf,43,2,8,"49,533.91 | 2,131,178.65",,"49,533.91","2,131,178.65",,,,,,,,,,,,,,,,,
2725,Energy and Petroleum Stats Report 2022.pdf,43,2,10,"2,053,765.79 | 147,703.17 235,250.46 | 1,418,177.35 | 95,968.66","2,053,765.79","147,703.17 235,250.46","1,418,177.35","95,968.66",,,,,,,,,,,,,,,,
2726,Energy and Petroleum Stats Report 2022.pdf,43,3,7,"28,202.41",,"28,202.41",,,,,,,,,,,,,,,,,,
2727,Energy and Petroleum Stats Report 2022.pdf,47,1,1,Type of licence | No. of licences issued,Type of licence,No. of licences issued,,,,,,,,,,,,,,,,,,
2728,Energy and Petroleum Stats Report 2022.pdf,47,1,2,"Driver Certification | 8,916",Driver Certification,"8,916",,,,,,,,,,,,,,,,,,
2729,Energy and Petroleum Stats Report 2022.pdf,47,1,3,"Export and Wholesale of Petroleum Products(Except LPG) | 1,160",Export and Wholesale of Petroleum Products(Except LPG),"1,160",,,,,,,,,,,,,,,,,,
2730,Energy and Petroleum Stats Report 2022.pdf,47,1,4,"Retail of LPG in Cylinders | 1,024",Retail of LPG in Cylinders,"1,024",,,,,,,,,,,,,,,,,,
2731,Energy and Petroleum Stats Report 2022.pdf,47,1,5,Transport of petroleum products(Except LPG) by Road | 947,Transport of petroleum products(Except LPG) by Road,947,,,,,,,,,,,,,,,,,,
2732,Energy and Petroleum Stats Report 2022.pdf,47,1,6,Storage & Wholesale of LPG in cylinders | 208,Storage & Wholesale of LPG in cylinders,208,,,,,,,,,,,,,,,,,,
2733,Energy and Petroleum Stats Report 2022.pdf,47,1,7,Transport of LPG in Cylinders | 207,Transport of LPG in Cylinders,207,,,,,,,,,,,,,,,,,,
2734,Energy and Petroleum Stats Report 2022.pdf,47,1,8,"Import, Export and Wholesale of Petroleum Products (Except LPG) | 137","Import, Export and Wholesale of Petroleum Products (Except LPG)",137,,,,,,,,,,,,,,,,,,
2735,Energy and Petroleum Stats Report 2022.pdf,47,1,9,Transport of LPG in bulk by Road | 121,Transport of LPG in bulk by Road,121,,,,,,,,,,,,,,,,,,
2736,Energy and Petroleum Stats Report 2022.pdf,47,1,10,Storage & Filling of LPG in Cylinders | 114,Storage & Filling of LPG in Cylinders,114,,,,,,,,,,,,,,,,,,
2737,Energy and Petroleum Stats Report 2022.pdf,47,1,11,"Import, Export and Wholesale of LPG in bulk | 63","Import, Export and Wholesale of LPG in bulk",63,,,,,,,,,,,,,,,,,,
2738,Energy and Petroleum Stats Report 2022.pdf,47,1,12,Transport of Jet-A1 | 50,Transport of Jet-A1,50,,,,,,,,,,,,,,,,,,
2739,Energy and Petroleum Stats Report 2022.pdf,47,1,13,Export and Wholesale of LPG in bulk | 47,Export and Wholesale of LPG in bulk,47,,,,,,,,,,,,,,,,,,
2740,Energy and Petroleum Stats Report 2022.pdf,47,1,14,Export & wholesale of Jet-A1 | 46,Export & wholesale of Jet-A1,46,,,,,,,,,,,,,,,,,,
2741,Energy and Petroleum Stats Report 2022.pdf,47,1,15,Storage of petroleum products(Except LPG) | 41,Storage of petroleum products(Except LPG),41,,,,,,,,,,,,,,,,,,
2742,Energy and Petroleum Stats Report 2022.pdf,47,1,16,"Import, Export and Wholesale of Bitumen | 21","Import, Export and Wholesale of Bitumen",21,,,,,,,,,,,,,,,,,,
2743,Energy and Petroleum Stats Report 2022.pdf,47,1,17,"Import, Export and Wholesale of Fuel Oil | 18","Import, Export and Wholesale of Fuel Oil",18,,,,,,,,,,,,,,,,,,
2744,Energy and Petroleum Stats Report 2022.pdf,47,1,18,Bunkering of Petroleum Products (Except LPG) | 9,Bunkering of Petroleum Products (Except LPG),9,,,,,,,,,,,,,,,,,,
2745,Energy and Petroleum Stats Report 2022.pdf,47,1,19,Import of Lubricants | 6,Import of Lubricants,6,,,,,,,,,,,,,,,,,,
2746,Energy and Petroleum Stats Report 2022.pdf,47,1,20,Storage & Filling of LPG in Bulk | 11,Storage & Filling of LPG in Bulk,11,,,,,,,,,,,,,,,,,,
2747,Energy and Petroleum Stats Report 2022.pdf,47,1,21,Storage of LPG in Bulk | 5,Storage of LPG in Bulk,5,,,,,,,,,,,,,,,,,,
2748,Energy and Petroleum Stats Report 2022.pdf,47,1,22,Storage of Crude Oil | 1,Storage of Crude Oil,1,,,,,,,,,,,,,,,,,,
2749,Energy and Petroleum Stats Report 2022.pdf,47,1,23,Reticulation of LPG | 1,Reticulation of LPG,1,,,,,,,,,,,,,,,,,,
2750,Energy and Petroleum Stats Report 2022.pdf,47,1,24,"Total | 13,153",Total,"13,153",,,,,,,,,,,,,,,,,,
2751,Energy and Petroleum Stats Report 2022.pdf,48,1,1,Permit Category | Permits issued,Permit Category,Permits issued,,,,,,,,,,,,,,,,,,
2752,Energy and Petroleum Stats Report 2022.pdf,48,1,2,Petroleum Retail Dispensing Station | 54,Petroleum Retail Dispensing Station,54,,,,,,,,,,,,,,,,,,
2753,Energy and Petroleum Stats Report 2022.pdf,48,1,3,LPG Storage And Filling Facility | 12,LPG Storage And Filling Facility,12,,,,,,,,,,,,,,,,,,
2754,Energy and Petroleum Stats Report 2022.pdf,48,1,4,LPG Storage depot | 4,LPG Storage depot,4,,,,,,,,,,,,,,,,,,
2755,Energy and Petroleum Stats Report 2022.pdf,48,1,5,Pipeline | 3,Pipeline,3,,,,,,,,,,,,,,,,,,
2756,Energy and Petroleum Stats Report 2022.pdf,48,1,6,Fuel Consumer Site | 2,Fuel Consumer Site,2,,,,,,,,,,,,,,,,,,
2757,Energy and Petroleum Stats Report 2022.pdf,48,1,7,Autogas Dispensing Station | 2,Autogas Dispensing Station,2,,,,,,,,,,,,,,,,,,
2758,Energy and Petroleum Stats Report 2022.pdf,48,1,8,Fuel storage Depot | 1,Fuel storage Depot,1,,,,,,,,,,,,,,,,,,
2759,Energy and Petroleum Stats Report 2022.pdf,48,1,9,Total | 78,Total,78,,,,,,,,,,,,,,,,,,
2760,Energy and Petroleum Stats Report 2022.pdf,48,2,1,Licence Class | Electrical Worker Certificates | Electrical Contractor Licences,Licence Class,Electrical Worker Certificates,,Electrical Contractor Licences,,,,,,,,,,,,,,,,
2761,Energy and Petroleum Stats Report 2022.pdf,48,2,2,FY2022/23 | FY2021/22 | FY2022/23 | FY2021/22,,FY2022/23,FY2021/22,FY2022/23,FY2021/22,,,,,,,,,,,,,,,
2762,Energy and Petroleum Stats Report 2022.pdf,48,2,3,C2 | 205 | 325 | 195 | 107,C2,205,325,195,107,,,,,,,,,,,,,,,
2763,Energy and Petroleum Stats Report 2022.pdf,48,2,4,C1 | 171 | 202 | 152 | 124,C1,171,202,152,124,,,,,,,,,,,,,,,
2764,Energy and Petroleum Stats Report 2022.pdf,48,2,5,B | 36 | 79 | 41 | 43,B,36,79,41,43,,,,,,,,,,,,,,,
2765,Energy and Petroleum Stats Report 2022.pdf,48,2,6,A1 | 52 | 52 | 52 | 46,A1,52,52,52,46,,,,,,,,,,,,,,,
2766,Energy and Petroleum Stats Report 2022.pdf,48,2,7,A2 | 5 | 9 | 6 | 4,A2,5,9,6,4,,,,,,,,,,,,,,,
2767,Energy and Petroleum Stats Report 2022.pdf,48,2,8,Total | 469 | 667 | 446 | 324,Total,469,667,446,324,,,,,,,,,,,,,,,
2768,Energy and Petroleum Stats Report 2022.pdf,48,3,1,Category | Class | Number of Issued,Category,Class,Number of Issued,,,,,,,,,,,,,,,,,
2769,Energy and Petroleum Stats Report 2022.pdf,48,3,2,Solar PV Contractor/ Vendor/ Manufacturer | C1 | 71,Solar PV Contractor/ Vendor/ Manufacturer,C1,71,,,,,,,,,,,,,,,,,
2770,Energy and Petroleum Stats Report 2022.pdf,48,3,3,V1 | 67,,V1,67,,,,,,,,,,,,,,,,,
2771,Energy and Petroleum Stats Report 2022.pdf,48,3,4,V2 | 107,,V2,107,,,,,,,,,,,,,,,,,
2772,Energy and Petroleum Stats Report 2022.pdf,48,3,5,Solar PV Technicians | T3 | 111,Solar PV Technicians,T3,111,,,,,,,,,,,,,,,,,
2773,Energy and Petroleum Stats Report 2022.pdf,48,3,6,T2 | 34,,T2,34,,,,,,,,,,,,,,,,,
2774,Energy and Petroleum Stats Report 2022.pdf,48,3,7,Energy Audit Firm | A | 7,Energy Audit Firm,A,7,,,,,,,,,,,,,,,,,
2775,Energy and Petroleum Stats Report 2022.pdf,49,1,5,123,,,,,,,123,,,,,,,,,,,,,
2776,Energy and Petroleum Stats Report 2022.pdf,49,1,7,85,,,,,,,,,,85,,,,,,,,,,
2777,Energy and Petroleum Stats Report 2022.pdf,49,1,10,57 | 54,,,,57,,,,,,,,,54,,,,,,,
2778,Energy and Petroleum Stats Report 2022.pdf,49,1,12,0 0 0 | 0 0 | 10 3 | 0 0 | 0 1,,0 0 0,,,0 0,,,10 3,,,0 0,,,0 1,,,,,,
2779,Energy and Petroleum Stats Report 2022.pdf,49,2,5,265 | 319,,,,,,,,265,,,319,,,,,,,,,
2780,Energy and Petroleum Stats Report 2022.pdf,49,2,7,180,,,,180,,,,,,,,,,,,,,,,
2781,Energy and Petroleum Stats Report 2022.pdf,49,2,10,57 0 0 | 10 3 | 10 3 | 10 4,,57 0 0,,,,10 3,,,10 3,,,10 4,,,,,,,,
2782,Energy and Petroleum Stats Report 2022.pdf,51,1,1,Vehicle Type | Fleet size | Average Annual distance - km | kWh consumption/100 km | Projected annual electricity consumption (GWh),Vehicle Type,Fleet size,Average Annual distance - km,kWh consumption/100 km,Projected annual electricity consumption (GWh),,,,,,,,,,,,,,,
2783,Energy and Petroleum Stats Report 2022.pdf,51,1,2,"Saloon | 9 | 25,213 | 14.19 | 0.032",Saloon,9,"25,213",14.19,0.032,,,,,,,,,,,,,,,
2784,Energy and Petroleum Stats Report 2022.pdf,51,1,3,"S. Wagon | 181 | 44,314 | 14.19 | 1.138",S. Wagon,181,"44,314",14.19,1.138,,,,,,,,,,,,,,,
2785,Energy and Petroleum Stats Report 2022.pdf,51,1,4,"Van | 5 | 25,213 | 14.19 | 0.018",Van,5,"25,213",14.19,0.018,,,,,,,,,,,,,,,
2786,Energy and Petroleum Stats Report 2022.pdf,51,1,5,"Lorry/Truck | 3 | 48,383 | 124.6 | 0.181",Lorry/Truck,3,"48,383",124.6,0.181,,,,,,,,,,,,,,,
2787,Energy and Petroleum Stats Report 2022.pdf,51,1,6,"Bus/Coach | 20 | 43,815 | 124.6 | 1.092",Bus/Coach,20,"43,815",124.6,1.092,,,,,,,,,,,,,,,
2788,Energy and Petroleum Stats Report 2022.pdf,51,1,7,"Special Purpose | 3 | 13,108 | 124.6 | 0.049",Special Purpose,3,"13,108",124.6,0.049,,,,,,,,,,,,,,,
2789,Energy and Petroleum Stats Report 2022.pdf,51,1,8,"Trailer | 20 | 48,383 | 124.6 | 1.206",Trailer,20,"48,383",124.6,1.206,,,,,,,,,,,,,,,
2790,Energy and Petroleum Stats Report 2022.pdf,51,1,9,Roller/Grader/Crane/Combine | 4,Roller/Grader/Crane/Combine,4,,,,,,,,,,,,,,,,,,
2791,Energy and Petroleum Stats Report 2022.pdf,51,1,10,Wheel/Tractor | 1,Wheel/Tractor,1,,,,,,,,,,,,,,,,,,
2792,Energy and Petroleum Stats Report 2022.pdf,51,1,11,"Motor Cycle | 1,500 | 17,807 | 4 | 1.068",Motor Cycle,"1,500","17,807",4,1.068,,,,,,,,,,,,,,,
2793,Energy and Petroleum Stats Report 2022.pdf,51,1,12,"Three Wheeler | 176 | 17,807 | 6.1 | 0.191",Three Wheeler,176,"17,807",6.1,0.191,,,,,,,,,,,,,,,
2794,Energy and Petroleum Stats Report 2022.pdf,51,1,13,Prime Mover | 1,Prime Mover,1,,,,,,,,,,,,,,,,,,
2795,Energy and Petroleum Stats Report 2022.pdf,51,1,14,Fork Lift | 149,Fork Lift,149,,,,,,,,,,,,,,,,,,
2796,Energy and Petroleum Stats Report 2022.pdf,51,1,15,"Van/Pickup | 3 | 44,314 | 124.6 | 0.166",Van/Pickup,3,"44,314",124.6,0.166,,,,,,,,,,,,,,,
2797,Energy and Petroleum Stats Report 2022.pdf,51,1,16,"Coupe | 1 | 25,213 | 14.19 | 0.004",Coupe,1,"25,213",14.19,0.004,,,,,,,,,,,,,,,
2798,Energy and Petroleum Stats Report 2022.pdf,51,1,17,"Double Cab | 3 | 25,213 | 14.19 | 0.011",Double Cab,3,"25,213",14.19,0.011,,,,,,,,,,,,,,,
2799,Energy and Petroleum Stats Report 2022.pdf,51,1,18,Total | 2079 | 5.155,Total,2079,,,5.155,,,,,,,,,,,,,,,
2800,Energy and Petroleum Stats Report 2022.pdf,53,1,1,No. | Transmission line | Voltage | No. of circuits | Route length | Circuit Length | Owner,No.,Transmission line,Voltage,No. of circuits,Route length,Circuit Length,Owner,,,,,,,,,,,,,
2801,Energy and Petroleum Stats Report 2022.pdf,53,1,2,1 | Isinya-Rabai | 400kV | 2 | 472 | 944 | KETRACO,1,Isinya-Rabai,400kV,2,472,944,KETRACO,,,,,,,,,,,,,
2802,Energy and Petroleum Stats Report 2022.pdf,53,1,3,2 | Loiyangalani-Suswa | 400kV | 2 | 436 | 872 | KETRACO,2,Loiyangalani-Suswa,400kV,2,436,872,KETRACO,,,,,,,,,,,,,
2803,Energy and Petroleum Stats Report 2022.pdf,53,1,4,3 | Olkaria-Lessos | 400kV | 2 | 230 | 460 | KETRACO,3,Olkaria-Lessos,400kV,2,230,460,KETRACO,,,,,,,,,,,,,
2804,Energy and Petroleum Stats Report 2022.pdf,53,1,5,4 | Suswa-Isinya | 400kV | 2 | 103 | 206 | KETRACO,4,Suswa-Isinya,400kV,2,103,206,KETRACO,,,,,,,,,,,,,
2805,Energy and Petroleum Stats Report 2022.pdf,53,1,6,5 | Kenya-Tanzania interconnector (Kenya side) | 400kV | 2 | 96 | 192 | KETRACO,5,Kenya-Tanzania interconnector (Kenya side),400kV,2,96,192,KETRACO,,,,,,,,,,,,,
2806,Energy and Petroleum Stats Report 2022.pdf,53,1,7,"1,337 | 2,674",,,"1,337","2,674",,,,,,,,,,,,,,,,
2807,Energy and Petroleum Stats Report 2022.pdf,53,2,1,No. | Transmission line | Rated Voltage | No. of circuits | Route length (km) | Circuit Length (km) | Owner,No.,Transmission line,Rated Voltage,No. of circuits,Route length (km),Circuit Length (km),Owner,,,,,,,,,,,,,
2808,Energy and Petroleum Stats Report 2022.pdf,53,2,2,1. | Kiambere-Rabai | 220kV | 1 | 440 | 440 | KPLC,1.,Kiambere-Rabai,220kV,1,440,440,KPLC,,,,,,,,,,,,,
2809,Energy and Petroleum Stats Report 2022.pdf,53,2,3,2. | Turkwel-Lessos | 220kV | 1 | 222 | 222 | KPLC,2.,Turkwel-Lessos,220kV,1,222,222,KPLC,,,,,,,,,,,,,
2810,Energy and Petroleum Stats Report 2022.pdf,53,2,4,3. | Kiambere-Embakasi | 220kV | 1 | 152 | 152 | KPLC,3.,Kiambere-Embakasi,220kV,1,152,152,KPLC,,,,,,,,,,,,,
2811,Energy and Petroleum Stats Report 2022.pdf,53,2,5,4. | Rabai-Kakuyuni (Malindi) | 220kV | 1 | 122.3 | 122.3 | KETRACO,4.,Rabai-Kakuyuni (Malindi),220kV,1,122.3,122.3,KETRACO,,,,,,,,,,,,,
2812,Energy and Petroleum Stats Report 2022.pdf,53,2,6,5. | Kamburu-Dandora 2 | 220kV | 1 | 109.5 | 109.5 | KPLC,5.,Kamburu-Dandora 2,220kV,1,109.5,109.5,KPLC,,,,,,,,,,,,,
2813,Energy and Petroleum Stats Report 2022.pdf,53,2,7,6. | Kamburu-Dandora 1 | 220kV | 1 | 109 | 109 | KPLC,6.,Kamburu-Dandora 1,220kV,1,109,109,KPLC,,,,,,,,,,,,,
2814,Energy and Petroleum Stats Report 2022.pdf,53,2,8,7. | Kakuyuni (Malindi)-Garsen | 220kV | 1 | 105.8 | 105.8 | KETRACO,7.,Kakuyuni (Malindi)-Garsen,220kV,1,105.8,105.8,KETRACO,,,,,,,,,,,,,
2815,Energy and Petroleum Stats Report 2022.pdf,53,2,9,8. | Garsen-Lamu | 220kV | 1 | 96.4 | 96.4 | KETRACO,8.,Garsen-Lamu,220kV,1,96.4,96.4,KETRACO,,,,,,,,,,,,,
2816,Energy and Petroleum Stats Report 2022.pdf,53,2,10,9. | Lessos-Kibos | 220kV | 2 | 70.5 | 141 | KETRACO,9.,Lessos-Kibos,220kV,2,70.5,141,KETRACO,,,,,,,,,,,,,
2817,Energy and Petroleum Stats Report 2022.pdf,53,2,11,10. | Isinya-Athi River | 220kV | 2 | 48.4 | 96.8 | KETRACO,10.,Isinya-Athi River,220kV,2,48.4,96.8,KETRACO,,,,,,,,,,,,,
2818,Energy and Petroleum Stats Report 2022.pdf,53,2,12,11. | Nairobi North - Thika Rd - Dandora | 220kV | 2 | 46.5 | 93 | KPLC,11.,Nairobi North - Thika Rd - Dandora,220kV,2,46.5,93,KPLC,,,,,,,,,,,,,
2819,Energy and Petroleum Stats Report 2022.pdf,53,2,13,12. | Suswa-Nairobi North | 220kV | 2 | 41 | 82 | KPLC,12.,Suswa-Nairobi North,220kV,2,41,82,KPLC,,,,,,,,,,,,,
2820,Energy and Petroleum Stats Report 2022.pdf,53,2,14,13. | Kamburu-Kiambere | 220kV | 1 | 35 | 35 | KPLC,13.,Kamburu-Kiambere,220kV,1,35,35,KPLC,,,,,,,,,,,,,
2821,Energy and Petroleum Stats Report 2022.pdf,53,2,15,14. | Olkaria I AU - Suswa | 220kV | 2 | 25.2 | 50.4 | KETRACO,14.,Olkaria I AU - Suswa,220kV,2,25.2,50.4,KETRACO,,,,,,,,,,,,,
2822,Energy and Petroleum Stats Report 2022.pdf,53,2,16,15. | Dandora-Embakasi | 220kV | 1 | 21 | 21 | KPLC,15.,Dandora-Embakasi,220kV,1,21,21,KPLC,,,,,,,,,,,,,
2823,Energy and Petroleum Stats Report 2022.pdf,53,2,17,16. | Olkaria IV - Suswa | 220kV | 2 | 18.3 | 36.6 | KETRACO,16.,Olkaria IV - Suswa,220kV,2,18.3,36.6,KETRACO,,,,,,,,,,,,,
2824,Energy and Petroleum Stats Report 2022.pdf,53,2,18,17. | Athi-River - Embakasi + 6.5Km Cable I | 220kV | 2 | 18 | 36 | KETRACO,17.,Athi-River - Embakasi + 6.5Km Cable I,220kV,2,18,36,KETRACO,,,,,,,,,,,,,
2825,Energy and Petroleum Stats Report 2022.pdf,53,2,19,18. | Kipeto-Isinya | 220kV | 1 | 17 | 17 | KPLC,18.,Kipeto-Isinya,220kV,1,17,17,KPLC,,,,,,,,,,,,,
2826,Energy and Petroleum Stats Report 2022.pdf,53,2,20,19. | Gitaru-Kamburu | 220kV | 1 | 7 | 7 | KPLC,19.,Gitaru-Kamburu,220kV,1,7,7,KPLC,,,,,,,,,,,,,
2827,Energy and Petroleum Stats Report 2022.pdf,53,2,21,20. | OrPower-Olkaria II | 220kV | 1 | 7 | 7 | KPLC,20.,OrPower-Olkaria II,220kV,1,7,7,KPLC,,,,,,,,,,,,,
2828,Energy and Petroleum Stats Report 2022.pdf,53,2,22,21. | Olkaria II-Olkaria 1AU | 220kV | 2 | 3 | 6 | KETRACO,21.,Olkaria II-Olkaria 1AU,220kV,2,3,6,KETRACO,,,,,,,,,,,,,
2829,Energy and Petroleum Stats Report 2022.pdf,53,2,23,22. | Olkaria IV - Olkaria V | 220kV | 2 | 1.5 | 3 | KETRACO,22.,Olkaria IV - Olkaria V,220kV,2,1.5,3,KETRACO,,,,,,,,,,,,,
2830,Energy and Petroleum Stats Report 2022.pdf,53,2,24,"1,716.4 | 1,988.8",,,,,"1,716.4","1,988.8",,,,,,,,,,,,,,
2831,Energy and Petroleum Stats Report 2022.pdf,54,1,1,No. | Transmission line | Voltage | No. of circuits | Route length (km) | Circuit Length (km),No.,Transmission line,Voltage,No. of circuits,Route length (km),Circuit Length (km),,,,,,,,,,,,,,
2832,Energy and Petroleum Stats Report 2022.pdf,54,1,2,1. | Mwingi - Garissa | 132KV | 1 | 204.3 | 204.3 | KETRACO,1.,Mwingi - Garissa,132KV,1,204.3,204.3,KETRACO,,,,,,,,,,,,,
2833,Energy and Petroleum Stats Report 2022.pdf,54,1,3,2. | Kamburu-Ishiara-Meru | 132KV | 1 | 135.2 | 135.2 | KETRACO,2.,Kamburu-Ishiara-Meru,132KV,1,135.2,135.2,KETRACO,,,,,,,,,,,,,
2834,Energy and Petroleum Stats Report 2022.pdf,54,1,4,3. | Lessos-Lanet | 132KV | 2 | 126 | 252 | KPLC,3.,Lessos-Lanet,132KV,2,126,252,KPLC,,,,,,,,,,,,,
2835,Energy and Petroleum Stats Report 2022.pdf,54,1,5,4. | Kindaruma-Mang’u | 132KV | 1 | 107 | 107 | KPLC,4.,Kindaruma-Mang’u,132KV,1,107,107,KPLC,,,,,,,,,,,,,
2836,Energy and Petroleum Stats Report 2022.pdf,54,1,6,5. | Maungu-Rabai | 132KV | 1 | 107 | 107 | KPLC,5.,Maungu-Rabai,132KV,1,107,107,KPLC,,,,,,,,,,,,,
2837,Energy and Petroleum Stats Report 2022.pdf,54,1,7,6. | Mtito A’ndei-Voi | 132KV | 1 | 90 | 90 | KPLC,6.,Mtito A’ndei-Voi,132KV,1,90,90,KPLC,,,,,,,,,,,,,
2838,Energy and Petroleum Stats Report 2022.pdf,54,1,8,7. | Kiboko-Mtito A’ndei | 132KV | 1 | 86 | 86 | KPLC,7.,Kiboko-Mtito A’ndei,132KV,1,86,86,KPLC,,,,,,,,,,,,,
2839,Energy and Petroleum Stats Report 2022.pdf,54,1,9,8. | Naivasha-Juja Rd | 132KV | 2 | 76.2 | 152.4 | KPLC,8.,Naivasha-Juja Rd,132KV,2,76.2,152.4,KPLC,,,,,,,,,,,,,
2840,Energy and Petroleum Stats Report 2022.pdf,54,1,10,9. | Chemosit- Sotik- Kegati | 132KV | 1 | 72.1 | 72.1 | KETRACO,9.,Chemosit- Sotik- Kegati,132KV,1,72.1,72.1,KETRACO,,,,,,,,,,,,,
2841,Energy and Petroleum Stats Report 2022.pdf,54,1,11,10. | Tororo-Musaga | 132KV | 2 | 70.5 | 141 | KETRACO,10.,Tororo-Musaga,132KV,2,70.5,141,KETRACO,,,,,,,,,,,,,
2842,Energy and Petroleum Stats Report 2022.pdf,54,1,12,11. | Lanet-Naivasha | 132KV | 2 | 67 | 134 | KPLC,11.,Lanet-Naivasha,132KV,2,67,134,KPLC,,,,,,,,,,,,,
2843,Energy and Petroleum Stats Report 2022.pdf,54,1,13,12. | Musaga-Lessos | 132KV | 2 | 66 | 132 | KPLC,12.,Musaga-Lessos,132KV,2,66,132,KPLC,,,,,,,,,,,,,
2844,Energy and Petroleum Stats Report 2022.pdf,54,1,14,13. | Olkaria-Narok | 132KV | 1 | 68 | 68 | KETRACO,13.,Olkaria-Narok,132KV,1,68,68,KETRACO,,,,,,,,,,,,,
2845,Energy and Petroleum Stats Report 2022.pdf,54,1,15,14. | Eldoret-Kitale | 132KV | 1 | 65.1 | 65.1 | KETRACO,14.,Eldoret-Kitale,132KV,1,65.1,65.1,KETRACO,,,,,,,,,,,,,
2846,Energy and Petroleum Stats Report 2022.pdf,54,1,16,15. | Masinga-Kutus | 132KV | 1 | 64.8 | 64.8 | KPLC,15.,Masinga-Kutus,132KV,1,64.8,64.8,KPLC,,,,,,,,,,,,,
2847,Energy and Petroleum Stats Report 2022.pdf,54,1,17,16. | Juja Rd-Konza | 132KV | 1 | 63 | 63 | KPLC,16.,Juja Rd-Konza,132KV,1,63,63,KPLC,,,,,,,,,,,,,
2848,Energy and Petroleum Stats Report 2022.pdf,54,1,18,17. | Konza- Sultan Hamud | 132KV | 1 | 62 | 62 | KPLC,17.,Konza- Sultan Hamud,132KV,1,62,62,KPLC,,,,,,,,,,,,,
2849,Energy and Petroleum Stats Report 2022.pdf,54,1,19,18. | Mangu-Githambo | 132KV | 1 | 58 | 58 | KETRACO,18.,Mangu-Githambo,132KV,1,58,58,KETRACO,,,,,,,,,,,,,
2850,Energy and Petroleum Stats Report 2022.pdf,54,1,20,19. | Lessos-Muhoroni | 132KV | 1 | 56.7 | 56.7 | KPLC,19.,Lessos-Muhoroni,132KV,1,56.7,56.7,KPLC,,,,,,,,,,,,,
2851,Energy and Petroleum Stats Report 2022.pdf,54,1,21,20. | Kutus-Kiganjo | 132KV | 1 | 52.5 | 52.5 | KPLC,20.,Kutus-Kiganjo,132KV,1,52.5,52.5,KPLC,,,,,,,,,,,,,
2852,Energy and Petroleum Stats Report 2022.pdf,54,1,22,21. | Sondu-Kisumu | 132KV | 1 | 52.2 | 52.2 | KETRACO,21.,Sondu-Kisumu,132KV,1,52.2,52.2,KETRACO,,,,,,,,,,,,,
2853,Energy and Petroleum Stats Report 2022.pdf,54,1,23,22. | Kiganjo-Nanyuki | 132KV | 1 | 51.5 | 51.5 | KPLC,22.,Kiganjo-Nanyuki,132KV,1,51.5,51.5,KPLC,,,,,,,,,,,,,
2854,Energy and Petroleum Stats Report 2022.pdf,54,1,24,23. | Muhoroni-Kisumu | 132KV | 1 | 48.5 | 48.5 | KPLC,23.,Muhoroni-Kisumu,132KV,1,48.5,48.5,KPLC,,,,,,,,,,,,,
2855,Energy and Petroleum Stats Report 2022.pdf,54,1,25,24. | Rabai-Galu | 132KV | 1 | 48 | 48 | KETRACO,24.,Rabai-Galu,132KV,1,48,48,KETRACO,,,,,,,,,,,,,
2856,Energy and Petroleum Stats Report 2022.pdf,54,1,26,25. | Mwingi – Kitui | 132KV | 1 | 46 | 46 | KETRACO,25.,Mwingi – Kitui,132KV,1,46,46,KETRACO,,,,,,,,,,,,,
2857,Energy and Petroleum Stats Report 2022.pdf,54,1,27,26. | Mangu-Juja Rd | 132KV | 1 | 46 | 46 | KPLC,26.,Mangu-Juja Rd,132KV,1,46,46,KPLC,,,,,,,,,,,,,
2858,Energy and Petroleum Stats Report 2022.pdf,54,1,28,27. | Kegati-Awendo | 132KV | 1 | 44.00 | 44 | KETRACO,27.,Kegati-Awendo,132KV,1,44.00,44,KETRACO,,,,,,,,,,,,,
2859,Energy and Petroleum Stats Report 2022.pdf,54,1,29,28. | Sultan Hamud-Kiboko | 132KV | 1 | 43 | 43 | KPLC,28.,Sultan Hamud-Kiboko,132KV,1,43,43,KPLC,,,,,,,,,,,,,
2860,Energy and Petroleum Stats Report 2022.pdf,54,1,30,29. | New Bamburi-Mombasa Cement | 132KV | 1 | 41.6 | 41.6 | KPLC,29.,New Bamburi-Mombasa Cement,132KV,1,41.6,41.6,KPLC,,,,,,,,,,,,,
2861,Energy and Petroleum Stats Report 2022.pdf,54,1,31,30. | Sultan-Wote | 132KV | 1 | 41 | 41 | KETRACO,30.,Sultan-Wote,132KV,1,41,41,KETRACO,,,,,,,,,,,,,
2862,Energy and Petroleum Stats Report 2022.pdf,54,1,32,31. | Awendo-Ndhiwa | 132KV | 1 | 35 | 35 | KETRACO,31.,Awendo-Ndhiwa,132KV,1,35,35,KETRACO,,,,,,,,,,,,,
2863,Energy and Petroleum Stats Report 2022.pdf,54,1,33,32. | Mumias-Rangala | 132KV | 1 | 34 | 34 | KETRACO,32.,Mumias-Rangala,132KV,1,34,34,KETRACO,,,,,,,,,,,,,
2864,Energy and Petroleum Stats Report 2022.pdf,54,1,34,33. | Lessos-Eldoret | 132KV | 1 | 32.1 | 32.1 | KPLC,33.,Lessos-Eldoret,132KV,1,32.1,32.1,KPLC,,,,,,,,,,,,,
2865,Energy and Petroleum Stats Report 2022.pdf,54,1,35,34. | Muhoroni-Chemosit | 132KV | 1 | 30.7 | 30.7 | KPLC,34.,Muhoroni-Chemosit,132KV,1,30.7,30.7,KPLC,,,,,,,,,,,,,
2866,Energy and Petroleum Stats Report 2022.pdf,54,1,36,35. | Kindaruma-Mwingi | 132KV | 1 | 29.32 | 29.32 | KETRACO,35.,Kindaruma-Mwingi,132KV,1,29.32,29.32,KETRACO,,,,,,,,,,,,,
2867,Energy and Petroleum Stats Report 2022.pdf,54,1,37,36. | Mangu-Gatundu | 132KV | 1 | 29 | 29 | KETRACO,36.,Mangu-Gatundu,132KV,1,29,29,KETRACO,,,,,,,,,,,,,
2868,Energy and Petroleum Stats Report 2022.pdf,54,1,38,37. | Voi-Maungu | 132KV | 1 | 28 | 28 | KPLC,37.,Voi-Maungu,132KV,1,28,28,KPLC,,,,,,,,,,,,,
2869,Energy and Petroleum Stats Report 2022.pdf,54,1,39,38. | Ishiara-Kieni | 132KV | 1 | 27 | 27 | KETRACO,38.,Ishiara-Kieni,132KV,1,27,27,KETRACO,,,,,,,,,,,,,
2870,Energy and Petroleum Stats Report 2022.pdf,54,1,40,39. | Sotik-Bomet | 132KV | 1 | 26.47 | 26.47 | KETRACO,39.,Sotik-Bomet,132KV,1,26.47,26.47,KETRACO,,,,,,,,,,,,,
2871,Energy and Petroleum Stats Report 2022.pdf,55,1,1,No. | Transmission line | Voltage | No. of circuits | Route length (km) | Circuit Length (km),No.,Transmission line,Voltage,No. of circuits,Route length (km),Circuit Length (km),,,,,,,,,,,,,,
2872,Energy and Petroleum Stats Report 2022.pdf,55,1,2,40. | Meru-Isiolo | 132KV | 1 | 26 | 26 | KETRACO,40.,Meru-Isiolo,132KV,1,26,26,KETRACO,,,,,,,,,,,,,
2873,Energy and Petroleum Stats Report 2022.pdf,55,1,3,41. | Olkaria1AU-Naivasha | 132KV | 1 | 23.1 | 23.1 | KPLC,41.,Olkaria1AU-Naivasha,132KV,1,23.1,23.1,KPLC,,,,,,,,,,,,,
2874,Energy and Petroleum Stats Report 2022.pdf,55,1,4,42. | Rabai-New Bamburi | 132KV | 1 | 22.5 | 22.5 | KPLC,42.,Rabai-New Bamburi,132KV,1,22.5,22.5,KPLC,,,,,,,,,,,,,
2875,Energy and Petroleum Stats Report 2022.pdf,55,1,5,43. | Mumias - Musaga | 132KV | 1 | 22 | 22 | KPLC,43.,Mumias - Musaga,132KV,1,22,22,KPLC,,,,,,,,,,,,,
2876,Energy and Petroleum Stats Report 2022.pdf,55,1,6,44. | Kindaruma-Kamburu | 132KV | 1 | 18.4 | 18.4 | KPLC,44.,Kindaruma-Kamburu,132KV,1,18.4,18.4,KPLC,,,,,,,,,,,,,
2877,Energy and Petroleum Stats Report 2022.pdf,55,1,7,45. | Masinga-Kamburu | 132KV | 1 | 18.4 | 18.4 | KPLC,45.,Masinga-Kamburu,132KV,1,18.4,18.4,KPLC,,,,,,,,,,,,,
2878,Energy and Petroleum Stats Report 2022.pdf,55,1,8,46. | Musaga-Webuye | 132KV | 2 | 18 | 36 | KETRACO,46.,Musaga-Webuye,132KV,2,18,36,KETRACO,,,,,,,,,,,,,
2879,Energy and Petroleum Stats Report 2022.pdf,55,1,9,47. | Kipevu III- Rabai | 132KV | 2 | 18 | 36 | KPLC,47.,Kipevu III- Rabai,132KV,2,18,36,KPLC,,,,,,,,,,,,,
2880,Energy and Petroleum Stats Report 2022.pdf,55,1,10,48. | Mombasa Cement-Kilifi | 132KV | 1 | 17.6 | 17.6 | KPLC,48.,Mombasa Cement-Kilifi,132KV,1,17.6,17.6,KPLC,,,,,,,,,,,,,
2881,Energy and Petroleum Stats Report 2022.pdf,55,1,11,49. | Kipevu II - Rabai | 132KV | 1 | 17 | 17 | KPLC,49.,Kipevu II - Rabai,132KV,1,17,17,KPLC,,,,,,,,,,,,,
2882,Energy and Petroleum Stats Report 2022.pdf,55,1,12,50. | Total KPC Tee-offs from Juja- Rabai line | 132KV | 1 | 15.1 | 15.1 | KPLC,50.,Total KPC Tee-offs from Juja- Rabai line,132KV,1,15.1,15.1,KPLC,,,,,,,,,,,,,
2883,Energy and Petroleum Stats Report 2022.pdf,55,1,13,51. | Galu-Tiomin | 132KV | 1 | 14 | 14 | KPLC,51.,Galu-Tiomin,132KV,1,14,14,KPLC,,,,,,,,,,,,,
2884,Energy and Petroleum Stats Report 2022.pdf,55,1,14,52. | Menengai-Soilo | 132KV | 2 | 13 | 26 | KETRACO,52.,Menengai-Soilo,132KV,2,13,26,KETRACO,,,,,,,,,,,,,
2885,Energy and Petroleum Stats Report 2022.pdf,55,1,15,53. | Jomvu-Rabai | 132KV | 1 | 12 | 12 | KPLC,53.,Jomvu-Rabai,132KV,1,12,12,KPLC,,,,,,,,,,,,,
2886,Energy and Petroleum Stats Report 2022.pdf,55,1,16,54. | Konza-Katoloni | 132KV | 1 | 11.4 | 11.4 | KETRACO,54.,Konza-Katoloni,132KV,1,11.4,11.4,KETRACO,,,,,,,,,,,,,
2887,Energy and Petroleum Stats Report 2022.pdf,55,1,17,55. | Jomvu Tee-Off - New Bamburi tee-off | 132KV | 1 | 9.8 | 9.8 | KPLC,55.,Jomvu Tee-Off - New Bamburi tee-off,132KV,1,9.8,9.8,KPLC,,,,,,,,,,,,,
2888,Energy and Petroleum Stats Report 2022.pdf,55,1,18,56. | Kibos - Kisumu (Mamboleo) | 132KV | 2 | 9.1 | 18.2 | KETRACO,56.,Kibos - Kisumu (Mamboleo),132KV,2,9.1,18.2,KETRACO,,,,,,,,,,,,,
2889,Energy and Petroleum Stats Report 2022.pdf,55,1,19,57. | Kipevu 1-Jomvu | 132KV | 1 | 8.7 | 8.7 | KPLC,57.,Kipevu 1-Jomvu,132KV,1,8.7,8.7,KPLC,,,,,,,,,,,,,
2890,Energy and Petroleum Stats Report 2022.pdf,55,1,20,58. | Gitaru-Kamburu | 132KV | 2 | 7.7 | 15.4 | KPLC,58.,Gitaru-Kamburu,132KV,2,7.7,15.4,KPLC,,,,,,,,,,,,,
2891,Energy and Petroleum Stats Report 2022.pdf,55,1,21,59. | Sangoro-Sondu | 132KV | 1 | 6 | 6 | KETRACO,59.,Sangoro-Sondu,132KV,1,6,6,KETRACO,,,,,,,,,,,,,
2892,Energy and Petroleum Stats Report 2022.pdf,55,1,22,60. | Olkaria1AU-Olkaria II | 132KV | 1 | 4 | 4 | KPLC,60.,Olkaria1AU-Olkaria II,132KV,1,4,4,KPLC,,,,,,,,,,,,,
2893,Energy and Petroleum Stats Report 2022.pdf,55,1,23,61. | Simba Cement Tee-off | 132KV | 1 | 3.1 | 3.1 | KPLC,61.,Simba Cement Tee-off,132KV,1,3.1,3.1,KPLC,,,,,,,,,,,,,
2894,Energy and Petroleum Stats Report 2022.pdf,55,1,24,62. | Mariakani LILO | 132KV | 1 | 3 | 3 | KPLC,62.,Mariakani LILO,132KV,1,3,3,KPLC,,,,,,,,,,,,,
2895,Energy and Petroleum Stats Report 2022.pdf,55,1,25,63 | Roysambu Tee-Off 1 | 132KV | 1 | 3 | 3 | KPLC,63,Roysambu Tee-Off 1,132KV,1,3,3,KPLC,,,,,,,,,,,,,
2896,Energy and Petroleum Stats Report 2022.pdf,55,1,26,64 | Dandora-Juja Rd | 132KV | 1 | 2 | 2 | KPLC,64,Dandora-Juja Rd,132KV,1,2,2,KPLC,,,,,,,,,,,,,
2897,Energy and Petroleum Stats Report 2022.pdf,55,1,27,65 | Dandora-Juja Rd | 132KV | 1 | 2 | 2 | KPLC,65,Dandora-Juja Rd,132KV,1,2,2,KPLC,,,,,,,,,,,,,
2898,Energy and Petroleum Stats Report 2022.pdf,55,1,28,66 | Olkaria 1-Olkaria 1AU | 132KV | 1 | 2 | 2 | KPLC,66,Olkaria 1-Olkaria 1AU,132KV,1,2,2,KPLC,,,,,,,,,,,,,
2899,Energy and Petroleum Stats Report 2022.pdf,55,1,29,67 | Roysambu Tee-Off 2 | 132KV | 1 | 2 | 2 | KPLC,67,Roysambu Tee-Off 2,132KV,1,2,2,KPLC,,,,,,,,,,,,,
2900,Energy and Petroleum Stats Report 2022.pdf,55,1,30,69 | Rai MDF Tee-Off | 132KV | 1 | 1.1 | 1.1 | KPLC,69,Rai MDF Tee-Off,132KV,1,1.1,1.1,KPLC,,,,,,,,,,,,,
2901,Energy and Petroleum Stats Report 2022.pdf,55,1,31,"2,692.79 | 3,164.29",,,,,"2,692.79","3,164.29",,,,,,,,,,,,,,
2902,Energy and Petroleum Stats Report 2022.pdf,58,1,2,Published in November 2023 58 | ENERGY & PETROLEUM STATISTICS REPORT FOR THE FINANCIAL YEAR ENDED 30TH JUNE 2023,Published in November 2023 58 | ENERGY & PETROLEUM STATISTICS REPORT FOR THE FINANCIAL YEAR ENDED 30TH JUNE 2023,,,,,,,,,,,,,,,,,,,
2903,Statistics-Report-June-2025-Web.pdf,4,1,1,Who we are,Who we are,,,,,,,,,,,,,,,,,,,
2904,Statistics-Report-June-2025-Web.pdf,4,1,2,"The Energy and Petroleum Regulatory Authority (EPRA) is established under the Energy Act, 2019 as the regulatory agency responsible for economic and technical regulation of the electricity, renewable energy, petroleum and coal sectors. Our Mission To facilitate sustainability in the energy and petroleum sectors for improved livelihoods through regulation. Our Vision A leading energy and petroleum regulator. 4 Our Rallying Call Quality Energy, Quality Life.","The Energy and Petroleum Regulatory Authority (EPRA) is established under the Energy Act, 2019 as the regulatory agency responsible for economic and technical regulation of the electricity, renewable energy, petroleum and coal sectors. Our Mission To facilitate sustainability in the energy and petroleum sectors for improved livelihoods through regulation. Our Vision A leading energy and petroleum regulator. 4 Our Rallying Call Quality Energy, Quality Life.",,,,,,,,,,,,,,,,,,,
2905,Statistics-Report-June-2025-Web.pdf,12,1,2,)%( egatnecreP | EEEllleeeccctttriicciciittityyy GG Geeennneeerrraaatttiiiooonnn aaannnddd GGGDDDPPP GGGrrrooowwwttthhh R RRaaattteees 8% 8 7% 7 6% 6 5% 5 4% 4 3% 3 2% 2 1% 1 0% 0 2020 2021 2022 2023 2024 -1% -1 Electricty generation growth rate GDP (growth rate),)%( egatnecreP,EEEllleeeccctttriicciciittityyy GG Geeennneeerrraaatttiiiooonnn aaannnddd GGGDDDPPP GGGrrrooowwwttthhh R RRaaattteees 8% 8 7% 7 6% 6 5% 5 4% 4 3% 3 2% 2 1% 1 0% 0 2020 2021 2022 2023 2024 -1% -1 Electricty generation growth rate GDP (growth rate),,,,,,,,,,,,,,,,,,
2906,Statistics-Report-June-2025-Web.pdf,12,2,1,hWk | EElleeccttrriicciittyy PPeerr CCaappiittaa CCoonnssuummppttiioonn 275.00 270.00 265.00 260.00 255.00 250.00 245.00 240.00 235.00 230.00 2020 2021 2022 2023 2024,hWk,EElleeccttrriicciittyy PPeerr CCaappiittaa CCoonnssuummppttiioonn 275.00 270.00 265.00 260.00 255.00 250.00 245.00 240.00 235.00 230.00 2020 2021 2022 2023 2024,,,,,,,,,,,,,,,,,,
2907,Statistics-Report-June-2025-Web.pdf,13,1,1,Technology | Interconnected Capacity (MW) | Captive Capacity (MW) | Offgrid Capacity | Total Installed Capacity | % Total Installed,Technology,Interconnected Capacity (MW),,Captive Capacity (MW),Offgrid Capacity,Total Installed Capacity,% Total Installed,,,,,,,,,,,,,
2908,Statistics-Report-June-2025-Web.pdf,13,1,2,Installed | Effective,,Installed,Effective,,,,,,,,,,,,,,,,,
2909,Statistics-Report-June-2025-Web.pdf,13,1,3,Geothermal | 940.0 | 876.1 | 3.7 | 943.7 | 25.92%,Geothermal,940.0,876.1,3.7,,943.7,25.92%,,,,,,,,,,,,,
2910,Statistics-Report-June-2025-Web.pdf,13,1,4,Hydro | 839.5 | 809.7 | 33.0 | 0.1 | 872.5 | 23.97%,Hydro,839.5,809.7,33.0,0.1,872.5,23.97%,,,,,,,,,,,,,
2911,Statistics-Report-June-2025-Web.pdf,13,1,5,Thermal | 564.8 | 558.4 | 21.3 | 41.0 | 627.1 | 17.22%,Thermal,564.8,558.4,21.3,41.0,627.1,17.22%,,,,,,,,,,,,,
2912,Statistics-Report-June-2025-Web.pdf,13,1,6,Solar | 210.3 | 210.3 | 300.5 | 3.4 | 514.1 | 14.12%,Solar,210.3,210.3,300.5,3.4,514.1,14.12%,,,,,,,,,,,,,
2913,Statistics-Report-June-2025-Web.pdf,13,1,7,Wind | 435.5 | 425.5 | - | 0.6 | 436.1 | 11.98%,Wind,435.5,425.5,-,0.6,436.1,11.98%,,,,,,,,,,,,,
2914,Statistics-Report-June-2025-Web.pdf,13,1,8,Bioenergy | 2.0 | 2.0 | 161.8 | 163.8 | 4.50%,Bioenergy,2.0,2.0,161.8,,163.8,4.50%,,,,,,,,,,,,,
2915,Statistics-Report-June-2025-Web.pdf,13,1,9,Imports | 200.0 | 200.0 | - | 200.0,Imports,200.0,200.0,-,,200.0,,,,,,,,,,,,,,
2916,Statistics-Report-June-2025-Web.pdf,13,1,10,WHR | - | - | 83.5 | 83.5 | 2.29%,WHR,-,-,83.5,,83.5,2.29%,,,,,,,,,,,,,
2917,Statistics-Report-June-2025-Web.pdf,13,1,11,"Total | 3,192.0 | 3,082.0 | 603.8 | 45.0 | 3,840.8 | 100.00%",Total,"3,192.0","3,082.0",603.8,45.0,"3,840.8",100.00%,,,,,,,,,,,,,
2918,Statistics-Report-June-2025-Web.pdf,14,2,3,"1,167.91 | 1,176.13",,,,"1,167.91",,,,,,"1,176.13",,,,,,,,,,
2919,Statistics-Report-June-2025-Web.pdf,14,2,5,"1,131.45",,,,,,,,,,,,,,"1,131.45",,,,,,
2920,Statistics-Report-June-2025-Web.pdf,17,2,4,"5511776,66666",,,,,,"5511776,66666",,,,,,,,,,,,,,
2921,Statistics-Report-June-2025-Web.pdf,17,2,6,"339955,449900",,,,,,,,,,"339955,449900",,,,,,,,,,
2922,Statistics-Report-June-2025-Web.pdf,17,2,7,"3311446,61133",,,,,,"3311446,61133",,,,,,,,,,,,,,
2923,Statistics-Report-June-2025-Web.pdf,18,1,1,Customer category | Energy consumption (GWh) | Percentage,Customer category,Energy consumption (GWh),Percentage,,,,,,,,,,,,,,,,,
2924,Statistics-Report-June-2025-Web.pdf,18,1,2,"Industrial | 5,620.71 | 49.61%",Industrial,"5,620.71",49.61%,,,,,,,,,,,,,,,,,
2925,Statistics-Report-June-2025-Web.pdf,18,1,3,"Domestic | 3,640.32 | 32.13%",Domestic,"3,640.32",32.13%,,,,,,,,,,,,,,,,,
2926,Statistics-Report-June-2025-Web.pdf,18,1,4,"Small commercial (SMEs) | 1,913.26 | 16.89%",Small commercial (SMEs),"1,913.26",16.89%,,,,,,,,,,,,,,,,,
2927,Statistics-Report-June-2025-Web.pdf,18,1,5,Street Lighting | 150.43 | 1.33%,Street Lighting,150.43,1.33%,,,,,,,,,,,,,,,,,
2928,Statistics-Report-June-2025-Web.pdf,18,1,6,E-Mobility | 5.04 | 0.04%,E-Mobility,5.04,0.04%,,,,,,,,,,,,,,,,,
2929,Statistics-Report-June-2025-Web.pdf,18,1,7,"Total | 11,329.75 | 100.00%",Total,"11,329.75",100.00%,,,,,,,,,,,,,,,,,
2930,Statistics-Report-June-2025-Web.pdf,19,1,4,"746.76 | 1,231.66 596.11",,,,746.76,,"1,231.66 596.11",,,,,,,,,,,,,,
2931,Statistics-Report-June-2025-Web.pdf,19,1,7,220.59,,,,,,,,220.59,,,,,,,,,,,,
2932,Statistics-Report-June-2025-Web.pdf,19,2,1,Region | 2023/24 | 2024/25,Region,2023/24,,2024/25,,,,,,,,,,,,,,,,
2933,Statistics-Report-June-2025-Web.pdf,19,2,2,Energy (GWh) | % of total | Energy (GWh) | % of total,,Energy (GWh),% of total,Energy (GWh),% of total,,,,,,,,,,,,,,,
2934,Statistics-Report-June-2025-Web.pdf,19,2,3,"Nairobi | 4,571.78 | 43.51% | 4,964.34 | 43.82%",Nairobi,"4,571.78",43.51%,"4,964.34",43.82%,,,,,,,,,,,,,,,
2935,Statistics-Report-June-2025-Web.pdf,19,2,4,"Coast | 1,916.68 | 18.24% | 2,010.06 | 17.74%",Coast,"1,916.68",18.24%,"2,010.06",17.74%,,,,,,,,,,,,,,,
2936,Statistics-Report-June-2025-Web.pdf,19,2,5,"Rift Valley | 1,431.23 | 13.62% | 1,560.36 | 13.77%",Rift Valley,"1,431.23",13.62%,"1,560.36",13.77%,,,,,,,,,,,,,,,
2937,Statistics-Report-June-2025-Web.pdf,19,2,6,"North Eastern | 1,150.53 | 10.95% | 1,231.66 | 10.87%",North Eastern,"1,150.53",10.95%,"1,231.66",10.87%,,,,,,,,,,,,,,,
2938,Statistics-Report-June-2025-Web.pdf,19,2,7,Mt. Kenya | 679.75 | 6.47% | 746.76 | 6.59%,Mt. Kenya,679.75,6.47%,746.76,6.59%,,,,,,,,,,,,,,,
2939,Statistics-Report-June-2025-Web.pdf,19,2,8,West Kenya | 556.77 | 5.30% | 596.11 | 5.26%,West Kenya,556.77,5.30%,596.11,5.26%,,,,,,,,,,,,,,,
2940,Statistics-Report-June-2025-Web.pdf,19,2,9,South Nyanza | 201.10 | 1.91% | 220.59 | 1.95%,South Nyanza,201.10,1.91%,220.59,1.95%,,,,,,,,,,,,,,,
2941,Statistics-Report-June-2025-Web.pdf,19,2,10,"10,507.84 | 100.00% | 11,329.88 | 100.00%",,"10,507.84",100.00%,"11,329.88",100.00%,,,,,,,,,,,,,,,
2942,Statistics-Report-June-2025-Web.pdf,20,1,5,285.51,,285.51,,,,,,,,,,,,,,,,,,
2943,Statistics-Report-June-2025-Web.pdf,21,1,4,"1,960",,,,"1,960",,,,,,,,,,,,,,,,
2944,Statistics-Report-June-2025-Web.pdf,23,1,1,2020/21 | 2021/22 | 2022/23 | 2023/24 | 2024/25,,2020/21,2021/22,2022/23,2023/24,2024/25,,,,,,,,,,,,,,
2945,Statistics-Report-June-2025-Web.pdf,23,1,2,System Losses | 24.80% | 22.84% | 23.40% | 23.21% | 23.36%,System Losses,24.80%,22.84%,23.40%,23.21%,23.36%,,,,,,,,,,,,,,
2946,Statistics-Report-June-2025-Web.pdf,23,1,3,EPRA Threshold | 19.90% | 19.50% | 19.50% | 18.50% | 17.50%,EPRA Threshold,19.90%,19.50%,19.50%,18.50%,17.50%,,,,,,,,,,,,,,
2947,Statistics-Report-June-2025-Web.pdf,24,1,1,AAnnnnuuaall CCAAIIDDII 5 4.106 4 2.763 3 2.529 2.572 2.253 sruoH 2 1 0 2020/21 2021/22 2022/23 2023/24 2024/25 CAIDI Benchmark EPRA target,AAnnnnuuaall CCAAIIDDII 5 4.106 4 2.763 3 2.529 2.572 2.253 sruoH 2 1 0 2020/21 2021/22 2022/23 2023/24 2024/25 CAIDI Benchmark EPRA target,,,,,,,,,,,,,,,,,,,
2948,Statistics-Report-June-2025-Web.pdf,24,3,1,sruoH | MMoonntthhllyy SSAAIIDDII PPeerrffoorrmmaannccee 14.000 12.44 12.000 10.624 10.505 9.922 9.997 10.000 8.768 9.301 8.862 8.929 8.971 7.438 7.313 8.000 6.000 4.000 2.000 0.000 Jul-24 Aug-24 Sep-24 Oct-24 Nov-24 Dec-24 Jan-25 Feb-25 Mar-25 Apr-25 May-25 Jun-25 SAIDI Benchmark (1.50) EPRA target (3.25),sruoH,MMoonntthhllyy SSAAIIDDII PPeerrffoorrmmaannccee 14.000 12.44 12.000 10.624 10.505 9.922 9.997 10.000 8.768 9.301 8.862 8.929 8.971 7.438 7.313 8.000 6.000 4.000 2.000 0.000 Jul-24 Aug-24 Sep-24 Oct-24 Nov-24 Dec-24 Jan-25 Feb-25 Mar-25 Apr-25 May-25 Jun-25 SAIDI Benchmark (1.50) EPRA target (3.25),,,,,,,,,,,,,,,,,,
2949,Statistics-Report-June-2025-Web.pdf,25,1,1,AAnnnnuuaall SSAAIIDDII PPeerrffoorrmmaannccee MMoonntthhllyy SSAAIIDDII PPeerrffoorrmmaannccee 12 10.139 9.828 9.423 14.000 12.44 10 8.711 8.373 12.000 10.624 10.505 9.922 9.997 8 10.000 8.768 9.301 8.862 8.929 8.971 sruoH 7.438 7.313 6 8.000 6.000 4 4.000 2 2.000 0 0.000 2020/21 2021/22 2022/23 2023/24 2024/25 Jul-24 Aug-24 Sep-24 Oct-24 Nov-24 Dec-24 Jan-25 Feb-25 Mar-25 Apr-25 May-25 Jun-25 SAIDI SAIDI BenchmBarekn c(1h.5m0a)rk EPERPAR Ata rtgaergt e(t3.25),AAnnnnuuaall SSAAIIDDII PPeerrffoorrmmaannccee MMoonntthhllyy SSAAIIDDII PPeerrffoorrmmaannccee 12 10.139 9.828 9.423 14.000 12.44 10 8.711 8.373 12.000 10.624 10.505 9.922 9.997 8 10.000 8.768 9.301 8.862 8.929 8.971 sruoH 7.438 7.313 6 8.000 6.000 4 4.000 2 2.000 0 0.000 2020/21 2021/22 2022/23 2023/24 2024/25 Jul-24 Aug-24 Sep-24 Oct-24 Nov-24 Dec-24 Jan-25 Feb-25 Mar-25 Apr-25 May-25 Jun-25 SAIDI SAIDI BenchmBarekn c(1h.5m0a)rk EPERPAR Ata rtgaergt e(t3.25),,,,,,,,,,,,,,,,,,,
2950,Statistics-Report-June-2025-Web.pdf,25,1,2,AAnnnnuuaall SSAAIIDDII PPeerrffoorrmmaannccee MMoonntthhllyy SSAAIIDDII PPeerrffoorrmmaannccee 12 10.139 9.828 9.423 14.000 12.44 10 8.711 8.373 12.000 10.624 10.505 9.922 9.997 8 10.000 8.768 9.301 8.862 8.929 8.971 sruoH 7.438 7.313 6 8.000 6.000 4 4.000 2 2.000 0 0.000 2020/21 2021/22 2022/23 2023/24 2024/25 Jul-24 Aug-24 Sep-24 Oct-24 Nov-24 Dec-24 Jan-25 Feb-25 Mar-25 Apr-25 May-25 Jun-25 SAIDI SAIDI BenchmBarekn c(1h.5m0a)rk EPERPAR Ata rtgaergt e(t3.25),AAnnnnuuaall SSAAIIDDII PPeerrffoorrmmaannccee MMoonntthhllyy SSAAIIDDII PPeerrffoorrmmaannccee 12 10.139 9.828 9.423 14.000 12.44 10 8.711 8.373 12.000 10.624 10.505 9.922 9.997 8 10.000 8.768 9.301 8.862 8.929 8.971 sruoH 7.438 7.313 6 8.000 6.000 4 4.000 2 2.000 0 0.000 2020/21 2021/22 2022/23 2023/24 2024/25 Jul-24 Aug-24 Sep-24 Oct-24 Nov-24 Dec-24 Jan-25 Feb-25 Mar-25 Apr-25 May-25 Jun-25 SAIDI SAIDI BenchmBarekn c(1h.5m0a)rk EPERPAR Ata rtgaergt e(t3.25),,,,,,,,,,,,,,,,,,,
2951,Statistics-Report-June-2025-Web.pdf,25,2,1,8.711 8.373,,,,,,8.711 8.373,,,,,,,,,,,,,,
2952,Statistics-Report-June-2025-Web.pdf,25,2,2,10.624 10.505 9.922 | 9.997,,,,,,10.624 10.505 9.922,,,,,,,,,,,,,,
2953,Statistics-Report-June-2025-Web.pdf,25,2,3,9.301 8 | .862 | 8.929 | 8.971,,,,,,9.301 8,,,.862,,,,,,,,8.929,,,
2954,Statistics-Report-June-2025-Web.pdf,25,2,4,7.438 | 7.313,,,7.438,,,,,,,,,,,,,,,,,
2955,Statistics-Report-June-2025-Web.pdf,25,3,1,snoitpurretnI fo .oN | MMoonntthhllyy SSAAIIFFII 5.000 4.592 4.214 4.086 4.000 3.480 3.730 3.659 3.808 3.716 3.575 3.697 3.029 3.000 2.484 2.000 1.000 0.000 Jul-24 Aug-24 Sep-24 Oct-24 Nov-24 Dec-24 Jan-25 Feb-25 Mar-25 Apr-25 May-25 Jun-25 SAIFI Benchmark (1.10) EPRA target (1.63),snoitpurretnI fo .oN,,MMoonntthhllyy SSAAIIFFII 5.000 4.592 4.214 4.086 4.000 3.480 3.730 3.659 3.808 3.716 3.575 3.697 3.029 3.000 2.484 2.000 1.000 0.000 Jul-24 Aug-24 Sep-24 Oct-24 Nov-24 Dec-24 Jan-25 Feb-25 Mar-25 Apr-25 May-25 Jun-25 SAIFI Benchmark (1.10) EPRA target (1.63),,,,,,,,,,,,,,,,,
2956,Statistics-Report-June-2025-Web.pdf,27,1,1,Customer category | Voltage at connection | Energy Limit (kWh/month) | Base Tariff (Ksh) | Demand Charge (Ksh),Customer category,Voltage at connection,Energy Limit (kWh/month),Base Tariff (Ksh),Demand Charge (Ksh),,,,,,,,,,,,,,,
2957,Statistics-Report-June-2025-Web.pdf,27,1,2,Domestic | 240 Volts/415 Volts | 0-30 | 12.23 | 0,Domestic,240 Volts/415 Volts,0-30,12.23,0,,,,,,,,,,,,,,,
2958,Statistics-Report-June-2025-Web.pdf,27,1,3,30-100 | 16.54 | 0,,,30-100,16.54,0,,,,,,,,,,,,,,,
2959,Statistics-Report-June-2025-Web.pdf,27,1,4,>100 | 19.08 | 0,,,>100,19.08,0,,,,,,,,,,,,,,,
2960,Statistics-Report-June-2025-Web.pdf,27,1,5,Small Commercial | 240 Volts/415 Volts | 0-30 | 12.23 | 0,Small Commercial,240 Volts/415 Volts,0-30,12.23,0,,,,,,,,,,,,,,,
2961,Statistics-Report-June-2025-Web.pdf,27,1,6,30-100 | 16.34 | 0,,,30-100,16.34,0,,,,,,,,,,,,,,,
2962,Statistics-Report-June-2025-Web.pdf,27,1,7,>100 | 19.40 | 0,,,>100,19.40,0,,,,,,,,,,,,,,,
2963,Statistics-Report-June-2025-Web.pdf,27,1,8,"Electric Mobility | 240 Volts/415 Volts | 200-15,000 | 16.00 | 0",Electric Mobility,240 Volts/415 Volts,"200-15,000",16.00,0,,,,,,,,,,,,,,,
2964,Statistics-Report-June-2025-Web.pdf,27,1,9,"Commercial/Industrial | 415 Volts | >15,000 | 13.74 | 1,100",Commercial/Industrial,415 Volts,">15,000",13.74,"1,100",,,,,,,,,,,,,,,
2965,Statistics-Report-June-2025-Web.pdf,27,1,10,"11,000 Volts | No Limit | 12.44 | 700",,"11,000 Volts",No Limit,12.44,700,,,,,,,,,,,,,,,
2966,Statistics-Report-June-2025-Web.pdf,27,1,11,"33,000 Volts | No Limit | 11.92 | 370",,"33,000 Volts",No Limit,11.92,370,,,,,,,,,,,,,,,
2967,Statistics-Report-June-2025-Web.pdf,27,1,12,"66,000 Volts | No Limit | 11.68 | 300",,"66,000 Volts",No Limit,11.68,300,,,,,,,,,,,,,,,
2968,Statistics-Report-June-2025-Web.pdf,27,1,13,"132,000 Volts | No Limit | 11.40 | 300",,"132,000 Volts",No Limit,11.40,300,,,,,,,,,,,,,,,
2969,Statistics-Report-June-2025-Web.pdf,27,1,14,"220,000 Volts | No Limit | 10.00 | 200",,"220,000 Volts",No Limit,10.00,200,,,,,,,,,,,,,,,
2970,Statistics-Report-June-2025-Web.pdf,27,1,15,Street Lighting | 240Volts/415 Volts | No Limit | 9.23 | 0,Street Lighting,240Volts/415 Volts,No Limit,9.23,0,,,,,,,,,,,,,,,
2971,Statistics-Report-June-2025-Web.pdf,27,2,1,Month | FEC (Ksh./Kwh) | Forex Adj. (Ksh./Kwh) | Inflation Adj. (Ksh./Kwh) | WRMA Levy (Ksh./Kwh),Month,FEC (Ksh./Kwh),Forex Adj. (Ksh./Kwh),Inflation Adj. (Ksh./Kwh),WRMA Levy (Ksh./Kwh),,,,,,,,,,,,,,,
2972,Statistics-Report-June-2025-Web.pdf,27,2,2,Jul-24 | 3.25 | 0.9833 | 0.38 | 0.0169,Jul-24,3.25,0.9833,0.38,0.0169,,,,,,,,,,,,,,,
2973,Statistics-Report-June-2025-Web.pdf,27,2,3,Aug-24 | 3.48 | 1.171 | 0.38 | 0.0178,Aug-24,3.48,1.171,0.38,0.0178,,,,,,,,,,,,,,,
2974,Statistics-Report-June-2025-Web.pdf,27,2,4,Sep-24 | 3.43 | 1.0332 | 0.38 | 0.0156,Sep-24,3.43,1.0332,0.38,0.0156,,,,,,,,,,,,,,,
2975,Statistics-Report-June-2025-Web.pdf,27,2,5,Oct-24 | 3.39 | 1.1489 | 0.38 | 0.0139,Oct-24,3.39,1.1489,0.38,0.0139,,,,,,,,,,,,,,,
2976,Statistics-Report-June-2025-Web.pdf,27,2,6,Nov-24 | 3.72 | 0.6904 | 0.38 | 0.0134,Nov-24,3.72,0.6904,0.38,0.0134,,,,,,,,,,,,,,,
2977,Statistics-Report-June-2025-Web.pdf,27,2,7,Dec-24 | 3.57 | 1.014 | 0.38 | 0.0135,Dec-24,3.57,1.014,0.38,0.0135,,,,,,,,,,,,,,,
2978,Statistics-Report-June-2025-Web.pdf,27,2,8,Jan-25 | 3.55 | 0.8308 | 0.4 | 0.0145,Jan-25,3.55,0.8308,0.4,0.0145,,,,,,,,,,,,,,,
2979,Statistics-Report-June-2025-Web.pdf,27,2,9,Feb-25 | 3.36 | 0.6964 | 0.4 | 0.0138,Feb-25,3.36,0.6964,0.4,0.0138,,,,,,,,,,,,,,,
2980,Statistics-Report-June-2025-Web.pdf,27,2,10,Mar-25 | 3.49 | 0.807 | 0.4 | 0.0128,Mar-25,3.49,0.807,0.4,0.0128,,,,,,,,,,,,,,,
2981,Statistics-Report-June-2025-Web.pdf,27,2,11,Apr-25 | 4.14 | 1.007 | 0.4 | 0.0134,Apr-25,4.14,1.007,0.4,0.0134,,,,,,,,,,,,,,,
2982,Statistics-Report-June-2025-Web.pdf,27,2,12,May-25 | 3.67 | 1.2818 | 0.4 | 0.0146,May-25,3.67,1.2818,0.4,0.0146,,,,,,,,,,,,,,,
2983,Statistics-Report-June-2025-Web.pdf,27,2,13,Jun-25 | 3.8 | 0.7015 | 0.4 | 0.0163,Jun-25,3.8,0.7015,0.4,0.0163,,,,,,,,,,,,,,,
2984,Statistics-Report-June-2025-Web.pdf,29,1,1,Description | Savings by Customers | Increase in Sales | Increase in demand,Description,Savings by Customers,Increase in Sales,Increase in demand,,,,,,,,,,,,,,,,
2985,Statistics-Report-June-2025-Web.pdf,29,1,2,Unit of measure | Ksh. Million | GWh | MW,Unit of measure,Ksh. Million,GWh,MW,,,,,,,,,,,,,,,,
2986,Statistics-Report-June-2025-Web.pdf,29,1,3,Jul-24 | 149.7 | 19 | 52.4,Jul-24,149.7,19,52.4,,,,,,,,,,,,,,,,
2987,Statistics-Report-June-2025-Web.pdf,29,1,4,Aug-24 | 98.5 | 11.5 | 31.2,Aug-24,98.5,11.5,31.2,,,,,,,,,,,,,,,,
2988,Statistics-Report-June-2025-Web.pdf,29,1,5,Sep-24 | 88.2 | 10.8 | 30,Sep-24,88.2,10.8,30,,,,,,,,,,,,,,,,
2989,Statistics-Report-June-2025-Web.pdf,29,1,6,0ct-24 | 100.6 | 12 | 32.3,0ct-24,100.6,12,32.3,,,,,,,,,,,,,,,,
2990,Statistics-Report-June-2025-Web.pdf,29,1,7,Nov-24 | 117.1 | 14.2 | 40,Nov-24,117.1,14.2,40,,,,,,,,,,,,,,,,
2991,Statistics-Report-June-2025-Web.pdf,29,1,8,Dec-24 | 134.6 | 17.5 | 43.9,Dec-24,134.6,17.5,43.9,,,,,,,,,,,,,,,,
2992,Statistics-Report-June-2025-Web.pdf,29,1,9,Jan-25 | 173.8 | 21.5 | 59.3,Jan-25,173.8,21.5,59.3,,,,,,,,,,,,,,,,
2993,Statistics-Report-June-2025-Web.pdf,29,1,10,Feb-25 | 76.1 | 9.2 | 28,Feb-25,76.1,9.2,28,,,,,,,,,,,,,,,,
2994,Statistics-Report-June-2025-Web.pdf,29,1,11,Mar-25 | 150.4 | 19.9 | 52.6,Mar-25,150.4,19.9,52.6,,,,,,,,,,,,,,,,
2995,Statistics-Report-June-2025-Web.pdf,29,1,12,Apr-25 | 91.3 | 11.8 | 32.3,Apr-25,91.3,11.8,32.3,,,,,,,,,,,,,,,,
2996,Statistics-Report-June-2025-Web.pdf,29,1,13,May-25 | 155.2 | 20.1 | 53.9,May-25,155.2,20.1,53.9,,,,,,,,,,,,,,,,
2997,Statistics-Report-June-2025-Web.pdf,29,1,14,Jun-25 | 102.5 | 12.8 | 35.6,Jun-25,102.5,12.8,35.6,,,,,,,,,,,,,,,,
2998,Statistics-Report-June-2025-Web.pdf,29,2,1,Description | Unit of Measure | Customers in Tariff | 2021/22 | 2022/23 | 2023/24 | 2024/25,Description,Unit of Measure,Customers in Tariff,2021/22,2022/23,2023/24,2024/25,,,,,,,,,,,,,
2999,Statistics-Report-June-2025-Web.pdf,29,2,2,Total no. of customers benefited by tariff category | Average No. of Beneficiaries,Total no. of customers benefited by tariff category,,,,Average No. of Beneficiaries,,,,,,,,,,,,,,,
3000,Statistics-Report-June-2025-Web.pdf,29,2,3,"SC3 | No | 4,736 | 0 | 495 | 1,168 | 1,229",SC3,No,"4,736",0,495,"1,168","1,229",,,,,,,,,,,,,
3001,Statistics-Report-June-2025-Web.pdf,29,2,4,EM | No. | 30 | 0 | 0 | 22 | 44,EM,No.,30,0,0,22,44,,,,,,,,,,,,,
3002,Statistics-Report-June-2025-Web.pdf,29,2,5,"CI-1 | No | 3,277 | 1,211 | 1,091 | 843 | 864",CI-1,No,"3,277","1,211","1,091",843,864,,,,,,,,,,,,,
3003,Statistics-Report-June-2025-Web.pdf,29,2,6,CI-2 | No | 539 | 216 | 197 | 177 | 155,CI-2,No,539,216,197,177,155,,,,,,,,,,,,,
3004,Statistics-Report-June-2025-Web.pdf,29,2,7,CI-3 | No | 86 | 27 | 34 | 27 | 28,CI-3,No,86,27,34,27,28,,,,,,,,,,,,,
3005,Statistics-Report-June-2025-Web.pdf,29,2,8,CI-4 | No | 47 | 19 | 16 | 16 | 15,CI-4,No,47,19,16,16,15,,,,,,,,,,,,,
3006,Statistics-Report-June-2025-Web.pdf,29,2,9,CI-5 | No | 50 | 9 | 10 | 4 | 4,CI-5,No,50,9,10,4,4,,,,,,,,,,,,,
3007,Statistics-Report-June-2025-Web.pdf,29,2,10,"Savings By Customers | Kshs ‘M (VAT Inclusive) | 1,575 | 1,417 | 1,838 | 1,438",Savings By Customers,Kshs ‘M (VAT Inclusive),,"1,575","1,417","1,838","1,438",,,,,,,,,,,,,
3008,Statistics-Report-June-2025-Web.pdf,29,2,11,Total Increase in Sales (Low Rate) | GWh | 270 | 255 | 225 | 180.1,Total Increase in Sales (Low Rate),GWh,,270,255,225,180.1,,,,,,,,,,,,,
3009,Statistics-Report-June-2025-Web.pdf,30,1,2,Market Share 2.27% 2.94% 3.40% 5.87% KENGEN ETHIOPIA 6.14% UETCL 9.99% LAKE TURKANA WIND POWER 58.97% ORPOWER4 8.86% RABAI POWER 1.57% KIPETO ENERGY PLC SOSIAN MENENGAI GEOTHERMAL OTHERS,Market Share 2.27% 2.94% 3.40% 5.87% KENGEN ETHIOPIA 6.14% UETCL 9.99% LAKE TURKANA WIND POWER 58.97% ORPOWER4 8.86% RABAI POWER 1.57% KIPETO ENERGY PLC SOSIAN MENENGAI GEOTHERMAL OTHERS,,,,,,,,,,,,,,,,,,,
3010,Statistics-Report-June-2025-Web.pdf,30,2,1,Company | 2020/ 2021 | 2021/ 2022 | 2022/ 2023 | 2023/ 2024 | 2024/ 2025,Company,2020/ 2021,,2021/ 2022,,2022/ 2023,,2023/ 2024,,2024/ 2025,,,,,,,,,,
3011,Statistics-Report-June-2025-Web.pdf,30,2,2,Company | GWh | % Share | GWh | % Share | GWh | % Share | GWh | % Share | GWh | % Share,Company,GWh,% Share,GWh,% Share,GWh,% Share,GWh,% Share,GWh,% Share,,,,,,,,,
3012,Statistics-Report-June-2025-Web.pdf,30,2,3,"KenGen | 7,695.58 | 63.94% | 7,921.02 | 62.91% | 8,026.86 | 60.74% | 8,383.50 | 61.66% | 8,481.13 | 58.97%",KenGen,"7,695.58",63.94%,"7,921.02",62.91%,"8,026.86",60.74%,"8,383.50",61.66%,"8,481.13",58.97%,,,,,,,,,
3013,Statistics-Report-June-2025-Web.pdf,30,2,4,"Lake Turkana Wind Power | 2,594.88 | 21.56% | 1,572.83 | 12.49% | 1,678.32 | 12.70% | 1,325.88 | 9.75% | 1,436.57 | 9.99%",Lake Turkana Wind Power,"2,594.88",21.56%,"1,572.83",12.49%,"1,678.32",12.70%,"1,325.88",9.75%,"1,436.57",9.99%,,,,,,,,,
3014,Statistics-Report-June-2025-Web.pdf,30,2,5,"Imports | 123.78 | 1.03% | 337.50 | 2.68% | 644.07 | 4.87% | 1,196.06 | 8.80% | 1,533.85 | 10.66%",Imports,123.78,1.03%,337.50,2.68%,644.07,4.87%,"1,196.06",8.80%,"1,533.85",10.66%,,,,,,,,,
3015,Statistics-Report-June-2025-Web.pdf,30,2,6,Orpower | 891.45 | 7.41% | 975.80 | 7.75% | 939.23 | 7.11% | 793.5 | 5.84% | 883.24 | 6.14%,Orpower,891.45,7.41%,975.80,7.75%,939.23,7.11%,793.5,5.84%,883.24,6.14%,,,,,,,,,
3016,Statistics-Report-June-2025-Web.pdf,30,2,7,Rabai Power | 237.54 | 1.97% | 501.77 | 3.98% | 446.01 | 3.38% | 440.62 | 3.24% | 489.29 | 3.40%,Rabai Power,237.54,1.97%,501.77,3.98%,446.01,3.38%,440.62,3.24%,489.29,3.40%,,,,,,,,,
3017,Statistics-Report-June-2025-Web.pdf,30,2,8,Kipeto Energy PLC | 87.59 | 0.73% | 425.68 | 3.38% | 466.1 | 3.53% | 404.44 | 2.97% | 422.52 | 2.94%,Kipeto Energy PLC,87.59,0.73%,425.68,3.38%,466.1,3.53%,404.44,2.97%,422.52,2.94%,,,,,,,,,
3018,Statistics-Report-June-2025-Web.pdf,30,2,9,Sosian Menengai Geothermal | - | - | - | - | 6.17 | 0.05% | 281.6 | 2.07% | 326.2 | 2.27%,Sosian Menengai Geothermal,-,-,-,-,6.17,0.05%,281.6,2.07%,326.2,2.27%,,,,,,,,,
3019,Statistics-Report-June-2025-Web.pdf,30,2,10,Thika Power | 43.98 | 0.37% | 210.97 | 1.68% | 194.38 | 1.47% | 120.6 | 0.89% | 133.47 | 0.93%,Thika Power,43.98,0.37%,210.97,1.68%,194.38,1.47%,120.6,0.89%,133.47,0.93%,,,,,,,,,
3020,Statistics-Report-June-2025-Web.pdf,30,2,11,Alten Kenya Solar Farm | - | - | - | - | 79.17 | 0.60% | 100.27 | 0.74% | 107.57 | 0.75%,Alten Kenya Solar Farm,-,-,-,-,79.17,0.60%,100.27,0.74%,107.57,0.75%,,,,,,,,,
3021,Statistics-Report-June-2025-Web.pdf,31,1,1,Company | 2020/ 2021 | 2021/ 2022 | 2022/ 2023 | 2023/ 2024 | 2024/ 2025,Company,2020/ 2021,,2021/ 2022,,2022/ 2023,,2023/ 2024,,2024/ 2025,,,,,,,,,,
3022,Statistics-Report-June-2025-Web.pdf,31,1,2,Company | GWh | % Share | GWh | % Share | GWh | % Share | GWh | % Share | GWh | % Share,Company,GWh,% Share,GWh,% Share,GWh,% Share,GWh,% Share,GWh,% Share,,,,,,,,,
3023,Statistics-Report-June-2025-Web.pdf,31,1,3,Malindi Solar Group | - | - | 53.64 | 0.43% | 98.91 | 0.75% | 98.7 | 0.73% | 96.57 | 0.67%,Malindi Solar Group,-,-,53.64,0.43%,98.91,0.75%,98.7,0.73%,96.57,0.67%,,,,,,,,,
3024,Statistics-Report-June-2025-Web.pdf,31,1,4,Cedate | - | - | 88.11 | 0.70% | 93.85 | 0.71% | 95.52 | 0.70% | 92.24 | 0.64%,Cedate,-,-,88.11,0.70%,93.85,0.71%,95.52,0.70%,92.24,0.64%,,,,,,,,,
3025,Statistics-Report-June-2025-Web.pdf,31,1,5,Selenkei Solar Farm | 1.50 | 0.01% | 88.56 | 0.70% | 85.74 | 0.65% | 94.47 | 0.69% | 93.73 | 0.65%,Selenkei Solar Farm,1.50,0.01%,88.56,0.70%,85.74,0.65%,94.47,0.69%,93.73,0.65%,,,,,,,,,
3026,Statistics-Report-June-2025-Web.pdf,31,1,6,REREC | 79.85 | 0.66% | 82.38 | 0.65% | 85.86 | 0.65% | 84.3 | 0.62% | 82.88 | 0.58%,REREC,79.85,0.66%,82.38,0.65%,85.86,0.65%,84.3,0.62%,82.88,0.58%,,,,,,,,,
3027,Statistics-Report-June-2025-Web.pdf,31,1,7,Gulf Power | 19.25 | 0.16% | 81.45 | 0.65% | 170.42 | 1.29% | 53.01 | 0.39% | 42.29 | 0.29%,Gulf Power,19.25,0.16%,81.45,0.65%,170.42,1.29%,53.01,0.39%,42.29,0.29%,,,,,,,,,
3028,Statistics-Report-June-2025-Web.pdf,31,1,8,IberAfrica | 40.26 | 0.33% | 85.77 | 0.68% | 115.52 | 0.87% | 37.85 | 0.28% | 59.58 | 0.41%,IberAfrica,40.26,0.33%,85.77,0.68%,115.52,0.87%,37.85,0.28%,59.58,0.41%,,,,,,,,,
3029,Statistics-Report-June-2025-Web.pdf,31,1,9,Triumph Power | 20.72 | 0.17% | 69.50 | 0.55% | 35.11 | 0.27% | 25.56 | 0.19% | 46.91 | 0.33%,Triumph Power,20.72,0.17%,69.50,0.55%,35.11,0.27%,25.56,0.19%,46.91,0.33%,,,,,,,,,
3030,Statistics-Report-June-2025-Web.pdf,31,1,10,Regen-Terem | 18.81 | 0.16% | 15.43 | 0.12% | 20.32 | 0.15% | 22.88 | 0.17% | 21.98 | 0.15%,Regen-Terem,18.81,0.16%,15.43,0.12%,20.32,0.15%,22.88,0.17%,21.98,0.15%,,,,,,,,,
3031,Statistics-Report-June-2025-Web.pdf,31,1,11,North Mathia Shp (Metumi) | 11.13 | 0.09% | 9.91 | 0.08% | 14.48 | 0.11% | 16.99 | 0.10% | 15.06 | 0.10%,North Mathia Shp (Metumi),11.13,0.09%,9.91,0.08%,14.48,0.11%,16.99,0.10%,15.06,0.10%,,,,,,,,,
3032,Statistics-Report-June-2025-Web.pdf,31,1,12,Gura | 10.52 | 0.09% | 19.60 | 0.16% | 11.1 | 0.08% | 13.89 | 0.02% | 12.81 | 0.09%,Gura,10.52,0.09%,19.60,0.16%,11.1,0.08%,13.89,0.02%,12.81,0.09%,,,,,,,,,
3033,Statistics-Report-June-2025-Web.pdf,31,1,13,Kiathumbi Small Hydro | 0.36 | 0.00% | 2.00 | 0.02% | 1.46 | 0.01% | 3.22 | 0.01% | 3.15 | 0.02%,Kiathumbi Small Hydro,0.36,0.00%,2.00,0.02%,1.46,0.01%,3.22,0.01%,3.15,0.02%,,,,,,,,,
3034,Statistics-Report-June-2025-Web.pdf,31,1,14,Gikira Small Hydro Power Station | 1.69 | 0.01% | 0.89 | 0.01% | 0.99 | 0.01% | 1.55 | 0.01% | 1.4 | 0.01%,Gikira Small Hydro Power Station,1.69,0.01%,0.89,0.01%,0.99,0.01%,1.55,0.01%,1.4,0.01%,,,,,,,,,
3035,Statistics-Report-June-2025-Web.pdf,31,1,15,Chania | 1.07 | 0.01% | 0.56 | 0.00% | 0.25 | 0.00% | 1.18 | 0.00% | 0.81 | 0.01%,Chania,1.07,0.01%,0.56,0.00%,0.25,0.00%,1.18,0.00%,0.81,0.01%,,,,,,,,,
3036,Statistics-Report-June-2025-Web.pdf,31,1,16,Imenti Tea Factory Co. | 0.46 | 0.00% | 0.15 | 0.00% | 0.25 | 0.00% | 0.11 | 0.00% | 0.01 | 0.00%,Imenti Tea Factory Co.,0.46,0.00%,0.15,0.00%,0.25,0.00%,0.11,0.00%,0.01,0.00%,,,,,,,,,
3037,Statistics-Report-June-2025-Web.pdf,31,1,17,Biojules Biogas Power Plant | 0.30 | 0.00% | 0.38 | 0.00% | 0.21 | 0.00% | 0.11 | 0.00% | 0.003 | 0.00%,Biojules Biogas Power Plant,0.30,0.00%,0.38,0.00%,0.21,0.00%,0.11,0.00%,0.003,0.00%,,,,,,,,,
3038,Statistics-Report-June-2025-Web.pdf,31,1,18,Strathmore | 0.08 | 0.00% | 0.05 | 0.00% | 0.08 | 0.00% | 0.08 | 0.00% | 0.07 | 0.00%,Strathmore,0.08,0.00%,0.05,0.00%,0.08,0.00%,0.08,0.00%,0.07,0.00%,,,,,,,,,
3039,Statistics-Report-June-2025-Web.pdf,31,1,19,Kipevu II | 154.53 | 1.28% | 47.76 | 0.38% | - | 0.00% | - | 0.00% | - | 0.00%,Kipevu II,154.53,1.28%,47.76,0.38%,-,0.00%,-,0.00%,-,0.00%,,,,,,,,,
3040,Statistics-Report-June-2025-Web.pdf,31,1,20,"Total | 12,035.33 | 1.00 | 12,591.72 | 1.00 | 13,214.86 | 1.00 | 13,595.89 | 1.00 | 14,383.33 | 1.00",Total,"12,035.33",1.00,"12,591.72",1.00,"13,214.86",1.00,"13,595.89",1.00,"14,383.33",1.00,,,,,,,,,
3041,Statistics-Report-June-2025-Web.pdf,33,1,1,2018 | 2019 | 2020 | 2021 | 2022 | Jun-23 | Jun-24 | Dec-24 | Jun-25,,2018,2019,2020,2021,2022,Jun-23,Jun-24,Dec-24,Jun-25,,,,,,,,,,
3042,Statistics-Report-June-2025-Web.pdf,33,1,2,Burundi | 91.36 | 91.36 | 98.86 | 113.86 | 112.377 | 112.377 | 159.82 | 159.82 | 159.82,Burundi,91.36,91.36,98.86,113.86,112.377,112.377,159.82,159.82,159.82,,,,,,,,,,
3043,Statistics-Report-June-2025-Web.pdf,33,1,3,DR Congo | 2569.8 | 2569.8 | 2608.8 | 2625.8 | 2980.7 | 3238.9 | 3238.9 | 3238.9 | 3238.90,DR Congo,2569.8,2569.8,2608.8,2625.8,2980.7,3238.9,3238.9,3238.9,3238.90,,,,,,,,,,
3044,Statistics-Report-June-2025-Web.pdf,33,1,4,Kenya | 2351 | 2712 | 2840 | 2984 | 3121 | 3084.65 | 3199.9 | 3199.9 | 3192.00,Kenya,2351,2712,2840,2984,3121,3084.65,3199.9,3199.9,3192.00,,,,,,,,,,
3045,Statistics-Report-June-2025-Web.pdf,33,1,5,Rwanda | 208.68 | 225.8 | 228.418 | 238.37 | 276.07 | 353.4 | 406.4 | 466.402 | 466.40,Rwanda,208.68,225.8,228.418,238.37,276.07,353.4,406.4,466.402,466.40,,,,,,,,,,
3046,Statistics-Report-June-2025-Web.pdf,33,1,6,Tanzania | 1518.2 | 1602.71 | 1601.8 | 1609.25 | 1824.2 | 1862.85 | 2410.27 | 2692.332 | 3091.71,Tanzania,1518.2,1602.71,1601.8,1609.25,1824.2,1862.85,2410.27,2692.332,3091.71,,,,,,,,,,
3047,Statistics-Report-June-2025-Web.pdf,33,1,7,Uganda | 984 | 1252.6 | 1269.1 | 1365.2 | 1401.96 | 1609.85 | 2069.56 | 2069.56 | 2056.35,Uganda,984,1252.6,1269.1,1365.2,1401.96,1609.85,2069.56,2069.56,2056.35,,,,,,,,,,
3048,Statistics-Report-June-2025-Web.pdf,33,1,8,Zanzibar | 25 | 25 | 25 | 25 | 25 | 25 | 25 | 25 | 25.13,Zanzibar,25,25,25,25,25,25,25,25,25.13,,,,,,,,,,
3049,Statistics-Report-June-2025-Web.pdf,33,1,9,Total | 7748.04 | 8479.27 | 8671.98 | 8961.48 | 9741.31 | 10287.03 | 11509.85 | 11851.9 | 12230.31,Total,7748.04,8479.27,8671.98,8961.48,9741.31,10287.03,11509.85,11851.9,12230.31,,,,,,,,,,
3050,Statistics-Report-June-2025-Web.pdf,33,2,2,EEnneerrggyy mmiixx ffoorr tthhee EEAACC rreeggiioonn Non Renewable 19% Renewable Non Renewable Renewable 81%,,EEnneerrggyy mmiixx ffoorr tthhee EEAACC rreeggiioonn Non Renewable 19% Renewable Non Renewable Renewable 81%,,,,,,,,,,,,,,,,,,
3051,Statistics-Report-June-2025-Web.pdf,34,1,1,Source | Capacity (MW) | %,Source,Capacity (MW),%,,,,,,,,,,,,,,,,,
3052,Statistics-Report-June-2025-Web.pdf,34,1,2,"Hydro | 7,508.84 | 65.15%",Hydro,"7,508.84",65.15%,,,,,,,,,,,,,,,,,
3053,Statistics-Report-June-2025-Web.pdf,34,1,3,"Natural Gas | 1,095.61 | 9.51%",Natural Gas,"1,095.61",9.51%,,,,,,,,,,,,,,,,,
3054,Statistics-Report-June-2025-Web.pdf,34,1,4,"Thermal | 1,046.63 | 9.08%",Thermal,"1,046.63",9.08%,,,,,,,,,,,,,,,,,
3055,Statistics-Report-June-2025-Web.pdf,34,1,5,Geothermal | 940.00 | 8.16%,Geothermal,940.00,8.16%,,,,,,,,,,,,,,,,,
3056,Statistics-Report-June-2025-Web.pdf,34,1,6,Wind | 438.50 | 3.80%,Wind,438.50,3.80%,,,,,,,,,,,,,,,,,
3057,Statistics-Report-June-2025-Web.pdf,34,1,7,Solar PV | 328.71 | 2.85%,Solar PV,328.71,2.85%,,,,,,,,,,,,,,,,,
3058,Statistics-Report-June-2025-Web.pdf,34,1,8,Biomass | 167.49 | 1.45%,Biomass,167.49,1.45%,,,,,,,,,,,,,,,,,
3059,Statistics-Report-June-2025-Web.pdf,35,1,6,2018 | 2019 | 2020 | 2021 | 2022 | 2023 | Jun-24 | Jun-25,,2018,2019,2020,2021,2022,2023,Jun-24,Jun-25,,,,,,,,,,,
3060,Statistics-Report-June-2025-Web.pdf,35,1,7,Burundi | 65.20 | 65.20 | 65.20 | 65.20 | 65.20 | 65.20 | 70.00 | 70.00,Burundi,65.20,65.20,65.20,65.20,65.20,65.20,70.00,70.00,,,,,,,,,,,
3061,Statistics-Report-June-2025-Web.pdf,35,1,8,DRC | 2174.17 | 2174.17 | 2174.17 | 2174.17 | 2174.17 | 2174.17 | 2174.17 | 2174.17,DRC,2174.17,2174.17,2174.17,2174.17,2174.17,2174.17,2174.17,2174.17,,,,,,,,,,,
3062,Statistics-Report-June-2025-Web.pdf,35,1,9,Kenya | 1802.00 | 1882.00 | 1926.00 | 1994.00 | 2149.00 | 2149.00 | 2177.00 | 2316.00,Kenya,1802.00,1882.00,1926.00,1994.00,2149.00,2149.00,2177.00,2316.00,,,,,,,,,,,
3063,Statistics-Report-June-2025-Web.pdf,35,1,10,Rwanda | 138.71 | 140.61 | 151.00 | 164.40 | 178.71 | 210.94 | 234.00 | 262.00,Rwanda,138.71,140.61,151.00,164.40,178.71,210.94,234.00,262.00,,,,,,,,,,,
3064,Statistics-Report-June-2025-Web.pdf,35,1,11,Tanzania | 1045.70 | 1116.58 | 1151.66 | 1201.02 | 1354.61 | 1482.80 | 1645.00 | 1944.00,Tanzania,1045.70,1116.58,1151.66,1201.02,1354.61,1482.80,1645.00,1944.00,,,,,,,,,,,
3065,Statistics-Report-June-2025-Web.pdf,35,1,12,Uganda | 645.40 | 723.80 | 736.70 | 794.00 | 843.00 | 863.00 | 1063.00 | 1176.00,Uganda,645.40,723.80,736.70,794.00,843.00,863.00,1063.00,1176.00,,,,,,,,,,,
3066,Statistics-Report-June-2025-Web.pdf,35,1,13,Zanzibar | 76.50 | 85.35 | 80.67 | 88.44 | 90.00 | 112.13 | 112.00 | 131.00,Zanzibar,76.50,85.35,80.67,88.44,90.00,112.13,112.00,131.00,,,,,,,,,,,
3067,Statistics-Report-June-2025-Web.pdf,36,1,1,Country | RGI | RSI | ERIGS | ROI | ERI | RANK,Country,RGI,RSI,ERIGS,ROI,ERI,RANK,,,,,,,,,,,,,
3068,Statistics-Report-June-2025-Web.pdf,36,1,2,Senegal | 0.927 | 0.949 | 0.938 | 0.848 | 0.8920 | 1,Senegal,0.927,0.949,0.938,0.848,0.8920,1,,,,,,,,,,,,,
3069,Statistics-Report-June-2025-Web.pdf,36,1,3,Kenya | 0.916 | 0.946 | 0.931 | 0.854 | 0.8915 | 2,Kenya,0.916,0.946,0.931,0.854,0.8915,2,,,,,,,,,,,,,
3070,Statistics-Report-June-2025-Web.pdf,36,1,4,Uganda | 0.963 | 0.988 | 0.976 | 0.749 | 0.8550 | 3,Uganda,0.963,0.988,0.976,0.749,0.8550,3,,,,,,,,,,,,,
3071,Statistics-Report-June-2025-Web.pdf,36,1,5,Namibia | 0.871 | 0.883 | 0.877 | 0.788 | 0.8310 | 4,Namibia,0.871,0.883,0.877,0.788,0.8310,4,,,,,,,,,,,,,
3072,Statistics-Report-June-2025-Web.pdf,36,1,6,Tanzania | 0.927 | 0.773 | 0.850 | 0.797 | 0.8230 | 5,Tanzania,0.927,0.773,0.850,0.797,0.8230,5,,,,,,,,,,,,,
3073,Statistics-Report-June-2025-Web.pdf,36,1,7,Zimbabwe | 0.813 | 0.822 | 0.817 | 0.818 | 0.8180 | 6,Zimbabwe,0.813,0.822,0.817,0.818,0.8180,6,,,,,,,,,,,,,
3074,Statistics-Report-June-2025-Web.pdf,36,1,8,Rwanda | 0.909 | 0.990 | 0.949 | 0.691 | 0.8100 | 7,Rwanda,0.909,0.990,0.949,0.691,0.8100,7,,,,,,,,,,,,,
3075,Statistics-Report-June-2025-Web.pdf,36,1,9,Benin | 0.889 | 0.849 | 0.868 | 0.747 | 0.8050 | 8,Benin,0.889,0.849,0.868,0.747,0.8050,8,,,,,,,,,,,,,
3076,Statistics-Report-June-2025-Web.pdf,36,1,10,Liberia | 0.864 | 0.801 | 0.833 | 0.769 | 0.8000 | 9,Liberia,0.864,0.801,0.833,0.769,0.8000,9,,,,,,,,,,,,,
3077,Statistics-Report-June-2025-Web.pdf,36,1,11,Niger | 0.881 | 0.746 | 0.813 | 0.785 | 0.7990 | 10,Niger,0.881,0.746,0.813,0.785,0.7990,10,,,,,,,,,,,,,
3078,Statistics-Report-June-2025-Web.pdf,37,1,1,Technology | Interconnected Capacity (MW) | Captive Capacity (MW) | Offgrid Capacity | Total Installed Capacity | % Total Installed,Technology,Interconnected Capacity (MW),,Captive Capacity (MW),Offgrid Capacity,Total Installed Capacity,% Total Installed,,,,,,,,,,,,,
3079,Statistics-Report-June-2025-Web.pdf,37,1,2,Installed | Effective,,Installed,Effective,,,,,,,,,,,,,,,,,
3080,Statistics-Report-June-2025-Web.pdf,37,1,3,Hydro | 839.5 | 809.7 | 33.0 | 0.1 | 872.5 | 23.97%,Hydro,839.5,809.7,33.0,0.1,872.5,23.97%,,,,,,,,,,,,,
3081,Statistics-Report-June-2025-Web.pdf,37,1,4,Geothermal | 940.0 | 876.1 | 3.7 | 0.0 | 943.7 | 25.92%,Geothermal,940.0,876.1,3.7,0.0,943.7,25.92%,,,,,,,,,,,,,
3082,Statistics-Report-June-2025-Web.pdf,37,1,5,Wind | 435.5 | 425.5 | - | 0.6 | 436.1 | 11.98%,Wind,435.5,425.5,-,0.6,436.1,11.98%,,,,,,,,,,,,,
3083,Statistics-Report-June-2025-Web.pdf,37,1,6,Solar | 210.3 | 210.3 | 300.5 | 3.4 | 514.1 | 14.12%,Solar,210.3,210.3,300.5,3.4,514.1,14.12%,,,,,,,,,,,,,
3084,Statistics-Report-June-2025-Web.pdf,37,1,7,Bioenergy | 2.0 | 2.0 | 161.8 | 0.0 | 163.8 | 4.50%,Bioenergy,2.0,2.0,161.8,0.0,163.8,4.50%,,,,,,,,,,,,,
3085,Statistics-Report-June-2025-Web.pdf,37,1,8,"Total | 2,427.2 | 2,323.6 | 499.0 | 4.0 | 2,930.2 | 80.48%",Total,"2,427.2","2,323.6",499.0,4.0,"2,930.2",80.48%,,,,,,,,,,,,,
3086,Statistics-Report-June-2025-Web.pdf,38,1,1,415.08,,,,,,,,,,,,,,415.08,,,,,,
3087,Statistics-Report-June-2025-Web.pdf,39,1,4,240.08,,,,,,,,,,,,,,240.08,,,,,,
3088,Statistics-Report-June-2025-Web.pdf,39,2,5,"2,569.18",,,,"2,569.18",,,,,,,,,,,,,,,,
3089,Statistics-Report-June-2025-Web.pdf,40,1,1,158.16 159.35 148.03,,,,,,158.16 159.35 148.03,,,,,,,,,,,,,,
3090,Statistics-Report-June-2025-Web.pdf,40,1,5,109.91,,,,,,,,,,,,,,,,,,109.91,,
3091,Statistics-Report-June-2025-Web.pdf,50,1,1,Basin | Current Number of Blocks | Proposed Number of Blocks,Basin,Current Number of Blocks,Proposed Number of Blocks,,,,,,,,,,,,,,,,,
3092,Statistics-Report-June-2025-Web.pdf,50,1,2,Tertiary Rift | 13 | 12,Tertiary Rift,13,12,,,,,,,,,,,,,,,,,
3093,Statistics-Report-June-2025-Web.pdf,50,1,3,Anza | 8 | 6,Anza,8,6,,,,,,,,,,,,,,,,,
3094,Statistics-Report-June-2025-Web.pdf,50,1,4,Mandera | 5 | 3,Mandera,5,3,,,,,,,,,,,,,,,,,
3095,Statistics-Report-June-2025-Web.pdf,50,1,5,Lamu | 37 | 29,Lamu,37,29,,,,,,,,,,,,,,,,,
3096,Statistics-Report-June-2025-Web.pdf,50,1,6,TOTAL | 63 | 50,TOTAL,63,50,,,,,,,,,,,,,,,,,
3097,Statistics-Report-June-2025-Web.pdf,50,2,1,Category | Blocks within the Category | Total No. of Blocks Within the Category,Category,Blocks within the Category,Total No. of Blocks Within the Category,,,,,,,,,,,,,,,,,
3098,Statistics-Report-June-2025-Web.pdf,50,2,2,"Onshore | L29, L28, L27, L26, L27, L24, L23, L13, L14, L12, L11 | 11",Onshore,"L29, L28, L27, L26, L27, L24, L23, L13, L14, L12, L11",11,,,,,,,,,,,,,,,,,
3099,Statistics-Report-June-2025-Web.pdf,50,2,3,"Transition | L9, L15, L22, L21 | 4",Transition,"L9, L15, L22, L21",4,,,,,,,,,,,,,,,,,
3100,Statistics-Report-June-2025-Web.pdf,50,2,4,"Offshore | L10, L6, L5, L1, L4, L7, L8, L3, L2, L18, L17, L16, L20, L19 | 14",Offshore,"L10, L6, L5, L1, L4, L7, L8, L3, L2, L18, L17, L16, L20, L19",14,,,,,,,,,,,,,,,,,
3101,Statistics-Report-June-2025-Web.pdf,52,1,1,No. | Name of Facility | Capacity (Cubic meters) | Location,No.,Name of Facility,Capacity (Cubic meters),Location,,,,,,,,,,,,,,,,
3102,Statistics-Report-June-2025-Web.pdf,52,1,2,"1. | KOSF | 326,230 | Kipevu",1.,KOSF,"326,230",Kipevu,,,,,,,,,,,,,,,,
3103,Statistics-Report-June-2025-Web.pdf,52,1,3,"2. | KPRL | 264,438 | Changamwe",2.,KPRL,"264,438",Changamwe,,,,,,,,,,,,,,,,
3104,Statistics-Report-June-2025-Web.pdf,52,1,4,"3. | VTTI Kenya Limited | 111,057 | Kipevu",3.,VTTI Kenya Limited,"111,057",Kipevu,,,,,,,,,,,,,,,,
3105,Statistics-Report-June-2025-Web.pdf,52,1,5,"4. | GAPCO Kenya Limited | 105,000 | Shimanzi",4.,GAPCO Kenya Limited,"105,000",Shimanzi,,,,,,,,,,,,,,,,
3106,Statistics-Report-June-2025-Web.pdf,52,1,6,"5. | Vivo Energy Kenya Limited | 100,000 | Shimanzi",5.,Vivo Energy Kenya Limited,"100,000",Shimanzi,,,,,,,,,,,,,,,,
3107,Statistics-Report-June-2025-Web.pdf,52,1,7,"6. | KPRL (Port Reitz) | 100,000 | Kipevu",6.,KPRL (Port Reitz),"100,000",Kipevu,,,,,,,,,,,,,,,,
3108,Statistics-Report-June-2025-Web.pdf,52,1,8,"7. | Total Energies Marketing PLC (MJT) | 44,460 | Shimanzi",7.,Total Energies Marketing PLC (MJT),"44,460",Shimanzi,,,,,,,,,,,,,,,,
3109,Statistics-Report-June-2025-Web.pdf,52,1,9,"8. | Ola Energy Kenya Limited | 42,200 | Shimanzi",8.,Ola Energy Kenya Limited,"42,200",Shimanzi,,,,,,,,,,,,,,,,
3110,Statistics-Report-June-2025-Web.pdf,52,1,10,"9. | Mbaraki Bulk Terminal Limited | 36,000 | Mbaraki",9.,Mbaraki Bulk Terminal Limited,"36,000",Mbaraki,,,,,,,,,,,,,,,,
3111,Statistics-Report-June-2025-Web.pdf,52,1,11,"Total Capacity | 1,129,385",Total Capacity,,"1,129,385",,,,,,,,,,,,,,,,,
3112,Statistics-Report-June-2025-Web.pdf,55,1,1,Pipeline | Pipeline Diameter (Inches) | Pipeline length (Kilometers) | Flow rate (m3/ hour),Pipeline,Pipeline Diameter (Inches),Pipeline length (Kilometers),Flow rate (m3/ hour),,,,,,,,,,,,,,,,
3113,Statistics-Report-June-2025-Web.pdf,55,1,2,Nairobi – Sinendent – Eldoret pipeline (Line 2) | 8/6 | 325 | 220,Nairobi – Sinendent – Eldoret pipeline (Line 2),8/6,325,220,,,,,,,,,,,,,,,,
3114,Statistics-Report-June-2025-Web.pdf,55,1,3,Sinendet – Kisumu pipeline (Line 3) | 6 | 121 | 140,Sinendet – Kisumu pipeline (Line 3),6,121,140,,,,,,,,,,,,,,,,
3115,Statistics-Report-June-2025-Web.pdf,55,1,4,Nairobi – Eldoret pipeline (Line 4) | 14 | 325 | 510,Nairobi – Eldoret pipeline (Line 4),14,325,510,,,,,,,,,,,,,,,,
3116,Statistics-Report-June-2025-Web.pdf,55,1,5,"Mombasa – Nairobi pipeline (Line 5) | 20 | 450 | 1,300",Mombasa – Nairobi pipeline (Line 5),20,450,"1,300",,,,,,,,,,,,,,,,
3117,Statistics-Report-June-2025-Web.pdf,55,1,6,Sinendet – Kisumu pipeline (Line 6) | 10 | 121 | 280,Sinendet – Kisumu pipeline (Line 6),10,121,280,,,,,,,,,,,,,,,,
3118,Statistics-Report-June-2025-Web.pdf,55,2,1,"81,1",,,,,,,,,,,,,"81,1",,,,,,,
3119,Statistics-Report-June-2025-Web.pdf,55,2,2,"0,9 | 3,5","0,9",,,,,,,,,,,,,,,,,,,
3120,Statistics-Report-June-2025-Web.pdf,55,2,4,"32 | 0,8 | 81 31 | 3,0 | 3 49 | 31,3 | 13 32 | 2,4 | 58 30 | 5,3 | 34 | 32 | 3,7 | 33 18 | 3,1 | 80 33 | 0,0 | 94 | 34 | 3,8",,32,"0,8",81 31,"3,0",3 49,"31,3",13 32,"2,4",58 30,"5,3",34,,32,"3,7",33 18,"3,1",80 33,"0,0",94
3121,Statistics-Report-June-2025-Web.pdf,55,2,7,"5,4 | 41 93 | 3,9 | 94 39 | 5,5 | 49 40 | 7,9 | 27 37 | 40 43 | 8,3 | 34 41 | 1,9 | 29 38 | 39 36 | 8,9 | 80 39 | 7,9 | 02 40 | 2,9 | 58 36","5,4",41 93,"3,9",94 39,"5,5",49 40,"7,9",27 37,,40 43,"8,3",34 41,"1,9",29 38,,39 36,"8,9",80 39,"7,9",02 40
3122,Statistics-Report-June-2025-Web.pdf,55,2,8,"7,0 | 0,3 | 8,8",,,,,,,,,"7,0",,,,,,"0,3",,,,,
3123,Statistics-Report-June-2025-Web.pdf,56,1,1,No. | Facility | Capacity (metric tons) | Location,No.,Facility,Capacity (metric tons),Location,,,,,,,,,,,,,,,,
3124,Statistics-Report-June-2025-Web.pdf,56,1,2,"1. | Kenya Petroleum Refineries Limited | 1,195 | Changamwe",1.,Kenya Petroleum Refineries Limited,"1,195",Changamwe,,,,,,,,,,,,,,,,
3125,Statistics-Report-June-2025-Web.pdf,56,1,3,2. | Vivo Energy Kenya Limited | 50 | Shimanzi,2.,Vivo Energy Kenya Limited,50,Shimanzi,,,,,,,,,,,,,,,,
3126,Statistics-Report-June-2025-Web.pdf,56,1,4,3. | Hashi Energy Limited | 400 | Changamwe,3.,Hashi Energy Limited,400,Changamwe,,,,,,,,,,,,,,,,
3127,Statistics-Report-June-2025-Web.pdf,56,1,5,4. | Total Energies Marketing Kenya PLC | 240 | Changamwe,4.,Total Energies Marketing Kenya PLC,240,Changamwe,,,,,,,,,,,,,,,,
3128,Statistics-Report-June-2025-Web.pdf,56,1,6,5. | OLA Energy Kenya Limited | 450 | Shimanzi,5.,OLA Energy Kenya Limited,450,Shimanzi,,,,,,,,,,,,,,,,
3129,Statistics-Report-June-2025-Web.pdf,56,1,7,"Total Capacity | 2,335",Total Capacity,,"2,335",,,,,,,,,,,,,,,,,
3130,Statistics-Report-June-2025-Web.pdf,57,1,1,No. | Region | No. of Facilities | Combined Capacity (metric tons),No.,Region,No. of Facilities,Combined Capacity (metric tons),,,,,,,,,,,,,,,,
3131,Statistics-Report-June-2025-Web.pdf,57,1,2,"1. | Nairobi | 45 | 3,215",1.,Nairobi,45,"3,215",,,,,,,,,,,,,,,,
3132,Statistics-Report-June-2025-Web.pdf,57,1,3,2. | Rift Valley | 26 | 1063,2.,Rift Valley,26,1063,,,,,,,,,,,,,,,,
3133,Statistics-Report-June-2025-Web.pdf,57,1,4,3. | Central | 25 | 964,3.,Central,25,964,,,,,,,,,,,,,,,,
3134,Statistics-Report-June-2025-Web.pdf,57,1,5,4. | Eastern | 19 | 592,4.,Eastern,19,592,,,,,,,,,,,,,,,,
3135,Statistics-Report-June-2025-Web.pdf,57,1,6,5. | Coast | 7 | 460,5.,Coast,7,460,,,,,,,,,,,,,,,,
3136,Statistics-Report-June-2025-Web.pdf,57,1,7,6. | Nyanza | 8 | 412,6.,Nyanza,8,412,,,,,,,,,,,,,,,,
3137,Statistics-Report-June-2025-Web.pdf,57,1,8,7. | Western | 5 | 104,7.,Western,5,104,,,,,,,,,,,,,,,,
3138,Statistics-Report-June-2025-Web.pdf,57,1,9,8. | North Eastern | 4 | 85,8.,North Eastern,4,85,,,,,,,,,,,,,,,,
3139,Statistics-Report-June-2025-Web.pdf,57,1,10,"Total | 139 | 6,895",Total,,139,"6,895",,,,,,,,,,,,,,,,
3140,Statistics-Report-June-2025-Web.pdf,57,2,1,")sennot cirtem(noitpmusnoC GPL | LLPPGG PPeerr CCaappiittaa CCoonnssuummppttiioonn 450,000 9.0 7.9 400,000 7.5 8.0 7.0 6.6 6.6 350,000 7.0 300,000 6.0 250,000 5.0 200,000 414,861 4.0 373,865 360,594 320,909 333,830 150,000 3.0 100,000 2.0 50,000 1.0 0 0.0 2020 2021 2022 2023 2024 Consumption (Mt) Per Capita Consumption (kgs)",)sennot cirtem(noitpmusnoC GPL,"LLPPGG PPeerr CCaappiittaa CCoonnssuummppttiioonn 450,000 9.0 7.9 400,000 7.5 8.0 7.0 6.6 6.6 350,000 7.0 300,000 6.0 250,000 5.0 200,000 414,861 4.0 373,865 360,594 320,909 333,830 150,000 3.0 100,000 2.0 50,000 1.0 0 0.0 2020 2021 2022 2023 2024 Consumption (Mt) Per Capita Consumption (kgs)",,,,,,,,,,,,,,,,,,
3141,Statistics-Report-June-2025-Web.pdf,57,2,2,"LLPPGG PPeerr CCaappiittaa CCoonnssuummppttiioonn 450,000 9.0 7.9 400,000 7.5 8.0 7.0 6.6 6.6 350,000 7.0 300,000 6.0 250,000 5.0 200,000 414,861 4.0 373,865 360,594 320,909 333,830 150,000 3.0 100,000 2.0 50,000 1.0 0 0.0 2020 2021 2022 2023 2024 Consumption (Mt) Per Capita Consumption (kgs)",,,"LLPPGG PPeerr CCaappiittaa CCoonnssuummppttiioonn 450,000 9.0 7.9 400,000 7.5 8.0 7.0 6.6 6.6 350,000 7.0 300,000 6.0 250,000 5.0 200,000 414,861 4.0 373,865 360,594 320,909 333,830 150,000 3.0 100,000 2.0 50,000 1.0 0 0.0 2020 2021 2022 2023 2024 Consumption (Mt) Per Capita Consumption (kgs)",,,,,,,,,,,,,,,,,
3142,Statistics-Report-June-2025-Web.pdf,57,3,9,"414,861",,,,,,,,,"414,861",,,,,,,,,,,
3143,Statistics-Report-June-2025-Web.pdf,57,3,10,"20,90 | 9 | 373,865 | 333,830 | 3 | 60,59 | 4","20,90",9,"373,865",,"333,830",3,"60,59",4,,,,,,,,,,,,
3144,Statistics-Report-June-2025-Web.pdf,58,1,1,"38,267. | 94 | 36,439.7 | 4 | 37,485.55 | 38,095. | 43 | 39,189.07 | 40,478.32 | 39,523.84",,"38,267.",94,"36,439.7",4,"37,485.55","38,095.",43,,"39,189.07","40,478.32","39,523.84",,,,,,,,
3145,Statistics-Report-June-2025-Web.pdf,58,1,2,"37,345.95 | 33,828.86 | 36,048.02 | 34,148.42","37,345.95",,"33,828.86",,"36,048.02",,,"34,148.42",,,,,,,,,,,,
3146,Statistics-Report-June-2025-Web.pdf,58,1,3,"33,082 | .32",,,,,,,,,"33,082",.32,,,,,,,,,,
3147,Statistics-Report-June-2025-Web.pdf,59,1,1,OMC | Local sales volume for imported products (m3) | % Share,OMC,Local sales volume for imported products (m3),% Share,,,,,,,,,,,,,,,,,
3148,Statistics-Report-June-2025-Web.pdf,59,1,2,"Vivo Energy Kenya Limited | 1,214,553.77 | 20.80%",Vivo Energy Kenya Limited,"1,214,553.77",20.80%,,,,,,,,,,,,,,,,,
3149,Statistics-Report-June-2025-Web.pdf,59,1,3,"Rubis Energy Kenya Plc. | 900,478.87 | 15.43%",Rubis Energy Kenya Plc.,"900,478.87",15.43%,,,,,,,,,,,,,,,,,
3150,Statistics-Report-June-2025-Web.pdf,59,1,4,"TotalEnergies Marketing Kenya Plc. | 866,102.80 | 14.84%",TotalEnergies Marketing Kenya Plc.,"866,102.80",14.84%,,,,,,,,,,,,,,,,,
3151,Statistics-Report-June-2025-Web.pdf,59,1,5,"Ola Energy Kenya Limited | 250,715.00 | 4.30%",Ola Energy Kenya Limited,"250,715.00",4.30%,,,,,,,,,,,,,,,,,
3152,Statistics-Report-June-2025-Web.pdf,59,1,6,"Be Energy Limited | 205,369.84 | 3.52%",Be Energy Limited,"205,369.84",3.52%,,,,,,,,,,,,,,,,,
3153,Statistics-Report-June-2025-Web.pdf,59,1,7,"Galana Energies Limited | 187,095.01 | 3.21%",Galana Energies Limited,"187,095.01",3.21%,,,,,,,,,,,,,,,,,
3154,Statistics-Report-June-2025-Web.pdf,59,1,8,"Hass Petroleum Kenya Limited | 183,966.22 | 3.15%",Hass Petroleum Kenya Limited,"183,966.22",3.15%,,,,,,,,,,,,,,,,,
3155,Statistics-Report-June-2025-Web.pdf,59,1,9,"Stabex International Limited | 153,862.94 | 2.64%",Stabex International Limited,"153,862.94",2.64%,,,,,,,,,,,,,,,,,
3156,Statistics-Report-June-2025-Web.pdf,59,1,10,"Lake Oil Limited | 112,301.62 | 1.92%",Lake Oil Limited,"112,301.62",1.92%,,,,,,,,,,,,,,,,,
3157,Statistics-Report-June-2025-Web.pdf,59,1,11,"Dalbit Petroleum Limited | 104,457.89 | 1.79%",Dalbit Petroleum Limited,"104,457.89",1.79%,,,,,,,,,,,,,,,,,
3158,Statistics-Report-June-2025-Web.pdf,59,1,12,"Petro Oil Kenya Limited | 101,986.00 | 1.75%",Petro Oil Kenya Limited,"101,986.00",1.75%,,,,,,,,,,,,,,,,,
3159,Statistics-Report-June-2025-Web.pdf,59,1,13,"Tosha Petroleum (Kenya) Limited | 96,541.99 | 1.66%",Tosha Petroleum (Kenya) Limited,"96,541.99",1.66%,,,,,,,,,,,,,,,,,
3160,Statistics-Report-June-2025-Web.pdf,59,1,14,"Zacosia Trading Limited | 92,260.47 | 1.58%",Zacosia Trading Limited,"92,260.47",1.58%,,,,,,,,,,,,,,,,,
3161,Statistics-Report-June-2025-Web.pdf,59,1,15,"Aftah Petroleum(K) Limited | 90,584.00 | 1.55%",Aftah Petroleum(K) Limited,"90,584.00",1.55%,,,,,,,,,,,,,,,,,
3162,Statistics-Report-June-2025-Web.pdf,59,1,16,"Towba Petroleum Company Limited | 86,557.43 | 1.48%",Towba Petroleum Company Limited,"86,557.43",1.48%,,,,,,,,,,,,,,,,,
3163,Statistics-Report-June-2025-Web.pdf,59,1,17,"Astrol Petroleum Company Limited | 78,174.55 | 1.34%",Astrol Petroleum Company Limited,"78,174.55",1.34%,,,,,,,,,,,,,,,,,
3164,Statistics-Report-June-2025-Web.pdf,59,1,18,"Gapco Kenya Limited | 67,134.00 | 1.15%",Gapco Kenya Limited,"67,134.00",1.15%,,,,,,,,,,,,,,,,,
3165,Statistics-Report-June-2025-Web.pdf,59,1,19,"Vitalac International Limited | 65,974.81 | 1.13%",Vitalac International Limited,"65,974.81",1.13%,,,,,,,,,,,,,,,,,
3166,Statistics-Report-June-2025-Web.pdf,59,1,20,"Oryx Energies Kenya Limited | 65,665.29 | 1.13%",Oryx Energies Kenya Limited,"65,665.29",1.13%,,,,,,,,,,,,,,,,,
3167,Statistics-Report-June-2025-Web.pdf,59,1,21,"Others | 915,682.26 | 15.85%",Others,"915,682.26",15.85%,,,,,,,,,,,,,,,,,
3168,Statistics-Report-June-2025-Web.pdf,59,1,22,"Total | 5,839,464.78 | 100%",Total,"5,839,464.78",100%,,,,,,,,,,,,,,,,,
3169,Statistics-Report-June-2025-Web.pdf,62,1,1,")eotK( noitpmusnoC ygrenE | FFiinnaall EEnneerrggyy CCoonnssuummppttiioonn 40,000.00 35,000.00 30,000.00 25,000.00 20,000.00 15,000.00 10,000.00 5,000.00 0.00 2020 2021 2022 2023 2024",)eotK( noitpmusnoC ygrenE,"FFiinnaall EEnneerrggyy CCoonnssuummppttiioonn 40,000.00 35,000.00 30,000.00 25,000.00 20,000.00 15,000.00 10,000.00 5,000.00 0.00 2020 2021 2022 2023 2024",,,,,,,,,,,,,,,,,,
3170,Statistics-Report-June-2025-Web.pdf,63,1,1,Type of license | No. of licenses issued,Type of license,No. of licenses issued,,,,,,,,,,,,,,,,,,
3171,Statistics-Report-June-2025-Web.pdf,63,1,2,Bunkering of Petroleum Products (Except LPG) | 11,Bunkering of Petroleum Products (Except LPG),11,,,,,,,,,,,,,,,,,,
3172,Statistics-Report-June-2025-Web.pdf,63,1,3,"Driver Certification | 10,386",Driver Certification,"10,386",,,,,,,,,,,,,,,,,,
3173,Statistics-Report-June-2025-Web.pdf,63,1,4,Export & wholesale of Jet-A1 | 49,Export & wholesale of Jet-A1,49,,,,,,,,,,,,,,,,,,
3174,Statistics-Report-June-2025-Web.pdf,63,1,5,Export and Wholesale of Crude Oil | 0,Export and Wholesale of Crude Oil,0,,,,,,,,,,,,,,,,,,
3175,Statistics-Report-June-2025-Web.pdf,63,1,6,Export and wholesale of LPG in bulk | 55,Export and wholesale of LPG in bulk,55,,,,,,,,,,,,,,,,,,
3176,Statistics-Report-June-2025-Web.pdf,63,1,7,"Export and Wholesale of Petroleum Products (Except LPG) | 1,240",Export and Wholesale of Petroleum Products (Except LPG),"1,240",,,,,,,,,,,,,,,,,,
3177,Statistics-Report-June-2025-Web.pdf,63,1,8,Imports of Lubricants | 6,Imports of Lubricants,6,,,,,,,,,,,,,,,,,,
3178,Statistics-Report-June-2025-Web.pdf,63,1,9,"Import, Export and Wholesale of Bitumen | 23","Import, Export and Wholesale of Bitumen",23,,,,,,,,,,,,,,,,,,
3179,Statistics-Report-June-2025-Web.pdf,63,1,10,"Import, Export and Wholesale of Fuel Oil | 13","Import, Export and Wholesale of Fuel Oil",13,,,,,,,,,,,,,,,,,,
3180,Statistics-Report-June-2025-Web.pdf,63,1,11,"Import, Export and Wholesale of LPG in bulk | 63","Import, Export and Wholesale of LPG in bulk",63,,,,,,,,,,,,,,,,,,
3181,Statistics-Report-June-2025-Web.pdf,63,1,12,"Import, Export and Wholesale of Petroleum Products (Except LPG) | 155","Import, Export and Wholesale of Petroleum Products (Except LPG)",155,,,,,,,,,,,,,,,,,,
3182,Statistics-Report-June-2025-Web.pdf,63,1,13,Retail of LPG at Autogas Dispensing Station | 16,Retail of LPG at Autogas Dispensing Station,16,,,,,,,,,,,,,,,,,,
3183,Statistics-Report-June-2025-Web.pdf,63,1,14,"Retail of LPG in Cylinders | 1,001",Retail of LPG in Cylinders,"1,001",,,,,,,,,,,,,,,,,,
3184,Statistics-Report-June-2025-Web.pdf,63,1,15,Retail of LPG in Cylinders Via Smart Meters | 1,Retail of LPG in Cylinders Via Smart Meters,1,,,,,,,,,,,,,,,,,,
3185,Statistics-Report-June-2025-Web.pdf,63,1,16,Retail of Petroleum Products (except LPG) | 613,Retail of Petroleum Products (except LPG),613,,,,,,,,,,,,,,,,,,
3186,Statistics-Report-June-2025-Web.pdf,63,1,17,Reticulation of LPG | 0,Reticulation of LPG,0,,,,,,,,,,,,,,,,,,
3187,Statistics-Report-June-2025-Web.pdf,63,1,18,Storage & Filling of LPG in Bulk | 6,Storage & Filling of LPG in Bulk,6,,,,,,,,,,,,,,,,,,
3188,Statistics-Report-June-2025-Web.pdf,63,1,19,Storage & Filling of LPG in Cylinders | 115,Storage & Filling of LPG in Cylinders,115,,,,,,,,,,,,,,,,,,
3189,Statistics-Report-June-2025-Web.pdf,63,1,20,Storage & Wholesale of LPG in cylinders | 201,Storage & Wholesale of LPG in cylinders,201,,,,,,,,,,,,,,,,,,
3190,Statistics-Report-June-2025-Web.pdf,63,1,21,Storage of Crude Oil | 1,Storage of Crude Oil,1,,,,,,,,,,,,,,,,,,
3191,Statistics-Report-June-2025-Web.pdf,63,1,22,Storage of LPG in Bulk | 4,Storage of LPG in Bulk,4,,,,,,,,,,,,,,,,,,
3192,Statistics-Report-June-2025-Web.pdf,63,1,23,Storage of petroleum products (Except LPG) | 37,Storage of petroleum products (Except LPG),37,,,,,,,,,,,,,,,,,,
3193,Statistics-Report-June-2025-Web.pdf,63,1,24,Transport by Railway of Petroleum Products (Except LPG) | 2,Transport by Railway of Petroleum Products (Except LPG),2,,,,,,,,,,,,,,,,,,
3194,Statistics-Report-June-2025-Web.pdf,63,1,25,Transport of Jet-A1 | 181,Transport of Jet-A1,181,,,,,,,,,,,,,,,,,,
3195,Statistics-Report-June-2025-Web.pdf,63,1,26,Transport of LPG in bulk by Road | 248,Transport of LPG in bulk by Road,248,,,,,,,,,,,,,,,,,,
3196,Statistics-Report-June-2025-Web.pdf,63,1,27,Transport of LPG in Cylinders | 338,Transport of LPG in Cylinders,338,,,,,,,,,,,,,,,,,,
3197,Statistics-Report-June-2025-Web.pdf,63,1,28,"Transport of petroleum products (Except LPG) by Road | 2,108",Transport of petroleum products (Except LPG) by Road,"2,108",,,,,,,,,,,,,,,,,,
3198,Statistics-Report-June-2025-Web.pdf,63,1,29,"Total | 16,873",Total,"16,873",,,,,,,,,,,,,,,,,,
3199,Statistics-Report-June-2025-Web.pdf,64,1,1,Permit Category | Permits issued,Permit Category,Permits issued,,,,,,,,,,,,,,,,,,
3200,Statistics-Report-June-2025-Web.pdf,64,1,2,Petroleum Retail Dispensing Station | 76,Petroleum Retail Dispensing Station,76,,,,,,,,,,,,,,,,,,
3201,Statistics-Report-June-2025-Web.pdf,64,1,3,Autogas Dispensing Station | 18,Autogas Dispensing Station,18,,,,,,,,,,,,,,,,,,
3202,Statistics-Report-June-2025-Web.pdf,64,1,4,Liquefied Petroleum Gas (LPG) Storage and Filling Facility | 9,Liquefied Petroleum Gas (LPG) Storage and Filling Facility,9,,,,,,,,,,,,,,,,,,
3203,Statistics-Report-June-2025-Web.pdf,64,1,5,Fuel Consumer Site | 2,Fuel Consumer Site,2,,,,,,,,,,,,,,,,,,
3204,Statistics-Report-June-2025-Web.pdf,64,1,6,Liquified Petroleum Gas (LPG) Consumer Site | 1,Liquified Petroleum Gas (LPG) Consumer Site,1,,,,,,,,,,,,,,,,,,
3205,Statistics-Report-June-2025-Web.pdf,64,1,7,LPG consumer site for Public Institutions | 2,LPG consumer site for Public Institutions,2,,,,,,,,,,,,,,,,,,
3206,Statistics-Report-June-2025-Web.pdf,64,1,8,LPG Reticulation System Construction Permit | 1,LPG Reticulation System Construction Permit,1,,,,,,,,,,,,,,,,,,
3207,Statistics-Report-June-2025-Web.pdf,64,1,9,Fuel storage Depot | 2,Fuel storage Depot,2,,,,,,,,,,,,,,,,,,
3208,Statistics-Report-June-2025-Web.pdf,64,1,10,Total | 111,Total,111,,,,,,,,,,,,,,,,,,
3209,Statistics-Report-June-2025-Web.pdf,64,2,1,SN | Name of Licensee | License type | Installed Capacity in MW,SN,Name of Licensee,License type,Installed Capacity in MW,,,,,,,,,,,,,,,,
3210,Statistics-Report-June-2025-Web.pdf,64,2,2,1. | Texplast Industries Limited | Generation | 3.00,1.,Texplast Industries Limited,Generation,3.00,,,,,,,,,,,,,,,,
3211,Statistics-Report-June-2025-Web.pdf,64,2,3,2. | Renewvia Energy Kenya Limited | Distribution and Supply | 2.40,2.,Renewvia Energy Kenya Limited,Distribution and Supply,2.40,,,,,,,,,,,,,,,,
3212,Statistics-Report-June-2025-Web.pdf,64,2,4,3. | Cold Solutions Kiambu Sez Limited | Generation | 1.40,3.,Cold Solutions Kiambu Sez Limited,Generation,1.40,,,,,,,,,,,,,,,,
3213,Statistics-Report-June-2025-Web.pdf,64,2,5,4. | Hydrobox Kenya Ltd | Distribution and Supply | 0.61,4.,Hydrobox Kenya Ltd,Distribution and Supply,0.61,,,,,,,,,,,,,,,,
3214,Statistics-Report-June-2025-Web.pdf,64,2,6,5. | Ecoligo Ltd | Generation | 0.24,5.,Ecoligo Ltd,Generation,0.24,,,,,,,,,,,,,,,,
3215,Statistics-Report-June-2025-Web.pdf,64,2,7,6. | Hydrobox Kenya Ltd | Generation | 0.61,6.,Hydrobox Kenya Ltd,Generation,0.61,,,,,,,,,,,,,,,,
3216,Statistics-Report-June-2025-Web.pdf,64,2,8,7. | Renewvia Energy Kenya Limited | Generation | 2.40,7.,Renewvia Energy Kenya Limited,Generation,2.40,,,,,,,,,,,,,,,,
3217,Statistics-Report-June-2025-Web.pdf,64,2,9,8. | Gusii Tea Solar Company Limited | Generation | 0.36,8.,Gusii Tea Solar Company Limited,Generation,0.36,,,,,,,,,,,,,,,,
3218,Statistics-Report-June-2025-Web.pdf,64,2,10,9. | Softcare Kenya Company Limited | Generation | 3.00,9.,Softcare Kenya Company Limited,Generation,3.00,,,,,,,,,,,,,,,,
3219,Statistics-Report-June-2025-Web.pdf,64,2,11,10. | Be Africa C&I Limited | Generation | 0.80,10.,Be Africa C&I Limited,Generation,0.80,,,,,,,,,,,,,,,,
3220,Statistics-Report-June-2025-Web.pdf,64,2,12,11. | Be Africa C&I Limited | Retail Supply | 0.80,11.,Be Africa C&I Limited,Retail Supply,0.80,,,,,,,,,,,,,,,,
3221,Statistics-Report-June-2025-Web.pdf,64,2,13,12. | Compass Energy Solutions Limited | Retail Supply | 0.50,12.,Compass Energy Solutions Limited,Retail Supply,0.50,,,,,,,,,,,,,,,,
3222,Statistics-Report-June-2025-Web.pdf,64,2,14,13. | British American Tobacco Kenya | Generation | 1.40,13.,British American Tobacco Kenya,Generation,1.40,,,,,,,,,,,,,,,,
3223,Statistics-Report-June-2025-Web.pdf,64,2,15,14. | Konza Technopolis Development Authority | Distribution and Supply | 80.00,14.,Konza Technopolis Development Authority,Distribution and Supply,80.00,,,,,,,,,,,,,,,,
3224,Statistics-Report-June-2025-Web.pdf,64,3,1,Licence type | Number of Issued Certificates/Licences,Licence type,Number of Issued Certificates/Licences,,,,,,,,,,,,,,,,,,
3225,Statistics-Report-June-2025-Web.pdf,64,3,2,C2 | C1 | B | A2 | A1 | Total,,C2,C1,B,A2,A1,Total,,,,,,,,,,,,,
3226,Statistics-Report-June-2025-Web.pdf,64,3,3,Electrical Worker | 246 | 203 | 64 | 9 | 57 | 579,Electrical Worker,246,203,64,9,57,579,,,,,,,,,,,,,
3227,Statistics-Report-June-2025-Web.pdf,64,3,4,Electrical Contractor | 199 | 163 | 88 | 5 | 77 | 532,Electrical Contractor,199,163,88,5,77,532,,,,,,,,,,,,,
3228,Statistics-Report-June-2025-Web.pdf,65,1,1,Category | Class | Number of licences issued,Category,Class,Number of licences issued,,,,,,,,,,,,,,,,,
3229,Statistics-Report-June-2025-Web.pdf,65,1,2,Solar PV Contractor/ Vendor/ Manufacturer | C1 | 165,Solar PV Contractor/ Vendor/ Manufacturer,C1,165,,,,,,,,,,,,,,,,,
3230,Statistics-Report-June-2025-Web.pdf,65,1,3,V1 | 143,,V1,143,,,,,,,,,,,,,,,,,
3231,Statistics-Report-June-2025-Web.pdf,65,1,4,V2 | 149,,V2,149,,,,,,,,,,,,,,,,,
3232,Statistics-Report-June-2025-Web.pdf,65,1,5,Solar PV Technicians | T3 | 157,Solar PV Technicians,T3,157,,,,,,,,,,,,,,,,,
3233,Statistics-Report-June-2025-Web.pdf,65,1,6,T2 | 26,,T2,26,,,,,,,,,,,,,,,,,
3234,Statistics-Report-June-2025-Web.pdf,65,1,7,Energy Audit Firm | EAF1 | 4,Energy Audit Firm,EAF1,4,,,,,,,,,,,,,,,,,
3235,Statistics-Report-June-2025-Web.pdf,65,1,8,Energy Auditor | EA1 | 4,Energy Auditor,EA1,4,,,,,,,,,,,,,,,,,
3236,Statistics-Report-June-2025-Web.pdf,65,2,1,"Month | Export Marking Volume (Litres) | Kerosene Marking Volume, (Litres)",Month,Export Marking Volume (Litres),"Kerosene Marking Volume, (Litres)",,,,,,,,,,,,,,,,,
3237,Statistics-Report-June-2025-Web.pdf,65,2,2,"July 2024 | 353,484,951 | 3,818,558",July 2024,"353,484,951","3,818,558",,,,,,,,,,,,,,,,,
3238,Statistics-Report-June-2025-Web.pdf,65,2,3,"August 2024 | 320,776,417 | 3,800,607",August 2024,"320,776,417","3,800,607",,,,,,,,,,,,,,,,,
3239,Statistics-Report-June-2025-Web.pdf,65,2,4,"September 2024 | 322,140,761 | 3,601,641",September 2024,"322,140,761","3,601,641",,,,,,,,,,,,,,,,,
3240,Statistics-Report-June-2025-Web.pdf,65,2,5,"October 2024 | 303,099,035 | 3,308,092",October 2024,"303,099,035","3,308,092",,,,,,,,,,,,,,,,,
3241,Statistics-Report-June-2025-Web.pdf,65,2,6,"November 2024 | 323,201,986 | 3,949,401",November 2024,"323,201,986","3,949,401",,,,,,,,,,,,,,,,,
3242,Statistics-Report-June-2025-Web.pdf,65,2,7,"December 2024 | 383,905,191 | 5,108,864",December 2024,"383,905,191","5,108,864",,,,,,,,,,,,,,,,,
3243,Statistics-Report-June-2025-Web.pdf,65,2,8,"January 2025 | 295,079,260 | 2,983,874",January 2025,"295,079,260","2,983,874",,,,,,,,,,,,,,,,,
3244,Statistics-Report-June-2025-Web.pdf,65,2,9,"February 2025 | 329,292,302 | 4,432,220",February 2025,"329,292,302","4,432,220",,,,,,,,,,,,,,,,,
3245,Statistics-Report-June-2025-Web.pdf,65,2,10,"March 2025 | 342,005,614 | 4,794,563",March 2025,"342,005,614","4,794,563",,,,,,,,,,,,,,,,,
3246,Statistics-Report-June-2025-Web.pdf,65,2,11,"April 2025 | 336,379,008 | 4,496,798",April 2025,"336,379,008","4,496,798",,,,,,,,,,,,,,,,,
3247,Statistics-Report-June-2025-Web.pdf,65,2,12,"May 2025 | 318,739,663 | 3,952,977",May 2025,"318,739,663","3,952,977",,,,,,,,,,,,,,,,,
3248,Statistics-Report-June-2025-Web.pdf,65,2,13,"June 2025 | 387,019,375 | 4,401,692",June 2025,"387,019,375","4,401,692",,,,,,,,,,,,,,,,,
3249,Statistics-Report-June-2025-Web.pdf,65,2,14,"Total | 4,015,123,563 | 48,649,287",Total,"4,015,123,563","48,649,287",,,,,,,,,,,,,,,,,
